{"type":"FeatureCollection","features":[{"type":"Feature","id":"S01-69c7ed611c-37324","properties":{"record_id":"S01-69c7ed611c-37324","source_id":"S01","source_row":37324,"source_hash":"69c7ed611ced1723e08414ff41cd56e9df41f78ab19d9a00b6920381c47ea4d7","theme":"coast","status":"DERIVADO","origin":"OFICIAL","name":"Costa de referencia","date":"2023–2025","clipped":true,"simplification_m":1,"OBJECTID":0,"CODIGO":204,"TIPO":"Insular","SUBTIPO":"Playa","CAL_POS":"APROXIMADA"},"geometry":{"type":"LineString","coordinates":[[-89.60726402058029,21.29592102955459],[-89.60603811631402,21.296097195859826],[-89.60582985709458,21.296093032372095],[-89.60518852071303,21.296151235728047],[-89.60489240740792,21.296229685923368],[-89.60466895320825,21.296253044619654],[-89.6045251565017,21.296306436104103],[-89.60427170512294,21.296366895665255],[-89.60284642732935,21.29660751234464],[-89.6020606458718,21.296720824471283],[-89.60174655671273,21.296738693401373],[-89.6014068427163,21.296783399272137],[-89.60113088561829,21.2968477422845],[-89.60087207997253,21.296935167506614],[-89.60075725081981,21.2970089820845],[-89.60069816377373,21.29702225728331],[-89.60063690807496,21.297017281807385],[-89.6005837854707,21.29698845922459],[-89.60038655064305,21.296971642577947],[-89.6002119460663,21.296982763709725],[-89.59997976015103,21.29703258655852],[-89.59966191324303,21.297156976426823],[-89.59888641494537,21.297301642773196],[-89.59874371624731,21.29735001403581],[-89.59862477792213,21.297348104767494],[-89.5985682309461,21.29738273137833],[-89.59844334377881,21.297371898936312],[-89.59790207753971,21.29751809480078],[-89.59769591071287,21.2974975733711],[-89.59758824962599,21.297515622270566],[-89.59740530430761,21.29760389685414],[-89.59723279336444,21.297630666185807],[-89.59699484660246,21.297630665952987],[-89.5967925688484,21.297753289609584],[-89.59667955071339,21.297765796514128],[-89.59650093951961,21.297736824689093],[-89.59627107455218,21.297761525982853],[-89.59588423493616,21.297777289223692],[-89.59565005448525,21.297823304575047]]}},{"type":"Feature","id":"S01-69c7ed611c-37325","properties":{"record_id":"S01-69c7ed611c-37325","source_id":"S01","source_row":37325,"source_hash":"69c7ed611ced1723e08414ff41cd56e9df41f78ab19d9a00b6920381c47ea4d7","theme":"coast","status":"DERIVADO","origin":"OFICIAL","name":"Costa de referencia","date":"2023–2025","clipped":false,"simplification_m":1,"OBJECTID":0,"CODIGO":204,"TIPO":"Insular","SUBTIPO":"Playa","CAL_POS":"APROXIMADA"},"geometry":{"type":"LineString","coordinates":[[-89.6645482613555,21.288686590767433],[-89.66384122215365,21.288721797376773],[-89.663391343357,21.28878231492264],[-89.66288100221581,21.288829269357386],[-89.66238980407442,21.28883583828917],[-89.66152656131835,21.28891210060057],[-89.66089738028923,21.288893829823184],[-89.66046574780536,21.288915726194357],[-89.65783211717859,21.288964879587496],[-89.65692600221129,21.288997043921203],[-89.6563148608885,21.28899448602077],[-89.65546021381869,21.289045891792007],[-89.65463347884483,21.289077224773912],[-89.65425677277297,21.289118564894796],[-89.65357535516901,21.28915382114295],[-89.65310252310522,21.289157749095075],[-89.65266978854626,21.289179980801695],[-89.65179277377291,21.289175309035375],[-89.65166851296861,21.28919839203664],[-89.65160585461045,21.289250557000322],[-89.65152972341109,21.28927452126291],[-89.65029759490751,21.28921701600292],[-89.64983664459533,21.289217276490668],[-89.64922535135952,21.289307990329704],[-89.6488359490052,21.289418060921758],[-89.64836173863472,21.289436924684342],[-89.64819671374737,21.28948381737297],[-89.64754790688525,21.289548795760062],[-89.6470792504884,21.289577141991938],[-89.64680559446234,21.289582106571622],[-89.6466538358241,21.28955476441282],[-89.64644662526138,21.289571130454355],[-89.6461939238857,21.289592851660828],[-89.64549813110969,21.28971426572033],[-89.64490020781132,21.2897502163037],[-89.64471197953388,21.289734981449882],[-89.6439351648752,21.28982874476454],[-89.64342854147597,21.289920276753488],[-89.64325323318567,21.289939220946344],[-89.64282522211502,21.289979881490915],[-89.64263908056476,21.289976862028443],[-89.64245447657177,21.28999204078696],[-89.64178961582166,21.290072630152398],[-89.64142578553677,21.290062359964697],[-89.64122534429717,21.290076283308338],[-89.64099914846729,21.290124240978816],[-89.64060886824832,21.29017397428998],[-89.64046904548967,21.290156628425343],[-89.64032327645387,21.29016892491955],[-89.64025852575809,21.290208866304084],[-89.63998045813749,21.29026165865531],[-89.63966525442684,21.290279801282214],[-89.63924499469466,21.290394894922652],[-89.63897011632845,21.290447943754764],[-89.63830605822511,21.290538759784777],[-89.63815461661315,21.29057770503132],[-89.63798887772056,21.29059741918457],[-89.63747484143063,21.290594950433498],[-89.63712682082826,21.29056977728327],[-89.63698049873408,21.290588049939686],[-89.63630031735322,21.290704198191353],[-89.6361698811747,21.29076940548669],[-89.63601178186347,21.29081082240186],[-89.6356509206043,21.290890036377863],[-89.63546697425312,21.29091587378686],[-89.6351993884918,21.291046250502184],[-89.63470468837048,21.291147758265783],[-89.63456545472945,21.291193713090887],[-89.63445591925651,21.29126617258889],[-89.63434941598173,21.291305742443097],[-89.63411849010882,21.29133523309798],[-89.63389780597721,21.291323379920616],[-89.63339948063592,21.291394465875968],[-89.63298670520868,21.291409222684713],[-89.6324680771607,21.291518151722382],[-89.6322468692234,21.291528693351623],[-89.63194361424168,21.291601846873764],[-89.63153792586496,21.291644284305047],[-89.63130337596077,21.291643353956715],[-89.63048675920638,21.291785034249088],[-89.63009386740544,21.291897789333472],[-89.6295652780893,21.292192334756514],[-89.62925998835942,21.29219169379912],[-89.62888442609851,21.292290787348477],[-89.62874644809874,21.29235792604101],[-89.62855159675186,21.29241443038582],[-89.62840747856667,21.29240877546788],[-89.62797654103727,21.292446145397598],[-89.62749522912081,21.29243725882218],[-89.62724350198525,21.292483127611657],[-89.62708579488421,21.292485406211206],[-89.62665323491004,21.292609998869104],[-89.62627672148624,21.29275419464811],[-89.62606425794883,21.2928821616729],[-89.62596953229851,21.29284376327696],[-89.62579973670356,21.292802888191467],[-89.62550687628041,21.292787533125043],[-89.6250688153216,21.292921363924087],[-89.6249474933887,21.29301696096476],[-89.62454109315809,21.293032212303814],[-89.62435593101478,21.293053348639766],[-89.62369629923197,21.293165549283195],[-89.62354166035493,21.29320422148938],[-89.6231141840151,21.293238846613328],[-89.62294123056162,21.293266996194166],[-89.62274582338863,21.293329473459025],[-89.62249755911797,21.293372602526667],[-89.62231491285483,21.293436113966496],[-89.62190645553999,21.293508425510172],[-89.62124635797798,21.293521170765597],[-89.62083928113738,21.29357852929817],[-89.62050309776596,21.29366874826269],[-89.62029434300584,21.293666881128388],[-89.61998171882777,21.293710810951364],[-89.6197897748076,21.29377055340704],[-89.6194292851855,21.293803857428703],[-89.61925676914767,21.293782645712323],[-89.61905040638231,21.293802948020232],[-89.61797307374576,21.2939515523921],[-89.6176268875526,21.294010830424057],[-89.61736975398331,21.29408034343145],[-89.61711814399575,21.294090057049672],[-89.61664087502592,21.294141711762673],[-89.61630122024226,21.294234652343388],[-89.61621010934357,21.29428148310448],[-89.61604089643909,21.29430390441466],[-89.61585128327356,21.294303583244034],[-89.61553920838834,21.294341525553676],[-89.61527014036456,21.294401029803712],[-89.61500524373915,21.29448497052338],[-89.61481535503087,21.294487638728995],[-89.61464905554637,21.29451330700118],[-89.61398817921639,21.294673563164572],[-89.61358431281639,21.294800448733938],[-89.61299620582244,21.294834061704076],[-89.61274848816394,21.294871194738867],[-89.61237707725303,21.294994686741255],[-89.6121150651671,21.2950125853685],[-89.61180494760946,21.29509887622145],[-89.61146197184803,21.295227684898272],[-89.61081477717565,21.295274568812104],[-89.61062878090469,21.29530465848303],[-89.61045305914668,21.295362694308793],[-89.60990464065686,21.29545373908421],[-89.60962087332005,21.295533127240926],[-89.6092842496774,21.295593163241335],[-89.6091678889568,21.295634928523782],[-89.60898799563884,21.29566852465768],[-89.60863763062665,21.295703344385352],[-89.6084076709686,21.2957569744169],[-89.60792124900188,21.29583798346362],[-89.6077428870524,21.295889776913075],[-89.60737666101411,21.29592015479604]]}},{"type":"Feature","id":"S01-69c7ed611c-37326","properties":{"record_id":"S01-69c7ed611c-37326","source_id":"S01","source_row":37326,"source_hash":"69c7ed611ced1723e08414ff41cd56e9df41f78ab19d9a00b6920381c47ea4d7","theme":"coast","status":"DERIVADO","origin":"OFICIAL","name":"Costa de referencia","date":"2023–2025","clipped":false,"simplification_m":1,"OBJECTID":0,"CODIGO":204,"TIPO":"Insular","SUBTIPO":"Playa","CAL_POS":"APROXIMADA"},"geometry":{"type":"LineString","coordinates":[[-89.69951884017588,21.282309151422385],[-89.6986435802872,21.282043851688158],[-89.69818091871772,21.281958371770653],[-89.69772042736301,21.28193330811709],[-89.69656250502976,21.281943601041174],[-89.6965125012757,21.282362481925365],[-89.69639382470314,21.282352916324662],[-89.69642179805297,21.28195035035765],[-89.69623174923309,21.28189163908454],[-89.69585427366236,21.281886514672898],[-89.6955715172741,21.28189986905011],[-89.6952997094782,21.281877958834325],[-89.69453368590437,21.281946333966278],[-89.69409396916627,21.281947031261854],[-89.69295866003289,21.28204707681619],[-89.6925359850703,21.282114207369457],[-89.69209680282844,21.282151088783706],[-89.69151004668115,21.282241133173287],[-89.69005772487725,21.282391501535628],[-89.68912366056122,21.282525820813987],[-89.68808194739894,21.282698442429012],[-89.68754956557935,21.282742252361093],[-89.68711606005388,21.282801265941817],[-89.68586609378437,21.28293177114978],[-89.68554974239852,21.282974928201103],[-89.6853290969425,21.283025806645313],[-89.6846714457334,21.283131793457],[-89.683216343559,21.283354166994197],[-89.68221376175316,21.283562439410314],[-89.68163049074481,21.283656343133227],[-89.68087238283954,21.283848188797126],[-89.67985191681149,21.28416705718977],[-89.67941193729341,21.2842544443796],[-89.67851673712588,21.284511121825034],[-89.67792573944593,21.284660986078023],[-89.677295890732,21.284855939541572],[-89.67648759533434,21.28503154420845],[-89.67529914161734,21.285432128968225],[-89.67495037522495,21.28553409735214],[-89.6739214134365,21.28587513525092],[-89.67335342025879,21.286012413615516],[-89.67287176141693,21.286161481836558],[-89.67200313447212,21.28638050726565],[-89.67159292565323,21.286530254426417],[-89.67127584515282,21.286572387024936],[-89.67087268347238,21.28665067569203],[-89.66996726429264,21.286934193201503],[-89.66900498716733,21.28716491659376],[-89.66843768848831,21.28735042990315],[-89.66827126447703,21.28737072282121],[-89.66730906941783,21.287712293858842],[-89.66701397652797,21.287789664048308],[-89.66671516855232,21.28781674945294],[-89.6664345198707,21.287886702319724],[-89.66596229256798,21.288139660856782],[-89.66589129144921,21.28820196357307]]}},{"type":"Feature","id":"S01-69c7ed611c-37327","properties":{"record_id":"S01-69c7ed611c-37327","source_id":"S01","source_row":37327,"source_hash":"69c7ed611ced1723e08414ff41cd56e9df41f78ab19d9a00b6920381c47ea4d7","theme":"coast","status":"DERIVADO","origin":"OFICIAL","name":"Costa de referencia","date":"2023–2025","clipped":false,"simplification_m":1,"OBJECTID":0,"CODIGO":205,"TIPO":"Insular","SUBTIPO":"Rompeolas","CAL_POS":"APROXIMADA"},"geometry":{"type":"LineString","coordinates":[[-89.69991506419404,21.283586738824013],[-89.70157314937032,21.284071899824934],[-89.70225061813397,21.284327120595393],[-89.70220595802924,21.284420142324937],[-89.70168169763558,21.284280910339678],[-89.70167538523032,21.284313203072468],[-89.70157830282643,21.284287504870534],[-89.70157207971448,21.284183907302133],[-89.70082920793583,21.283978545235886],[-89.70078822210651,21.284179406160252],[-89.70069333601941,21.28416272425751],[-89.70072493482998,21.284003287413878],[-89.70016261735242,21.28381658729416],[-89.70010779643644,21.283950573085562],[-89.70003926799207,21.283916309198144],[-89.70006712330017,21.28380995823524],[-89.69979605622011,21.283713902061344],[-89.69967108732327,21.283709855901133],[-89.6995007020455,21.283780467840305],[-89.69946870098552,21.283858183432823],[-89.69944278381833,21.28387516010798],[-89.6993762434848,21.283889023577213],[-89.6993240235523,21.283867138459083],[-89.69929923767091,21.283839537612952],[-89.69927237368589,21.28374700726076],[-89.69930543154419,21.283409652037662],[-89.69943332775883,21.282948630991182],[-89.69951884017588,21.282309151422385]]}},{"type":"Feature","id":"S01-69c7ed611c-37328","properties":{"record_id":"S01-69c7ed611c-37328","source_id":"S01","source_row":37328,"source_hash":"69c7ed611ced1723e08414ff41cd56e9df41f78ab19d9a00b6920381c47ea4d7","theme":"coast","status":"DERIVADO","origin":"OFICIAL","name":"Costa de referencia","date":"2023–2025","clipped":false,"simplification_m":1,"OBJECTID":0,"CODIGO":205,"TIPO":"Insular","SUBTIPO":"Rompeolas","CAL_POS":"APROXIMADA"},"geometry":{"type":"LineString","coordinates":[[-89.72773321176422,21.274767695857022],[-89.72774504331986,21.275020460052765],[-89.72770377221465,21.275021961520153],[-89.72769345158332,21.27482707392742]]}},{"type":"Feature","id":"S01-69c7ed611c-37329","properties":{"record_id":"S01-69c7ed611c-37329","source_id":"S01","source_row":37329,"source_hash":"69c7ed611ced1723e08414ff41cd56e9df41f78ab19d9a00b6920381c47ea4d7","theme":"coast","status":"DERIVADO","origin":"OFICIAL","name":"Costa de referencia","date":"2023–2025","clipped":false,"simplification_m":1,"OBJECTID":0,"CODIGO":204,"TIPO":"Insular","SUBTIPO":"Playa","CAL_POS":"APROXIMADA"},"geometry":{"type":"LineString","coordinates":[[-89.71735078258486,21.27703645980938],[-89.71687866090548,21.277082038598227],[-89.71665723410773,21.277129146033374]]}},{"type":"Feature","id":"S01-69c7ed611c-37330","properties":{"record_id":"S01-69c7ed611c-37330","source_id":"S01","source_row":37330,"source_hash":"69c7ed611ced1723e08414ff41cd56e9df41f78ab19d9a00b6920381c47ea4d7","theme":"coast","status":"DERIVADO","origin":"OFICIAL","name":"Costa de referencia","date":"2023–2025","clipped":false,"simplification_m":1,"OBJECTID":0,"CODIGO":204,"TIPO":"Insular","SUBTIPO":"Playa","CAL_POS":"APROXIMADA"},"geometry":{"type":"LineString","coordinates":[[-89.70735528455097,21.279161936047096],[-89.70673534822558,21.279209429601412],[-89.70638605741317,21.279267046904927],[-89.70606804515879,21.27937198306233],[-89.70580180467279,21.279415602744308],[-89.70551794734506,21.2794831049587],[-89.70449072528189,21.279624469983347],[-89.70410906712803,21.279749154879386],[-89.70382170978384,21.279812757323434],[-89.70369929487511,21.279886031609237],[-89.70361417549206,21.27997315468412]]}},{"type":"Feature","id":"S01-69c7ed611c-37331","properties":{"record_id":"S01-69c7ed611c-37331","source_id":"S01","source_row":37331,"source_hash":"69c7ed611ced1723e08414ff41cd56e9df41f78ab19d9a00b6920381c47ea4d7","theme":"coast","status":"DERIVADO","origin":"OFICIAL","name":"Costa de referencia","date":"2023–2025","clipped":false,"simplification_m":1,"OBJECTID":0,"CODIGO":204,"TIPO":"Insular","SUBTIPO":"Playa","CAL_POS":"APROXIMADA"},"geometry":{"type":"LineString","coordinates":[[-89.71172241436422,21.278477092271025],[-89.71137858804417,21.27851873680721],[-89.7107864261571,21.27856408708644],[-89.7085264379703,21.278873702756393],[-89.70747683618526,21.279078574820325]]}},{"type":"Feature","id":"S01-69c7ed611c-37332","properties":{"record_id":"S01-69c7ed611c-37332","source_id":"S01","source_row":37332,"source_hash":"69c7ed611ced1723e08414ff41cd56e9df41f78ab19d9a00b6920381c47ea4d7","theme":"coast","status":"DERIVADO","origin":"OFICIAL","name":"Costa de referencia","date":"2023–2025","clipped":false,"simplification_m":1,"OBJECTID":0,"CODIGO":204,"TIPO":"Insular","SUBTIPO":"Playa","CAL_POS":"APROXIMADA"},"geometry":{"type":"LineString","coordinates":[[-89.71621603590985,21.277231876713188],[-89.7160528589261,21.277296917909393],[-89.71575624603511,21.277344890598137],[-89.71568974698098,21.277373723214197],[-89.71544560569335,21.27742877610177],[-89.7149907922957,21.277494283399864],[-89.71478031044828,21.277546742758176],[-89.71419437998928,21.277611394402946],[-89.71386209118702,21.27768395412701],[-89.71348738688478,21.27774226556358],[-89.71327448814277,21.27780705951567],[-89.71319449530534,21.277810259101617],[-89.71266894442931,21.277934225003055],[-89.71233186723668,21.27797938207598],[-89.71207441398234,21.278039382857344],[-89.71210540877632,21.278220197312617],[-89.71206996833979,21.27822818779684],[-89.71203884735255,21.278076395434965],[-89.71199973722241,21.278082769881138],[-89.71186934352204,21.27815902354869]]}},{"type":"Feature","id":"S01-69c7ed611c-37333","properties":{"record_id":"S01-69c7ed611c-37333","source_id":"S01","source_row":37333,"source_hash":"69c7ed611ced1723e08414ff41cd56e9df41f78ab19d9a00b6920381c47ea4d7","theme":"coast","status":"DERIVADO","origin":"OFICIAL","name":"Costa de referencia","date":"2023–2025","clipped":false,"simplification_m":1,"OBJECTID":0,"CODIGO":205,"TIPO":"Insular","SUBTIPO":"Rompeolas","CAL_POS":"APROXIMADA"},"geometry":{"type":"LineString","coordinates":[[-89.71186934352204,21.27815902354869],[-89.71193180593724,21.278477091719367],[-89.71193418561435,21.278615101205244],[-89.71177238207088,21.278657930594715],[-89.71175096684695,21.278638894878192],[-89.71175334708875,21.278557993389423],[-89.71172241436422,21.278477092271025]]}},{"type":"Feature","id":"S01-69c7ed611c-37334","properties":{"record_id":"S01-69c7ed611c-37334","source_id":"S01","source_row":37334,"source_hash":"69c7ed611ced1723e08414ff41cd56e9df41f78ab19d9a00b6920381c47ea4d7","theme":"coast","status":"DERIVADO","origin":"OFICIAL","name":"Costa de referencia","date":"2023–2025","clipped":false,"simplification_m":1,"OBJECTID":0,"CODIGO":205,"TIPO":"Insular","SUBTIPO":"Rompeolas","CAL_POS":"APROXIMADA"},"geometry":{"type":"LineString","coordinates":[[-89.70747683618526,21.279078574820325],[-89.70743400631717,21.279307002039396],[-89.70741497059367,21.279335556997868],[-89.70735451448088,21.279345616650676],[-89.70735528455097,21.279161936047096]]}},{"type":"Feature","id":"S01-69c7ed611c-37335","properties":{"record_id":"S01-69c7ed611c-37335","source_id":"S01","source_row":37335,"source_hash":"69c7ed611ced1723e08414ff41cd56e9df41f78ab19d9a00b6920381c47ea4d7","theme":"coast","status":"DERIVADO","origin":"OFICIAL","name":"Costa de referencia","date":"2023–2025","clipped":false,"simplification_m":1,"OBJECTID":0,"CODIGO":205,"TIPO":"Insular","SUBTIPO":"Rompeolas","CAL_POS":"APROXIMADA"},"geometry":{"type":"LineString","coordinates":[[-89.71623983031287,21.27721284052891],[-89.7162493485093,21.277329433754772],[-89.71623507146596,21.277329433276655],[-89.71621603590985,21.277231876713188]]}},{"type":"Feature","id":"S01-69c7ed611c-37336","properties":{"record_id":"S01-69c7ed611c-37336","source_id":"S01","source_row":37336,"source_hash":"69c7ed611ced1723e08414ff41cd56e9df41f78ab19d9a00b6920381c47ea4d7","theme":"coast","status":"DERIVADO","origin":"OFICIAL","name":"Costa de referencia","date":"2023–2025","clipped":false,"simplification_m":1,"OBJECTID":0,"CODIGO":205,"TIPO":"Insular","SUBTIPO":"Rompeolas","CAL_POS":"APROXIMADA"},"geometry":{"type":"LineString","coordinates":[[-89.71657745495386,21.277141677934353],[-89.71660103372125,21.27731087671325],[-89.71657390842478,21.277319442616296],[-89.71654935216537,21.277147549476815]]}},{"type":"Feature","id":"S01-69c7ed611c-37337","properties":{"record_id":"S01-69c7ed611c-37337","source_id":"S01","source_row":37337,"source_hash":"69c7ed611ced1723e08414ff41cd56e9df41f78ab19d9a00b6920381c47ea4d7","theme":"coast","status":"DERIVADO","origin":"OFICIAL","name":"Costa de referencia","date":"2023–2025","clipped":false,"simplification_m":1,"OBJECTID":0,"CODIGO":204,"TIPO":"Insular","SUBTIPO":"Playa","CAL_POS":"APROXIMADA"},"geometry":{"type":"LineString","coordinates":[[-89.71654935216537,21.277147549476815],[-89.71623983031287,21.27721284052891]]}},{"type":"Feature","id":"S01-69c7ed611c-37338","properties":{"record_id":"S01-69c7ed611c-37338","source_id":"S01","source_row":37338,"source_hash":"69c7ed611ced1723e08414ff41cd56e9df41f78ab19d9a00b6920381c47ea4d7","theme":"coast","status":"DERIVADO","origin":"OFICIAL","name":"Costa de referencia","date":"2023–2025","clipped":false,"simplification_m":1,"OBJECTID":0,"CODIGO":204,"TIPO":"Insular","SUBTIPO":"Playa","CAL_POS":"APROXIMADA"},"geometry":{"type":"LineString","coordinates":[[-89.72860863079502,21.274629639082644],[-89.72828791569063,21.274661928768108],[-89.72799962451471,21.27473321086988],[-89.72773321176422,21.274767695857022]]}},{"type":"Feature","id":"S01-69c7ed611c-37339","properties":{"record_id":"S01-69c7ed611c-37339","source_id":"S01","source_row":37339,"source_hash":"69c7ed611ced1723e08414ff41cd56e9df41f78ab19d9a00b6920381c47ea4d7","theme":"coast","status":"DERIVADO","origin":"OFICIAL","name":"Costa de referencia","date":"2023–2025","clipped":false,"simplification_m":1,"OBJECTID":0,"CODIGO":205,"TIPO":"Insular","SUBTIPO":"Rompeolas","CAL_POS":"APROXIMADA"},"geometry":{"type":"LineString","coordinates":[[-89.76840835853316,21.266281044411972],[-89.76840538482428,21.26640299224995],[-89.76839288163893,21.266402170599864],[-89.76838923647944,21.266325629172464]]}},{"type":"Feature","id":"S01-69c7ed611c-37340","properties":{"record_id":"S01-69c7ed611c-37340","source_id":"S01","source_row":37340,"source_hash":"69c7ed611ced1723e08414ff41cd56e9df41f78ab19d9a00b6920381c47ea4d7","theme":"coast","status":"DERIVADO","origin":"OFICIAL","name":"Costa de referencia","date":"2023–2025","clipped":false,"simplification_m":1,"OBJECTID":0,"CODIGO":205,"TIPO":"Insular","SUBTIPO":"Rompeolas","CAL_POS":"APROXIMADA"},"geometry":{"type":"LineString","coordinates":[[-89.76887159090707,21.266189032864006],[-89.768883813561,21.26629768151263],[-89.76886477765315,21.266299584950733],[-89.768857867742,21.266206989111502]]}},{"type":"Feature","id":"S01-69c7ed611c-37341","properties":{"record_id":"S01-69c7ed611c-37341","source_id":"S01","source_row":37341,"source_hash":"69c7ed611ced1723e08414ff41cd56e9df41f78ab19d9a00b6920381c47ea4d7","theme":"coast","status":"DERIVADO","origin":"OFICIAL","name":"Costa de referencia","date":"2023–2025","clipped":false,"simplification_m":1,"OBJECTID":0,"CODIGO":204,"TIPO":"Insular","SUBTIPO":"Playa","CAL_POS":"APROXIMADA"},"geometry":{"type":"LineString","coordinates":[[-89.768857867742,21.266206989111502],[-89.7687546477275,21.266216822744045],[-89.76868715396851,21.26623881955211],[-89.7684697473272,21.266255016688643],[-89.76840835853316,21.266281044411972]]}},{"type":"Feature","id":"S01-69c7ed611c-37342","properties":{"record_id":"S01-69c7ed611c-37342","source_id":"S01","source_row":37342,"source_hash":"69c7ed611ced1723e08414ff41cd56e9df41f78ab19d9a00b6920381c47ea4d7","theme":"coast","status":"DERIVADO","origin":"OFICIAL","name":"Costa de referencia","date":"2023–2025","clipped":false,"simplification_m":1,"OBJECTID":0,"CODIGO":205,"TIPO":"Insular","SUBTIPO":"Rompeolas","CAL_POS":"APROXIMADA"},"geometry":{"type":"LineString","coordinates":[[-89.76953162399433,21.265999147201477],[-89.76953593175801,21.26613921254706],[-89.76952831619472,21.266089719331994]]}},{"type":"Feature","id":"S01-69c7ed611c-37343","properties":{"record_id":"S01-69c7ed611c-37343","source_id":"S01","source_row":37343,"source_hash":"69c7ed611ced1723e08414ff41cd56e9df41f78ab19d9a00b6920381c47ea4d7","theme":"coast","status":"DERIVADO","origin":"OFICIAL","name":"Costa de referencia","date":"2023–2025","clipped":false,"simplification_m":1,"OBJECTID":0,"CODIGO":204,"TIPO":"Insular","SUBTIPO":"Playa","CAL_POS":"APROXIMADA"},"geometry":{"type":"LineString","coordinates":[[-89.76952831619472,21.266089719331994],[-89.76942526817629,21.26609423855517],[-89.76914105402977,21.266172640602925],[-89.76887159090707,21.266189032864006]]}},{"type":"Feature","id":"S01-69c7ed611c-37344","properties":{"record_id":"S01-69c7ed611c-37344","source_id":"S01","source_row":37344,"source_hash":"69c7ed611ced1723e08414ff41cd56e9df41f78ab19d9a00b6920381c47ea4d7","theme":"coast","status":"DERIVADO","origin":"OFICIAL","name":"Costa de referencia","date":"2023–2025","clipped":false,"simplification_m":1,"OBJECTID":0,"CODIGO":204,"TIPO":"Insular","SUBTIPO":"Playa","CAL_POS":"APROXIMADA"},"geometry":{"type":"LineString","coordinates":[[-89.77009876720591,21.26586390617519],[-89.76996786537181,21.2658666337938],[-89.76973413782376,21.265921634898973]]}},{"type":"Feature","id":"S01-69c7ed611c-37345","properties":{"record_id":"S01-69c7ed611c-37345","source_id":"S01","source_row":37345,"source_hash":"69c7ed611ced1723e08414ff41cd56e9df41f78ab19d9a00b6920381c47ea4d7","theme":"coast","status":"DERIVADO","origin":"OFICIAL","name":"Costa de referencia","date":"2023–2025","clipped":false,"simplification_m":1,"OBJECTID":0,"CODIGO":205,"TIPO":"Insular","SUBTIPO":"Rompeolas","CAL_POS":"APROXIMADA"},"geometry":{"type":"LineString","coordinates":[[-89.77011423324983,21.26582583413897],[-89.77011423275232,21.26590316707075],[-89.7700987671273,21.265903167356356],[-89.77009876720591,21.26586390617519]]}},{"type":"Feature","id":"S01-69c7ed611c-37346","properties":{"record_id":"S01-69c7ed611c-37346","source_id":"S01","source_row":37346,"source_hash":"69c7ed611ced1723e08414ff41cd56e9df41f78ab19d9a00b6920381c47ea4d7","theme":"coast","status":"DERIVADO","origin":"OFICIAL","name":"Costa de referencia","date":"2023–2025","clipped":false,"simplification_m":1,"OBJECTID":0,"CODIGO":205,"TIPO":"Insular","SUBTIPO":"Rompeolas","CAL_POS":"APROXIMADA"},"geometry":{"type":"LineString","coordinates":[[-89.77221438060575,21.264769526764134],[-89.7722239496472,21.264812288463553],[-89.77258342475749,21.264767766526337],[-89.77258583529766,21.264783622185323],[-89.77222896059894,21.264834681048193],[-89.77225912828924,21.264969495531965],[-89.77223550663443,21.26497483242442],[-89.77219010470358,21.264782039612445]]}},{"type":"Feature","id":"S01-69c7ed611c-37347","properties":{"record_id":"S01-69c7ed611c-37347","source_id":"S01","source_row":37347,"source_hash":"69c7ed611ced1723e08414ff41cd56e9df41f78ab19d9a00b6920381c47ea4d7","theme":"coast","status":"DERIVADO","origin":"OFICIAL","name":"Costa de referencia","date":"2023–2025","clipped":false,"simplification_m":1,"OBJECTID":0,"CODIGO":205,"TIPO":"Insular","SUBTIPO":"Rompeolas","CAL_POS":"APROXIMADA"},"geometry":{"type":"LineString","coordinates":[[-89.77180958707973,21.264966010852657],[-89.7718659381764,21.26520787268131],[-89.77184508673184,21.26521102169025],[-89.77180472326752,21.26504754862179]]}},{"type":"Feature","id":"S01-69c7ed611c-37348","properties":{"record_id":"S01-69c7ed611c-37348","source_id":"S01","source_row":37348,"source_hash":"69c7ed611ced1723e08414ff41cd56e9df41f78ab19d9a00b6920381c47ea4d7","theme":"coast","status":"DERIVADO","origin":"OFICIAL","name":"Costa de referencia","date":"2023–2025","clipped":false,"simplification_m":1,"OBJECTID":0,"CODIGO":204,"TIPO":"Insular","SUBTIPO":"Playa","CAL_POS":"APROXIMADA"},"geometry":{"type":"LineString","coordinates":[[-89.77219010470358,21.264782039612445],[-89.77194440618402,21.264840668452926],[-89.77196713398145,21.26490152486311],[-89.77194956459205,21.264910960322297],[-89.7719276766158,21.264854990719076],[-89.77180958707973,21.264966010852657]]}},{"type":"Feature","id":"S01-69c7ed611c-37349","properties":{"record_id":"S01-69c7ed611c-37349","source_id":"S01","source_row":37349,"source_hash":"69c7ed611ced1723e08414ff41cd56e9df41f78ab19d9a00b6920381c47ea4d7","theme":"coast","status":"DERIVADO","origin":"OFICIAL","name":"Costa de referencia","date":"2023–2025","clipped":false,"simplification_m":1,"OBJECTID":0,"CODIGO":204,"TIPO":"Insular","SUBTIPO":"Playa","CAL_POS":"APROXIMADA"},"geometry":{"type":"LineString","coordinates":[[-89.77180472326752,21.26504754862179],[-89.77164746666857,21.26508833620694],[-89.77163953795596,21.26512370902662]]}},{"type":"Feature","id":"S01-69c7ed611c-37350","properties":{"record_id":"S01-69c7ed611c-37350","source_id":"S01","source_row":37350,"source_hash":"69c7ed611ced1723e08414ff41cd56e9df41f78ab19d9a00b6920381c47ea4d7","theme":"coast","status":"DERIVADO","origin":"OFICIAL","name":"Costa de referencia","date":"2023–2025","clipped":false,"simplification_m":1,"OBJECTID":0,"CODIGO":204,"TIPO":"Insular","SUBTIPO":"Playa","CAL_POS":"APROXIMADA"},"geometry":{"type":"LineString","coordinates":[[-89.77113201603744,21.26537880444477],[-89.7709491211705,21.265423573482344],[-89.77054209849943,21.26555818832626]]}},{"type":"Feature","id":"S01-69c7ed611c-37351","properties":{"record_id":"S01-69c7ed611c-37351","source_id":"S01","source_row":37351,"source_hash":"69c7ed611ced1723e08414ff41cd56e9df41f78ab19d9a00b6920381c47ea4d7","theme":"coast","status":"DERIVADO","origin":"OFICIAL","name":"Costa de referencia","date":"2023–2025","clipped":false,"simplification_m":1,"OBJECTID":0,"CODIGO":204,"TIPO":"Insular","SUBTIPO":"Playa","CAL_POS":"APROXIMADA"},"geometry":{"type":"LineString","coordinates":[[-89.77140148114374,21.265296633581627],[-89.77132068619682,21.265295512710903],[-89.77115819027857,21.265322886819995]]}},{"type":"Feature","id":"S01-69c7ed611c-37352","properties":{"record_id":"S01-69c7ed611c-37352","source_id":"S01","source_row":37352,"source_hash":"69c7ed611ced1723e08414ff41cd56e9df41f78ab19d9a00b6920381c47ea4d7","theme":"coast","status":"DERIVADO","origin":"OFICIAL","name":"Costa de referencia","date":"2023–2025","clipped":false,"simplification_m":1,"OBJECTID":0,"CODIGO":205,"TIPO":"Insular","SUBTIPO":"Rompeolas","CAL_POS":"APROXIMADA"},"geometry":{"type":"LineString","coordinates":[[-89.78437158110789,21.262051486031844],[-89.78437493778975,21.26214397514252],[-89.7843563789464,21.262149686233847],[-89.7843449569116,21.262088296280496]]}},{"type":"Feature","id":"S01-69c7ed611c-37353","properties":{"record_id":"S01-69c7ed611c-37353","source_id":"S01","source_row":37353,"source_hash":"69c7ed611ced1723e08414ff41cd56e9df41f78ab19d9a00b6920381c47ea4d7","theme":"coast","status":"DERIVADO","origin":"OFICIAL","name":"Costa de referencia","date":"2023–2025","clipped":false,"simplification_m":1,"OBJECTID":0,"CODIGO":204,"TIPO":"Insular","SUBTIPO":"Playa","CAL_POS":"APROXIMADA"},"geometry":{"type":"LineString","coordinates":[[-89.7843449569116,21.262088296280496],[-89.78394699336094,21.26207051439809]]}},{"type":"Feature","id":"S01-69c7ed611c-37354","properties":{"record_id":"S01-69c7ed611c-37354","source_id":"S01","source_row":37354,"source_hash":"69c7ed611ced1723e08414ff41cd56e9df41f78ab19d9a00b6920381c47ea4d7","theme":"coast","status":"DERIVADO","origin":"OFICIAL","name":"Costa de referencia","date":"2023–2025","clipped":false,"simplification_m":1,"OBJECTID":0,"CODIGO":204,"TIPO":"Insular","SUBTIPO":"Playa","CAL_POS":"APROXIMADA"},"geometry":{"type":"LineString","coordinates":[[-89.78390180476036,21.262115089740544],[-89.78364482361432,21.262123846256316]]}},{"type":"Feature","id":"S01-69c7ed611c-37355","properties":{"record_id":"S01-69c7ed611c-37355","source_id":"S01","source_row":37355,"source_hash":"69c7ed611ced1723e08414ff41cd56e9df41f78ab19d9a00b6920381c47ea4d7","theme":"coast","status":"DERIVADO","origin":"OFICIAL","name":"Costa de referencia","date":"2023–2025","clipped":false,"simplification_m":1,"OBJECTID":0,"CODIGO":205,"TIPO":"Insular","SUBTIPO":"Rompeolas","CAL_POS":"APROXIMADA"},"geometry":{"type":"LineString","coordinates":[[-89.78394699336094,21.26207051439809],[-89.7839378105033,21.262185439807688],[-89.78389766215325,21.262187234434656],[-89.78390180476036,21.262115089740544]]}},{"type":"Feature","id":"S01-69c7ed611c-37356","properties":{"record_id":"S01-69c7ed611c-37356","source_id":"S01","source_row":37356,"source_hash":"69c7ed611ced1723e08414ff41cd56e9df41f78ab19d9a00b6920381c47ea4d7","theme":"coast","status":"DERIVADO","origin":"OFICIAL","name":"Costa de referencia","date":"2023–2025","clipped":false,"simplification_m":1,"OBJECTID":0,"CODIGO":205,"TIPO":"Insular","SUBTIPO":"Rompeolas","CAL_POS":"APROXIMADA"},"geometry":{"type":"LineString","coordinates":[[-89.78364482361432,21.262123846256316],[-89.78365015397982,21.262263425114565],[-89.7836258832627,21.262267708128075],[-89.78361817413321,21.262188566781443]]}},{"type":"Feature","id":"S01-69c7ed611c-37357","properties":{"record_id":"S01-69c7ed611c-37357","source_id":"S01","source_row":37357,"source_hash":"69c7ed611ced1723e08414ff41cd56e9df41f78ab19d9a00b6920381c47ea4d7","theme":"coast","status":"DERIVADO","origin":"OFICIAL","name":"Costa de referencia","date":"2023–2025","clipped":false,"simplification_m":1,"OBJECTID":0,"CODIGO":204,"TIPO":"Insular","SUBTIPO":"Playa","CAL_POS":"APROXIMADA"},"geometry":{"type":"LineString","coordinates":[[-89.78361817413321,21.262188566781443],[-89.783363190119,21.262183395793294],[-89.78335545132238,21.262229188076663],[-89.78302873992985,21.262231952444747]]}},{"type":"Feature","id":"S01-69c7ed611c-37358","properties":{"record_id":"S01-69c7ed611c-37358","source_id":"S01","source_row":37358,"source_hash":"69c7ed611ced1723e08414ff41cd56e9df41f78ab19d9a00b6920381c47ea4d7","theme":"coast","status":"DERIVADO","origin":"OFICIAL","name":"Costa de referencia","date":"2023–2025","clipped":false,"simplification_m":1,"OBJECTID":0,"CODIGO":204,"TIPO":"Insular","SUBTIPO":"Playa","CAL_POS":"APROXIMADA"},"geometry":{"type":"LineString","coordinates":[[-89.78298611682011,21.26231890069992],[-89.7827707721536,21.26231250742772],[-89.78265747439436,21.26232873896201],[-89.78257832756788,21.26235752155577]]}},{"type":"Feature","id":"S01-69c7ed611c-37359","properties":{"record_id":"S01-69c7ed611c-37359","source_id":"S01","source_row":37359,"source_hash":"69c7ed611ced1723e08414ff41cd56e9df41f78ab19d9a00b6920381c47ea4d7","theme":"coast","status":"DERIVADO","origin":"OFICIAL","name":"Costa de referencia","date":"2023–2025","clipped":false,"simplification_m":1,"OBJECTID":0,"CODIGO":205,"TIPO":"Insular","SUBTIPO":"Rompeolas","CAL_POS":"APROXIMADA"},"geometry":{"type":"LineString","coordinates":[[-89.78302873992985,21.262231952444747],[-89.78301694126513,21.26237558452136],[-89.78298334684064,21.2623776248345],[-89.78298611682011,21.26231890069992]]}},{"type":"Feature","id":"S01-69c7ed611c-37360","properties":{"record_id":"S01-69c7ed611c-37360","source_id":"S01","source_row":37360,"source_hash":"69c7ed611ced1723e08414ff41cd56e9df41f78ab19d9a00b6920381c47ea4d7","theme":"coast","status":"DERIVADO","origin":"OFICIAL","name":"Costa de referencia","date":"2023–2025","clipped":false,"simplification_m":1,"OBJECTID":0,"CODIGO":205,"TIPO":"Insular","SUBTIPO":"Rompeolas","CAL_POS":"APROXIMADA"},"geometry":{"type":"LineString","coordinates":[[-89.78257832756788,21.26235752155577],[-89.78259127090443,21.262547545051255],[-89.78257128333406,21.2625489732421],[-89.78255491191409,21.262396431657525]]}},{"type":"Feature","id":"S01-69c7ed611c-37361","properties":{"record_id":"S01-69c7ed611c-37361","source_id":"S01","source_row":37361,"source_hash":"69c7ed611ced1723e08414ff41cd56e9df41f78ab19d9a00b6920381c47ea4d7","theme":"coast","status":"DERIVADO","origin":"OFICIAL","name":"Costa de referencia","date":"2023–2025","clipped":false,"simplification_m":1,"OBJECTID":0,"CODIGO":204,"TIPO":"Insular","SUBTIPO":"Playa","CAL_POS":"APROXIMADA"},"geometry":{"type":"LineString","coordinates":[[-89.78255491191409,21.262396431657525],[-89.78243701043621,21.262390346351467],[-89.78229408518688,21.262418277447033],[-89.78226618596067,21.262436815699242]]}},{"type":"Feature","id":"S01-69c7ed611c-37362","properties":{"record_id":"S01-69c7ed611c-37362","source_id":"S01","source_row":37362,"source_hash":"69c7ed611ced1723e08414ff41cd56e9df41f78ab19d9a00b6920381c47ea4d7","theme":"coast","status":"DERIVADO","origin":"OFICIAL","name":"Costa de referencia","date":"2023–2025","clipped":false,"simplification_m":1,"OBJECTID":0,"CODIGO":204,"TIPO":"Insular","SUBTIPO":"Playa","CAL_POS":"APROXIMADA"},"geometry":{"type":"LineString","coordinates":[[-89.7822453211832,21.262538490461186],[-89.78224282293509,21.26252084486602],[-89.7819933229432,21.262522558475023],[-89.78197608140091,21.262528407526798],[-89.78197726287809,21.262571874808675],[-89.78193762973636,21.262555449469506],[-89.7817964009656,21.262553782058156],[-89.78172152305275,21.262557426038697],[-89.78172233165684,21.262576767833167],[-89.7817040319916,21.262580122404373],[-89.78166556595866,21.262564995294976],[-89.78148825114604,21.262578511021403],[-89.78145093388517,21.26258802409487],[-89.78146310061867,21.262699387463478],[-89.7814306564134,21.262702813647074],[-89.78142006936768,21.262655381306978],[-89.78132509507748,21.262634122991503],[-89.78088012794223,21.262622675649162]]}},{"type":"Feature","id":"S01-69c7ed611c-37363","properties":{"record_id":"S01-69c7ed611c-37363","source_id":"S01","source_row":37363,"source_hash":"69c7ed611ced1723e08414ff41cd56e9df41f78ab19d9a00b6920381c47ea4d7","theme":"coast","status":"DERIVADO","origin":"OFICIAL","name":"Costa de referencia","date":"2023–2025","clipped":false,"simplification_m":1,"OBJECTID":0,"CODIGO":205,"TIPO":"Insular","SUBTIPO":"Rompeolas","CAL_POS":"APROXIMADA"},"geometry":{"type":"LineString","coordinates":[[-89.78226618596067,21.262436815699242],[-89.78227357775192,21.26258160692771],[-89.78225227510359,21.26258220943409],[-89.7822453211832,21.262538490461186]]}},{"type":"Feature","id":"S01-69c7ed611c-37364","properties":{"record_id":"S01-69c7ed611c-37364","source_id":"S01","source_row":37364,"source_hash":"69c7ed611ced1723e08414ff41cd56e9df41f78ab19d9a00b6920381c47ea4d7","theme":"coast","status":"DERIVADO","origin":"OFICIAL","name":"Costa de referencia","date":"2023–2025","clipped":false,"simplification_m":1,"OBJECTID":0,"CODIGO":205,"TIPO":"Insular","SUBTIPO":"Rompeolas","CAL_POS":"APROXIMADA"},"geometry":{"type":"LineString","coordinates":[[-89.78070535419629,21.262749566484445],[-89.7807373085836,21.262920797086206],[-89.78071434056001,21.262918958307793],[-89.78068653464751,21.262783098621327]]}},{"type":"Feature","id":"S01-69c7ed611c-37365","properties":{"record_id":"S01-69c7ed611c-37365","source_id":"S01","source_row":37365,"source_hash":"69c7ed611ced1723e08414ff41cd56e9df41f78ab19d9a00b6920381c47ea4d7","theme":"coast","status":"DERIVADO","origin":"OFICIAL","name":"Costa de referencia","date":"2023–2025","clipped":false,"simplification_m":1,"OBJECTID":0,"CODIGO":204,"TIPO":"Insular","SUBTIPO":"Playa","CAL_POS":"APROXIMADA"},"geometry":{"type":"LineString","coordinates":[[-89.78068653464751,21.262783098621327],[-89.78058150598046,21.26273808035989],[-89.78037330318038,21.26271428623251],[-89.78022734472135,21.26273418875122],[-89.78009554060797,21.262793960679453]]}},{"type":"Feature","id":"S01-69c7ed611c-37366","properties":{"record_id":"S01-69c7ed611c-37366","source_id":"S01","source_row":37366,"source_hash":"69c7ed611ced1723e08414ff41cd56e9df41f78ab19d9a00b6920381c47ea4d7","theme":"coast","status":"DERIVADO","origin":"OFICIAL","name":"Costa de referencia","date":"2023–2025","clipped":false,"simplification_m":1,"OBJECTID":0,"CODIGO":204,"TIPO":"Insular","SUBTIPO":"Playa","CAL_POS":"APROXIMADA"},"geometry":{"type":"LineString","coordinates":[[-89.77986031276089,21.26287181629768],[-89.77975973740415,21.262872651468314],[-89.77959491157746,21.26291280705103]]}},{"type":"Feature","id":"S01-69c7ed611c-37367","properties":{"record_id":"S01-69c7ed611c-37367","source_id":"S01","source_row":37367,"source_hash":"69c7ed611ced1723e08414ff41cd56e9df41f78ab19d9a00b6920381c47ea4d7","theme":"coast","status":"DERIVADO","origin":"OFICIAL","name":"Costa de referencia","date":"2023–2025","clipped":false,"simplification_m":1,"OBJECTID":0,"CODIGO":205,"TIPO":"Insular","SUBTIPO":"Rompeolas","CAL_POS":"APROXIMADA"},"geometry":{"type":"LineString","coordinates":[[-89.78009554060797,21.262793960679453],[-89.78010116995468,21.262865271311643],[-89.78007547153418,21.262866699137],[-89.78007832723121,21.26281673011884]]}},{"type":"Feature","id":"S01-69c7ed611c-37368","properties":{"record_id":"S01-69c7ed611c-37368","source_id":"S01","source_row":37368,"source_hash":"69c7ed611ced1723e08414ff41cd56e9df41f78ab19d9a00b6920381c47ea4d7","theme":"coast","status":"DERIVADO","origin":"OFICIAL","name":"Costa de referencia","date":"2023–2025","clipped":false,"simplification_m":1,"OBJECTID":0,"CODIGO":205,"TIPO":"Insular","SUBTIPO":"Rompeolas","CAL_POS":"APROXIMADA"},"geometry":{"type":"LineString","coordinates":[[-89.77959491157746,21.26291280705103],[-89.77960488667442,21.26299351908468],[-89.77958204479773,21.262997802040896],[-89.77957205147095,21.26292784590397]]}},{"type":"Feature","id":"S01-69c7ed611c-37369","properties":{"record_id":"S01-69c7ed611c-37369","source_id":"S01","source_row":37369,"source_hash":"69c7ed611ced1723e08414ff41cd56e9df41f78ab19d9a00b6920381c47ea4d7","theme":"coast","status":"DERIVADO","origin":"OFICIAL","name":"Costa de referencia","date":"2023–2025","clipped":false,"simplification_m":1,"OBJECTID":0,"CODIGO":204,"TIPO":"Insular","SUBTIPO":"Playa","CAL_POS":"APROXIMADA"},"geometry":{"type":"LineString","coordinates":[[-89.77957205147095,21.26292784590397],[-89.77937398359892,21.262930921070442],[-89.77917822306584,21.26297483229743]]}},{"type":"Feature","id":"S01-69c7ed611c-37370","properties":{"record_id":"S01-69c7ed611c-37370","source_id":"S01","source_row":37370,"source_hash":"69c7ed611ced1723e08414ff41cd56e9df41f78ab19d9a00b6920381c47ea4d7","theme":"coast","status":"DERIVADO","origin":"OFICIAL","name":"Costa de referencia","date":"2023–2025","clipped":false,"simplification_m":1,"OBJECTID":0,"CODIGO":204,"TIPO":"Insular","SUBTIPO":"Playa","CAL_POS":"APROXIMADA"},"geometry":{"type":"LineString","coordinates":[[-89.77916109084885,21.262991964449466],[-89.77883475374729,21.262994973112363],[-89.77870904544103,21.263038952078762]]}},{"type":"Feature","id":"S01-69c7ed611c-37371","properties":{"record_id":"S01-69c7ed611c-37371","source_id":"S01","source_row":37371,"source_hash":"69c7ed611ced1723e08414ff41cd56e9df41f78ab19d9a00b6920381c47ea4d7","theme":"coast","status":"DERIVADO","origin":"OFICIAL","name":"Costa de referencia","date":"2023–2025","clipped":false,"simplification_m":1,"OBJECTID":0,"CODIGO":205,"TIPO":"Insular","SUBTIPO":"Rompeolas","CAL_POS":"APROXIMADA"},"geometry":{"type":"LineString","coordinates":[[-89.77870904544103,21.263038952078762],[-89.77871819256276,21.263198716289462],[-89.77869820477206,21.263200144878983],[-89.77869592967477,21.263107951346303]]}},{"type":"Feature","id":"S01-69c7ed611c-37372","properties":{"record_id":"S01-69c7ed611c-37372","source_id":"S01","source_row":37372,"source_hash":"69c7ed611ced1723e08414ff41cd56e9df41f78ab19d9a00b6920381c47ea4d7","theme":"coast","status":"DERIVADO","origin":"OFICIAL","name":"Costa de referencia","date":"2023–2025","clipped":false,"simplification_m":1,"OBJECTID":0,"CODIGO":205,"TIPO":"Insular","SUBTIPO":"Rompeolas","CAL_POS":"APROXIMADA"},"geometry":{"type":"LineString","coordinates":[[-89.77917822306584,21.26297483229743],[-89.77919678312773,21.263070486270422],[-89.77917679460627,21.263074769952627],[-89.77916109084885,21.262991964449466]]}},{"type":"Feature","id":"S01-69c7ed611c-37373","properties":{"record_id":"S01-69c7ed611c-37373","source_id":"S01","source_row":37373,"source_hash":"69c7ed611ced1723e08414ff41cd56e9df41f78ab19d9a00b6920381c47ea4d7","theme":"coast","status":"DERIVADO","origin":"OFICIAL","name":"Costa de referencia","date":"2023–2025","clipped":false,"simplification_m":1,"OBJECTID":0,"CODIGO":204,"TIPO":"Insular","SUBTIPO":"Playa","CAL_POS":"APROXIMADA"},"geometry":{"type":"LineString","coordinates":[[-89.77869592967477,21.263107951346303],[-89.77831616958068,21.263100434664178],[-89.77818215221171,21.263117889031577]]}},{"type":"Feature","id":"S01-69c7ed611c-37374","properties":{"record_id":"S01-69c7ed611c-37374","source_id":"S01","source_row":37374,"source_hash":"69c7ed611ced1723e08414ff41cd56e9df41f78ab19d9a00b6920381c47ea4d7","theme":"coast","status":"DERIVADO","origin":"OFICIAL","name":"Costa de referencia","date":"2023–2025","clipped":false,"simplification_m":1,"OBJECTID":0,"CODIGO":205,"TIPO":"Insular","SUBTIPO":"Rompeolas","CAL_POS":"APROXIMADA"},"geometry":{"type":"LineString","coordinates":[[-89.77818215221171,21.263117889031577],[-89.77818300908422,21.26327702774146],[-89.77816159404834,21.263277027813693]]}},{"type":"Feature","id":"S01-69c7ed611c-37375","properties":{"record_id":"S01-69c7ed611c-37375","source_id":"S01","source_row":37375,"source_hash":"69c7ed611ced1723e08414ff41cd56e9df41f78ab19d9a00b6920381c47ea4d7","theme":"coast","status":"DERIVADO","origin":"OFICIAL","name":"Costa de referencia","date":"2023–2025","clipped":false,"simplification_m":1,"OBJECTID":0,"CODIGO":204,"TIPO":"Insular","SUBTIPO":"Playa","CAL_POS":"APROXIMADA"},"geometry":{"type":"LineString","coordinates":[[-89.77816159404834,21.263277027813693],[-89.77791662212512,21.263252155779146],[-89.77772727313892,21.263283685645863]]}},{"type":"Feature","id":"S01-69c7ed611c-37376","properties":{"record_id":"S01-69c7ed611c-37376","source_id":"S01","source_row":37376,"source_hash":"69c7ed611ced1723e08414ff41cd56e9df41f78ab19d9a00b6920381c47ea4d7","theme":"coast","status":"DERIVADO","origin":"OFICIAL","name":"Costa de referencia","date":"2023–2025","clipped":false,"simplification_m":1,"OBJECTID":0,"CODIGO":204,"TIPO":"Insular","SUBTIPO":"Playa","CAL_POS":"APROXIMADA"},"geometry":{"type":"LineString","coordinates":[[-89.77769015393538,21.26333793712817],[-89.77735462023107,21.263355962554414],[-89.77724916758747,21.263383358169584]]}},{"type":"Feature","id":"S01-69c7ed611c-37377","properties":{"record_id":"S01-69c7ed611c-37377","source_id":"S01","source_row":37377,"source_hash":"69c7ed611ced1723e08414ff41cd56e9df41f78ab19d9a00b6920381c47ea4d7","theme":"coast","status":"DERIVADO","origin":"OFICIAL","name":"Costa de referencia","date":"2023–2025","clipped":false,"simplification_m":1,"OBJECTID":0,"CODIGO":205,"TIPO":"Insular","SUBTIPO":"Rompeolas","CAL_POS":"APROXIMADA"},"geometry":{"type":"LineString","coordinates":[[-89.77772727313892,21.263283685645863],[-89.77774155026336,21.263409321023918],[-89.77770014732586,21.26340932148758],[-89.77769015393538,21.26333793712817]]}},{"type":"Feature","id":"S01-69c7ed611c-37378","properties":{"record_id":"S01-69c7ed611c-37378","source_id":"S01","source_row":37378,"source_hash":"69c7ed611ced1723e08414ff41cd56e9df41f78ab19d9a00b6920381c47ea4d7","theme":"coast","status":"DERIVADO","origin":"OFICIAL","name":"Costa de referencia","date":"2023–2025","clipped":false,"simplification_m":1,"OBJECTID":0,"CODIGO":205,"TIPO":"Insular","SUBTIPO":"Rompeolas","CAL_POS":"APROXIMADA"},"geometry":{"type":"LineString","coordinates":[[-89.77724916758747,21.263383358169584],[-89.777257732836,21.2634961441107],[-89.77723060713028,21.26349899901501],[-89.77722972470727,21.263450465508207]]}},{"type":"Feature","id":"S01-69c7ed611c-37379","properties":{"record_id":"S01-69c7ed611c-37379","source_id":"S01","source_row":37379,"source_hash":"69c7ed611ced1723e08414ff41cd56e9df41f78ab19d9a00b6920381c47ea4d7","theme":"coast","status":"DERIVADO","origin":"OFICIAL","name":"Costa de referencia","date":"2023–2025","clipped":false,"simplification_m":1,"OBJECTID":0,"CODIGO":204,"TIPO":"Insular","SUBTIPO":"Playa","CAL_POS":"APROXIMADA"},"geometry":{"type":"LineString","coordinates":[[-89.77722972470727,21.263450465508207],[-89.77712727138584,21.263438959571932],[-89.77701218291503,21.263446610432556],[-89.77689564015715,21.26346543124944],[-89.77687273506218,21.263481470652682]]}},{"type":"Feature","id":"S01-69c7ed611c-37380","properties":{"record_id":"S01-69c7ed611c-37380","source_id":"S01","source_row":37380,"source_hash":"69c7ed611ced1723e08414ff41cd56e9df41f78ab19d9a00b6920381c47ea4d7","theme":"coast","status":"DERIVADO","origin":"OFICIAL","name":"Costa de referencia","date":"2023–2025","clipped":false,"simplification_m":1,"OBJECTID":0,"CODIGO":204,"TIPO":"Insular","SUBTIPO":"Playa","CAL_POS":"APROXIMADA"},"geometry":{"type":"LineString","coordinates":[[-89.77685465128741,21.263639943307687],[-89.77628657889976,21.263642275419528]]}},{"type":"Feature","id":"S01-69c7ed611c-37381","properties":{"record_id":"S01-69c7ed611c-37381","source_id":"S01","source_row":37381,"source_hash":"69c7ed611ced1723e08414ff41cd56e9df41f78ab19d9a00b6920381c47ea4d7","theme":"coast","status":"DERIVADO","origin":"OFICIAL","name":"Costa de referencia","date":"2023–2025","clipped":false,"simplification_m":1,"OBJECTID":0,"CODIGO":205,"TIPO":"Insular","SUBTIPO":"Rompeolas","CAL_POS":"APROXIMADA"},"geometry":{"type":"LineString","coordinates":[[-89.77687273506218,21.263481470652682],[-89.7768849556634,21.263700273520538],[-89.77685590320561,21.26370878989695],[-89.77685465128741,21.263639943307687]]}},{"type":"Feature","id":"S01-69c7ed611c-37382","properties":{"record_id":"S01-69c7ed611c-37382","source_id":"S01","source_row":37382,"source_hash":"69c7ed611ced1723e08414ff41cd56e9df41f78ab19d9a00b6920381c47ea4d7","theme":"coast","status":"DERIVADO","origin":"OFICIAL","name":"Costa de referencia","date":"2023–2025","clipped":false,"simplification_m":1,"OBJECTID":0,"CODIGO":205,"TIPO":"Insular","SUBTIPO":"Rompeolas","CAL_POS":"APROXIMADA"},"geometry":{"type":"LineString","coordinates":[[-89.77628657889976,21.263642275419528],[-89.77629777332872,21.26379709216673],[-89.77628064130106,21.26379899505268],[-89.77627493023353,21.263720949163606]]}},{"type":"Feature","id":"S01-69c7ed611c-37383","properties":{"record_id":"S01-69c7ed611c-37383","source_id":"S01","source_row":37383,"source_hash":"69c7ed611ced1723e08414ff41cd56e9df41f78ab19d9a00b6920381c47ea4d7","theme":"coast","status":"DERIVADO","origin":"OFICIAL","name":"Costa de referencia","date":"2023–2025","clipped":false,"simplification_m":1,"OBJECTID":0,"CODIGO":204,"TIPO":"Insular","SUBTIPO":"Playa","CAL_POS":"APROXIMADA"},"geometry":{"type":"LineString","coordinates":[[-89.77627493023353,21.263720949163606],[-89.77612358558406,21.26371127999015],[-89.77598557704046,21.26373150474921]]}},{"type":"Feature","id":"S01-69c7ed611c-37384","properties":{"record_id":"S01-69c7ed611c-37384","source_id":"S01","source_row":37384,"source_hash":"69c7ed611ced1723e08414ff41cd56e9df41f78ab19d9a00b6920381c47ea4d7","theme":"coast","status":"DERIVADO","origin":"OFICIAL","name":"Costa de referencia","date":"2023–2025","clipped":false,"simplification_m":1,"OBJECTID":0,"CODIGO":204,"TIPO":"Insular","SUBTIPO":"Playa","CAL_POS":"APROXIMADA"},"geometry":{"type":"LineString","coordinates":[[-89.77336582246933,21.264497691869664],[-89.77308392489283,21.264480153542227],[-89.77282389691801,21.26452679279058],[-89.77267673018476,21.26461000221483]]}},{"type":"Feature","id":"S01-69c7ed611c-37385","properties":{"record_id":"S01-69c7ed611c-37385","source_id":"S01","source_row":37385,"source_hash":"69c7ed611ced1723e08414ff41cd56e9df41f78ab19d9a00b6920381c47ea4d7","theme":"coast","status":"DERIVADO","origin":"OFICIAL","name":"Costa de referencia","date":"2023–2025","clipped":false,"simplification_m":1,"OBJECTID":0,"CODIGO":205,"TIPO":"Insular","SUBTIPO":"Rompeolas","CAL_POS":"APROXIMADA"},"geometry":{"type":"LineString","coordinates":[[-89.77598557704046,21.26373150474921],[-89.77599447555835,21.26387122559844],[-89.77597544072579,21.263871225660075],[-89.77597353711458,21.263833154593694]]}},{"type":"Feature","id":"S01-69c7ed611c-37386","properties":{"record_id":"S01-69c7ed611c-37386","source_id":"S01","source_row":37386,"source_hash":"69c7ed611ced1723e08414ff41cd56e9df41f78ab19d9a00b6920381c47ea4d7","theme":"coast","status":"DERIVADO","origin":"OFICIAL","name":"Costa de referencia","date":"2023–2025","clipped":false,"simplification_m":1,"OBJECTID":0,"CODIGO":205,"TIPO":"Insular","SUBTIPO":"Rompeolas","CAL_POS":"APROXIMADA"},"geometry":{"type":"LineString","coordinates":[[-89.78799928362928,21.26145935164299],[-89.78799980824532,21.26157004933379],[-89.78797839310651,21.261571239225564],[-89.78797264360871,21.26148372633277]]}},{"type":"Feature","id":"S01-69c7ed611c-37387","properties":{"record_id":"S01-69c7ed611c-37387","source_id":"S01","source_row":37387,"source_hash":"69c7ed611ced1723e08414ff41cd56e9df41f78ab19d9a00b6920381c47ea4d7","theme":"coast","status":"DERIVADO","origin":"OFICIAL","name":"Costa de referencia","date":"2023–2025","clipped":false,"simplification_m":1,"OBJECTID":0,"CODIGO":204,"TIPO":"Insular","SUBTIPO":"Playa","CAL_POS":"APROXIMADA"},"geometry":{"type":"LineString","coordinates":[[-89.78797264360871,21.26148372633277],[-89.78765359705562,21.26146511460201],[-89.78750288238466,21.26147358727969]]}},{"type":"Feature","id":"S01-69c7ed611c-37388","properties":{"record_id":"S01-69c7ed611c-37388","source_id":"S01","source_row":37388,"source_hash":"69c7ed611ced1723e08414ff41cd56e9df41f78ab19d9a00b6920381c47ea4d7","theme":"coast","status":"DERIVADO","origin":"OFICIAL","name":"Costa de referencia","date":"2023–2025","clipped":false,"simplification_m":1,"OBJECTID":0,"CODIGO":204,"TIPO":"Insular","SUBTIPO":"Playa","CAL_POS":"APROXIMADA"},"geometry":{"type":"LineString","coordinates":[[-89.78748507105274,21.261537870712022],[-89.78725049300094,21.261552447437413],[-89.7871230113224,21.261584148562424]]}},{"type":"Feature","id":"S01-69c7ed611c-37389","properties":{"record_id":"S01-69c7ed611c-37389","source_id":"S01","source_row":37389,"source_hash":"69c7ed611ced1723e08414ff41cd56e9df41f78ab19d9a00b6920381c47ea4d7","theme":"coast","status":"DERIVADO","origin":"OFICIAL","name":"Costa de referencia","date":"2023–2025","clipped":false,"simplification_m":1,"OBJECTID":0,"CODIGO":205,"TIPO":"Insular","SUBTIPO":"Rompeolas","CAL_POS":"APROXIMADA"},"geometry":{"type":"LineString","coordinates":[[-89.78750288238466,21.26147358727969],[-89.78752442234976,21.261663520729705],[-89.78749358128036,21.26166346274281],[-89.78748507105274,21.261537870712022]]}},{"type":"Feature","id":"S01-69c7ed611c-37390","properties":{"record_id":"S01-69c7ed611c-37390","source_id":"S01","source_row":37390,"source_hash":"69c7ed611ced1723e08414ff41cd56e9df41f78ab19d9a00b6920381c47ea4d7","theme":"coast","status":"DERIVADO","origin":"OFICIAL","name":"Costa de referencia","date":"2023–2025","clipped":false,"simplification_m":1,"OBJECTID":0,"CODIGO":205,"TIPO":"Insular","SUBTIPO":"Rompeolas","CAL_POS":"APROXIMADA"},"geometry":{"type":"LineString","coordinates":[[-89.7871230113224,21.261584148562424],[-89.78713014983651,21.261703121130367],[-89.78710181276986,21.261703197856107],[-89.78709918280128,21.261622754798758]]}},{"type":"Feature","id":"S01-69c7ed611c-37391","properties":{"record_id":"S01-69c7ed611c-37391","source_id":"S01","source_row":37391,"source_hash":"69c7ed611ced1723e08414ff41cd56e9df41f78ab19d9a00b6920381c47ea4d7","theme":"coast","status":"DERIVADO","origin":"OFICIAL","name":"Costa de referencia","date":"2023–2025","clipped":false,"simplification_m":1,"OBJECTID":0,"CODIGO":204,"TIPO":"Insular","SUBTIPO":"Playa","CAL_POS":"APROXIMADA"},"geometry":{"type":"LineString","coordinates":[[-89.78709918280128,21.261622754798758],[-89.78698749084653,21.261589894984844],[-89.78685995226591,21.261611785733276],[-89.78683941524979,21.26163490094783]]}},{"type":"Feature","id":"S01-69c7ed611c-37392","properties":{"record_id":"S01-69c7ed611c-37392","source_id":"S01","source_row":37392,"source_hash":"69c7ed611ced1723e08414ff41cd56e9df41f78ab19d9a00b6920381c47ea4d7","theme":"coast","status":"DERIVADO","origin":"OFICIAL","name":"Costa de referencia","date":"2023–2025","clipped":false,"simplification_m":1,"OBJECTID":0,"CODIGO":205,"TIPO":"Insular","SUBTIPO":"Rompeolas","CAL_POS":"APROXIMADA"},"geometry":{"type":"LineString","coordinates":[[-89.78664755466609,21.26167933650991],[-89.7866442997226,21.261801525563403],[-89.7866210050203,21.26180327613139],[-89.78662365877953,21.261683165477677]]}},{"type":"Feature","id":"S01-69c7ed611c-37393","properties":{"record_id":"S01-69c7ed611c-37393","source_id":"S01","source_row":37393,"source_hash":"69c7ed611ced1723e08414ff41cd56e9df41f78ab19d9a00b6920381c47ea4d7","theme":"coast","status":"DERIVADO","origin":"OFICIAL","name":"Costa de referencia","date":"2023–2025","clipped":false,"simplification_m":1,"OBJECTID":0,"CODIGO":205,"TIPO":"Insular","SUBTIPO":"Rompeolas","CAL_POS":"APROXIMADA"},"geometry":{"type":"LineString","coordinates":[[-89.78683941524979,21.26163490094783],[-89.78684490672455,21.261786253191723],[-89.78682427401746,21.26178701192994],[-89.78682313707111,21.261672465664596]]}},{"type":"Feature","id":"S01-69c7ed611c-37394","properties":{"record_id":"S01-69c7ed611c-37394","source_id":"S01","source_row":37394,"source_hash":"69c7ed611ced1723e08414ff41cd56e9df41f78ab19d9a00b6920381c47ea4d7","theme":"coast","status":"DERIVADO","origin":"OFICIAL","name":"Costa de referencia","date":"2023–2025","clipped":false,"simplification_m":1,"OBJECTID":0,"CODIGO":205,"TIPO":"Insular","SUBTIPO":"Rompeolas","CAL_POS":"APROXIMADA"},"geometry":{"type":"LineString","coordinates":[[-89.78653288563413,21.261697709642068],[-89.78652574827379,21.26178574968485],[-89.78650909176308,21.26178693857572],[-89.78650909205687,21.26173340159598]]}},{"type":"Feature","id":"S01-69c7ed611c-37395","properties":{"record_id":"S01-69c7ed611c-37395","source_id":"S01","source_row":37395,"source_hash":"69c7ed611ced1723e08414ff41cd56e9df41f78ab19d9a00b6920381c47ea4d7","theme":"coast","status":"DERIVADO","origin":"OFICIAL","name":"Costa de referencia","date":"2023–2025","clipped":false,"simplification_m":1,"OBJECTID":0,"CODIGO":204,"TIPO":"Insular","SUBTIPO":"Playa","CAL_POS":"APROXIMADA"},"geometry":{"type":"LineString","coordinates":[[-89.78650909205687,21.26173340159598],[-89.78628923787363,21.261734560057896]]}},{"type":"Feature","id":"S01-69c7ed611c-37396","properties":{"record_id":"S01-69c7ed611c-37396","source_id":"S01","source_row":37396,"source_hash":"69c7ed611ced1723e08414ff41cd56e9df41f78ab19d9a00b6920381c47ea4d7","theme":"coast","status":"DERIVADO","origin":"OFICIAL","name":"Costa de referencia","date":"2023–2025","clipped":false,"simplification_m":1,"OBJECTID":0,"CODIGO":204,"TIPO":"Insular","SUBTIPO":"Playa","CAL_POS":"APROXIMADA"},"geometry":{"type":"LineString","coordinates":[[-89.78605909526962,21.261834213314145],[-89.78591736022435,21.261818669070287],[-89.78558981043302,21.2618562155186]]}},{"type":"Feature","id":"S01-69c7ed611c-37397","properties":{"record_id":"S01-69c7ed611c-37397","source_id":"S01","source_row":37397,"source_hash":"69c7ed611ced1723e08414ff41cd56e9df41f78ab19d9a00b6920381c47ea4d7","theme":"coast","status":"DERIVADO","origin":"OFICIAL","name":"Costa de referencia","date":"2023–2025","clipped":false,"simplification_m":1,"OBJECTID":0,"CODIGO":204,"TIPO":"Insular","SUBTIPO":"Playa","CAL_POS":"APROXIMADA"},"geometry":{"type":"LineString","coordinates":[[-89.78556141202004,21.261897075050765],[-89.78535521489475,21.261880573589508],[-89.78524153503845,21.26188689700946],[-89.78516969070338,21.26191180279903]]}},{"type":"Feature","id":"S01-69c7ed611c-37398","properties":{"record_id":"S01-69c7ed611c-37398","source_id":"S01","source_row":37398,"source_hash":"69c7ed611ced1723e08414ff41cd56e9df41f78ab19d9a00b6920381c47ea4d7","theme":"coast","status":"DERIVADO","origin":"OFICIAL","name":"Costa de referencia","date":"2023–2025","clipped":false,"simplification_m":1,"OBJECTID":0,"CODIGO":205,"TIPO":"Insular","SUBTIPO":"Rompeolas","CAL_POS":"APROXIMADA"},"geometry":{"type":"LineString","coordinates":[[-89.78558981043302,21.2618562155186],[-89.78559441206914,21.261997875979482],[-89.78557775633132,21.262001445431547],[-89.78556141202004,21.261897075050765]]}},{"type":"Feature","id":"S01-69c7ed611c-37399","properties":{"record_id":"S01-69c7ed611c-37399","source_id":"S01","source_row":37399,"source_hash":"69c7ed611ced1723e08414ff41cd56e9df41f78ab19d9a00b6920381c47ea4d7","theme":"coast","status":"DERIVADO","origin":"OFICIAL","name":"Costa de referencia","date":"2023–2025","clipped":false,"simplification_m":1,"OBJECTID":0,"CODIGO":205,"TIPO":"Insular","SUBTIPO":"Rompeolas","CAL_POS":"APROXIMADA"},"geometry":{"type":"LineString","coordinates":[[-89.78516969070338,21.26191180279903],[-89.78516397953835,21.26196890904185],[-89.78514875151846,21.261968909792294],[-89.78515065455572,21.26191941650716]]}},{"type":"Feature","id":"S01-69c7ed611c-37400","properties":{"record_id":"S01-69c7ed611c-37400","source_id":"S01","source_row":37400,"source_hash":"69c7ed611ced1723e08414ff41cd56e9df41f78ab19d9a00b6920381c47ea4d7","theme":"coast","status":"DERIVADO","origin":"OFICIAL","name":"Costa de referencia","date":"2023–2025","clipped":false,"simplification_m":1,"OBJECTID":0,"CODIGO":205,"TIPO":"Insular","SUBTIPO":"Rompeolas","CAL_POS":"APROXIMADA"},"geometry":{"type":"LineString","coordinates":[[-89.7860802921667,21.26178658276175],[-89.78608196993058,21.261879416408238],[-89.7860576169794,21.261879142394278],[-89.78605909526962,21.261834213314145]]}},{"type":"Feature","id":"S01-69c7ed611c-37401","properties":{"record_id":"S01-69c7ed611c-37401","source_id":"S01","source_row":37401,"source_hash":"69c7ed611ced1723e08414ff41cd56e9df41f78ab19d9a00b6920381c47ea4d7","theme":"coast","status":"DERIVADO","origin":"OFICIAL","name":"Costa de referencia","date":"2023–2025","clipped":false,"simplification_m":1,"OBJECTID":0,"CODIGO":204,"TIPO":"Insular","SUBTIPO":"Playa","CAL_POS":"APROXIMADA"},"geometry":{"type":"LineString","coordinates":[[-89.78515065455572,21.26191941650716],[-89.78499835723044,21.261920305944628],[-89.78493354041419,21.261943958998128]]}},{"type":"Feature","id":"S01-69c7ed611c-37402","properties":{"record_id":"S01-69c7ed611c-37402","source_id":"S01","source_row":37402,"source_hash":"69c7ed611ced1723e08414ff41cd56e9df41f78ab19d9a00b6920381c47ea4d7","theme":"coast","status":"DERIVADO","origin":"OFICIAL","name":"Costa de referencia","date":"2023–2025","clipped":false,"simplification_m":1,"OBJECTID":0,"CODIGO":204,"TIPO":"Insular","SUBTIPO":"Playa","CAL_POS":"APROXIMADA"},"geometry":{"type":"LineString","coordinates":[[-89.78475832622227,21.262009884924304],[-89.78437158110789,21.262051486031844]]}},{"type":"Feature","id":"S01-69c7ed611c-37403","properties":{"record_id":"S01-69c7ed611c-37403","source_id":"S01","source_row":37403,"source_hash":"69c7ed611ced1723e08414ff41cd56e9df41f78ab19d9a00b6920381c47ea4d7","theme":"coast","status":"DERIVADO","origin":"OFICIAL","name":"Costa de referencia","date":"2023–2025","clipped":false,"simplification_m":1,"OBJECTID":0,"CODIGO":205,"TIPO":"Insular","SUBTIPO":"Rompeolas","CAL_POS":"APROXIMADA"},"geometry":{"type":"LineString","coordinates":[[-89.78493354041419,21.261943958998128],[-89.784943152583,21.262048797043757],[-89.78492411712632,21.262048797237416],[-89.78491450517565,21.26198107796809]]}},{"type":"Feature","id":"S01-69c7ed611c-37404","properties":{"record_id":"S01-69c7ed611c-37404","source_id":"S01","source_row":37404,"source_hash":"69c7ed611ced1723e08414ff41cd56e9df41f78ab19d9a00b6920381c47ea4d7","theme":"coast","status":"DERIVADO","origin":"OFICIAL","name":"Costa de referencia","date":"2023–2025","clipped":false,"simplification_m":1,"OBJECTID":0,"CODIGO":204,"TIPO":"Insular","SUBTIPO":"Playa","CAL_POS":"APROXIMADA"},"geometry":{"type":"LineString","coordinates":[[-89.78985039540649,21.260998503039787],[-89.78978554852812,21.260996251451402],[-89.78956615594853,21.261041241936844]]}},{"type":"Feature","id":"S01-69c7ed611c-37405","properties":{"record_id":"S01-69c7ed611c-37405","source_id":"S01","source_row":37405,"source_hash":"69c7ed611ced1723e08414ff41cd56e9df41f78ab19d9a00b6920381c47ea4d7","theme":"coast","status":"DERIVADO","origin":"OFICIAL","name":"Costa de referencia","date":"2023–2025","clipped":false,"simplification_m":1,"OBJECTID":0,"CODIGO":205,"TIPO":"Insular","SUBTIPO":"Rompeolas","CAL_POS":"APROXIMADA"},"geometry":{"type":"LineString","coordinates":[[-89.7882730399715,21.261402943989566],[-89.78828365494697,21.261611017832667],[-89.78824472202207,21.2616151311352],[-89.7882397249328,21.261415940844575]]}},{"type":"Feature","id":"S01-69c7ed611c-37406","properties":{"record_id":"S01-69c7ed611c-37406","source_id":"S01","source_row":37406,"source_hash":"69c7ed611ced1723e08414ff41cd56e9df41f78ab19d9a00b6920381c47ea4d7","theme":"coast","status":"DERIVADO","origin":"OFICIAL","name":"Costa de referencia","date":"2023–2025","clipped":false,"simplification_m":1,"OBJECTID":0,"CODIGO":204,"TIPO":"Insular","SUBTIPO":"Playa","CAL_POS":"APROXIMADA"},"geometry":{"type":"LineString","coordinates":[[-89.78941569391249,21.261134129253882],[-89.78929835200404,21.26115245174545],[-89.7890633383326,21.26125073414448]]}},{"type":"Feature","id":"S01-69c7ed611c-37407","properties":{"record_id":"S01-69c7ed611c-37407","source_id":"S01","source_row":37407,"source_hash":"69c7ed611ced1723e08414ff41cd56e9df41f78ab19d9a00b6920381c47ea4d7","theme":"coast","status":"DERIVADO","origin":"OFICIAL","name":"Costa de referencia","date":"2023–2025","clipped":false,"simplification_m":1,"OBJECTID":0,"CODIGO":205,"TIPO":"Insular","SUBTIPO":"Rompeolas","CAL_POS":"APROXIMADA"},"geometry":{"type":"LineString","coordinates":[[-89.7890633383326,21.26125073414448],[-89.78908237385798,21.26139921262698],[-89.78906524203596,21.26140301938941],[-89.78904887267453,21.261295139574372]]}},{"type":"Feature","id":"S01-69c7ed611c-37408","properties":{"record_id":"S01-69c7ed611c-37408","source_id":"S01","source_row":37408,"source_hash":"69c7ed611ced1723e08414ff41cd56e9df41f78ab19d9a00b6920381c47ea4d7","theme":"coast","status":"DERIVADO","origin":"OFICIAL","name":"Costa de referencia","date":"2023–2025","clipped":false,"simplification_m":1,"OBJECTID":0,"CODIGO":205,"TIPO":"Insular","SUBTIPO":"Rompeolas","CAL_POS":"APROXIMADA"},"geometry":{"type":"LineString","coordinates":[[-89.78986562367749,21.260941395913857],[-89.78986943053881,21.261093681212245],[-89.78985610627066,21.26109177834299],[-89.78985039540649,21.260998503039787]]}},{"type":"Feature","id":"S01-69c7ed611c-37409","properties":{"record_id":"S01-69c7ed611c-37409","source_id":"S01","source_row":37409,"source_hash":"69c7ed611ced1723e08414ff41cd56e9df41f78ab19d9a00b6920381c47ea4d7","theme":"coast","status":"DERIVADO","origin":"OFICIAL","name":"Costa de referencia","date":"2023–2025","clipped":false,"simplification_m":1,"OBJECTID":0,"CODIGO":204,"TIPO":"Insular","SUBTIPO":"Playa","CAL_POS":"APROXIMADA"},"geometry":{"type":"LineString","coordinates":[[-89.79171922405793,21.260141421256552],[-89.79151318514378,21.26018025692629],[-89.79141841707042,21.260216048926445]]}},{"type":"Feature","id":"S01-69c7ed611c-37410","properties":{"record_id":"S01-69c7ed611c-37410","source_id":"S01","source_row":37410,"source_hash":"69c7ed611ced1723e08414ff41cd56e9df41f78ab19d9a00b6920381c47ea4d7","theme":"coast","status":"DERIVADO","origin":"OFICIAL","name":"Costa de referencia","date":"2023–2025","clipped":false,"simplification_m":1,"OBJECTID":0,"CODIGO":205,"TIPO":"Insular","SUBTIPO":"Rompeolas","CAL_POS":"APROXIMADA"},"geometry":{"type":"LineString","coordinates":[[-89.7917116610294,21.26004291810331],[-89.79178764951624,21.260260040577425],[-89.79176210592085,21.260269563396268],[-89.79171922405793,21.260141421256552]]}},{"type":"Feature","id":"S01-69c7ed611c-37411","properties":{"record_id":"S01-69c7ed611c-37411","source_id":"S01","source_row":37411,"source_hash":"69c7ed611ced1723e08414ff41cd56e9df41f78ab19d9a00b6920381c47ea4d7","theme":"coast","status":"DERIVADO","origin":"OFICIAL","name":"Costa de referencia","date":"2023–2025","clipped":false,"simplification_m":1,"OBJECTID":0,"CODIGO":205,"TIPO":"Insular","SUBTIPO":"Rompeolas","CAL_POS":"APROXIMADA"},"geometry":{"type":"LineString","coordinates":[[-89.79141841707042,21.260216048926445],[-89.79142687126857,21.260281301557907],[-89.79140237288289,21.260279341949886],[-89.79139636501628,21.260243524144474]]}},{"type":"Feature","id":"S01-69c7ed611c-37412","properties":{"record_id":"S01-69c7ed611c-37412","source_id":"S01","source_row":37412,"source_hash":"69c7ed611ced1723e08414ff41cd56e9df41f78ab19d9a00b6920381c47ea4d7","theme":"coast","status":"DERIVADO","origin":"OFICIAL","name":"Costa de referencia","date":"2023–2025","clipped":false,"simplification_m":1,"OBJECTID":0,"CODIGO":204,"TIPO":"Insular","SUBTIPO":"Playa","CAL_POS":"APROXIMADA"},"geometry":{"type":"LineString","coordinates":[[-89.79139636501628,21.260243524144474],[-89.79131367811945,21.26025971778427],[-89.79121278626538,21.26030692003192]]}},{"type":"Feature","id":"S01-69c7ed611c-37413","properties":{"record_id":"S01-69c7ed611c-37413","source_id":"S01","source_row":37413,"source_hash":"69c7ed611ced1723e08414ff41cd56e9df41f78ab19d9a00b6920381c47ea4d7","theme":"coast","status":"DERIVADO","origin":"OFICIAL","name":"Costa de referencia","date":"2023–2025","clipped":false,"simplification_m":1,"OBJECTID":0,"CODIGO":205,"TIPO":"Insular","SUBTIPO":"Rompeolas","CAL_POS":"APROXIMADA"},"geometry":{"type":"LineString","coordinates":[[-89.79121278626538,21.26030692003192],[-89.79127236126529,21.26051214113505],[-89.79125094616293,21.260524037741348],[-89.79120954269963,21.260410299923507]]}},{"type":"Feature","id":"S01-69c7ed611c-37414","properties":{"record_id":"S01-69c7ed611c-37414","source_id":"S01","source_row":37414,"source_hash":"69c7ed611ced1723e08414ff41cd56e9df41f78ab19d9a00b6920381c47ea4d7","theme":"coast","status":"DERIVADO","origin":"OFICIAL","name":"Costa de referencia","date":"2023–2025","clipped":false,"simplification_m":1,"OBJECTID":0,"CODIGO":205,"TIPO":"Insular","SUBTIPO":"Rompeolas","CAL_POS":"APROXIMADA"},"geometry":{"type":"LineString","coordinates":[[-89.79099008940585,21.260437202645473],[-89.79106597960744,21.260597486889157],[-89.79104095853312,21.26060126840612],[-89.79098401963253,21.260479685178623]]}},{"type":"Feature","id":"S01-69c7ed611c-37415","properties":{"record_id":"S01-69c7ed611c-37415","source_id":"S01","source_row":37415,"source_hash":"69c7ed611ced1723e08414ff41cd56e9df41f78ab19d9a00b6920381c47ea4d7","theme":"coast","status":"DERIVADO","origin":"OFICIAL","name":"Costa de referencia","date":"2023–2025","clipped":false,"simplification_m":1,"OBJECTID":0,"CODIGO":205,"TIPO":"Insular","SUBTIPO":"Rompeolas","CAL_POS":"APROXIMADA"},"geometry":{"type":"LineString","coordinates":[[-89.7908808206011,21.260530627827595],[-89.79094825369044,21.26083746146945],[-89.79092401080472,21.260835522229687],[-89.79088947489532,21.26070890708582]]}},{"type":"Feature","id":"S01-69c7ed611c-37416","properties":{"record_id":"S01-69c7ed611c-37416","source_id":"S01","source_row":37416,"source_hash":"69c7ed611ced1723e08414ff41cd56e9df41f78ab19d9a00b6920381c47ea4d7","theme":"coast","status":"DERIVADO","origin":"OFICIAL","name":"Costa de referencia","date":"2023–2025","clipped":false,"simplification_m":1,"OBJECTID":0,"CODIGO":204,"TIPO":"Insular","SUBTIPO":"Playa","CAL_POS":"APROXIMADA"},"geometry":{"type":"LineString","coordinates":[[-89.790115041327,21.260934660607074],[-89.78986562367749,21.260941395913857]]}},{"type":"Feature","id":"S01-69c7ed611c-37417","properties":{"record_id":"S01-69c7ed611c-37417","source_id":"S01","source_row":37417,"source_hash":"69c7ed611ced1723e08414ff41cd56e9df41f78ab19d9a00b6920381c47ea4d7","theme":"coast","status":"DERIVADO","origin":"OFICIAL","name":"Costa de referencia","date":"2023–2025","clipped":false,"simplification_m":1,"OBJECTID":0,"CODIGO":204,"TIPO":"Insular","SUBTIPO":"Playa","CAL_POS":"APROXIMADA"},"geometry":{"type":"LineString","coordinates":[[-89.79035610375968,21.260898524600012],[-89.79026061382666,21.26089475809539],[-89.79014037311367,21.260924639331677]]}},{"type":"Feature","id":"S01-69c7ed611c-37418","properties":{"record_id":"S01-69c7ed611c-37418","source_id":"S01","source_row":37418,"source_hash":"69c7ed611ced1723e08414ff41cd56e9df41f78ab19d9a00b6920381c47ea4d7","theme":"coast","status":"DERIVADO","origin":"OFICIAL","name":"Costa de referencia","date":"2023–2025","clipped":false,"simplification_m":1,"OBJECTID":0,"CODIGO":204,"TIPO":"Insular","SUBTIPO":"Playa","CAL_POS":"APROXIMADA"},"geometry":{"type":"LineString","coordinates":[[-89.79088947489532,21.26070890708582],[-89.79057452865443,21.260804458646763]]}},{"type":"Feature","id":"S01-69c7ed611c-37419","properties":{"record_id":"S01-69c7ed611c-37419","source_id":"S01","source_row":37419,"source_hash":"69c7ed611ced1723e08414ff41cd56e9df41f78ab19d9a00b6920381c47ea4d7","theme":"coast","status":"DERIVADO","origin":"OFICIAL","name":"Costa de referencia","date":"2023–2025","clipped":false,"simplification_m":1,"OBJECTID":0,"CODIGO":204,"TIPO":"Insular","SUBTIPO":"Playa","CAL_POS":"APROXIMADA"},"geometry":{"type":"LineString","coordinates":[[-89.79054262676152,21.26085441077115],[-89.79037962187446,21.26086858765095]]}},{"type":"Feature","id":"S01-69c7ed611c-37420","properties":{"record_id":"S01-69c7ed611c-37420","source_id":"S01","source_row":37420,"source_hash":"69c7ed611ced1723e08414ff41cd56e9df41f78ab19d9a00b6920381c47ea4d7","theme":"coast","status":"DERIVADO","origin":"OFICIAL","name":"Costa de referencia","date":"2023–2025","clipped":false,"simplification_m":1,"OBJECTID":0,"CODIGO":205,"TIPO":"Insular","SUBTIPO":"Rompeolas","CAL_POS":"APROXIMADA"},"geometry":{"type":"LineString","coordinates":[[-89.79014037311367,21.260924639331677],[-89.79014779789026,21.260984268098813],[-89.79012315203178,21.26098817420422],[-89.790115041327,21.260934660607074]]}},{"type":"Feature","id":"S01-69c7ed611c-37421","properties":{"record_id":"S01-69c7ed611c-37421","source_id":"S01","source_row":37421,"source_hash":"69c7ed611ced1723e08414ff41cd56e9df41f78ab19d9a00b6920381c47ea4d7","theme":"coast","status":"DERIVADO","origin":"OFICIAL","name":"Costa de referencia","date":"2023–2025","clipped":false,"simplification_m":1,"OBJECTID":0,"CODIGO":205,"TIPO":"Insular","SUBTIPO":"Rompeolas","CAL_POS":"APROXIMADA"},"geometry":{"type":"LineString","coordinates":[[-89.79037962187446,21.26086858765095],[-89.79039255150614,21.26106288230949],[-89.79036532003327,21.26106552246394],[-89.79035610375968,21.260898524600012]]}},{"type":"Feature","id":"S01-69c7ed611c-37422","properties":{"record_id":"S01-69c7ed611c-37422","source_id":"S01","source_row":37422,"source_hash":"69c7ed611ced1723e08414ff41cd56e9df41f78ab19d9a00b6920381c47ea4d7","theme":"coast","status":"DERIVADO","origin":"OFICIAL","name":"Costa de referencia","date":"2023–2025","clipped":false,"simplification_m":1,"OBJECTID":0,"CODIGO":205,"TIPO":"Insular","SUBTIPO":"Rompeolas","CAL_POS":"APROXIMADA"},"geometry":{"type":"LineString","coordinates":[[-89.79057452865443,21.260804458646763],[-89.79058339214015,21.260982356736083],[-89.79055674161496,21.260984261097704],[-89.79054262676152,21.26085441077115]]}},{"type":"Feature","id":"S01-69c7ed611c-37423","properties":{"record_id":"S01-69c7ed611c-37423","source_id":"S01","source_row":37423,"source_hash":"69c7ed611ced1723e08414ff41cd56e9df41f78ab19d9a00b6920381c47ea4d7","theme":"coast","status":"DERIVADO","origin":"OFICIAL","name":"Costa de referencia","date":"2023–2025","clipped":false,"simplification_m":1,"OBJECTID":0,"CODIGO":204,"TIPO":"Insular","SUBTIPO":"Playa","CAL_POS":"APROXIMADA"},"geometry":{"type":"LineString","coordinates":[[-89.79379051048578,21.259278501492947],[-89.79348921378812,21.25928965498445],[-89.79335670273201,21.259310863576903],[-89.79331322924821,21.259331806338647],[-89.79329514139371,21.259365954631186]]}},{"type":"Feature","id":"S01-69c7ed611c-37424","properties":{"record_id":"S01-69c7ed611c-37424","source_id":"S01","source_row":37424,"source_hash":"69c7ed611ced1723e08414ff41cd56e9df41f78ab19d9a00b6920381c47ea4d7","theme":"coast","status":"DERIVADO","origin":"OFICIAL","name":"Costa de referencia","date":"2023–2025","clipped":false,"simplification_m":1,"OBJECTID":0,"CODIGO":204,"TIPO":"Insular","SUBTIPO":"Playa","CAL_POS":"APROXIMADA"},"geometry":{"type":"LineString","coordinates":[[-89.79328086404668,21.259425441142472],[-89.79323455265744,21.259411586547856],[-89.79312533495683,21.25941444206674],[-89.79308250509766,21.259435143909432],[-89.79307837135563,21.2594799314616]]}},{"type":"Feature","id":"S01-69c7ed611c-37425","properties":{"record_id":"S01-69c7ed611c-37425","source_id":"S01","source_row":37425,"source_hash":"69c7ed611ced1723e08414ff41cd56e9df41f78ab19d9a00b6920381c47ea4d7","theme":"coast","status":"DERIVADO","origin":"OFICIAL","name":"Costa de referencia","date":"2023–2025","clipped":false,"simplification_m":1,"OBJECTID":0,"CODIGO":204,"TIPO":"Insular","SUBTIPO":"Playa","CAL_POS":"APROXIMADA"},"geometry":{"type":"LineString","coordinates":[[-89.79306409423849,21.25952038241963],[-89.7927981104882,21.25953991600927],[-89.79259724607223,21.25957782541675]]}},{"type":"Feature","id":"S01-69c7ed611c-37426","properties":{"record_id":"S01-69c7ed611c-37426","source_id":"S01","source_row":37426,"source_hash":"69c7ed611ced1723e08414ff41cd56e9df41f78ab19d9a00b6920381c47ea4d7","theme":"coast","status":"DERIVADO","origin":"OFICIAL","name":"Costa de referencia","date":"2023–2025","clipped":false,"simplification_m":1,"OBJECTID":0,"CODIGO":205,"TIPO":"Insular","SUBTIPO":"Rompeolas","CAL_POS":"APROXIMADA"},"geometry":{"type":"LineString","coordinates":[[-89.79190558702756,21.259860889245868],[-89.79195317553061,21.260036969403814],[-89.79193176082866,21.260042918300726],[-89.79190037967913,21.25994453364426]]}},{"type":"Feature","id":"S01-69c7ed611c-37427","properties":{"record_id":"S01-69c7ed611c-37427","source_id":"S01","source_row":37427,"source_hash":"69c7ed611ced1723e08414ff41cd56e9df41f78ab19d9a00b6920381c47ea4d7","theme":"coast","status":"DERIVADO","origin":"OFICIAL","name":"Costa de referencia","date":"2023–2025","clipped":false,"simplification_m":1,"OBJECTID":0,"CODIGO":205,"TIPO":"Insular","SUBTIPO":"Rompeolas","CAL_POS":"APROXIMADA"},"geometry":{"type":"LineString","coordinates":[[-89.79244107271283,21.25964436898698],[-89.79246408384108,21.25978692809909],[-89.79243489307605,21.259791340761716],[-89.79241840759859,21.25970134950991]]}},{"type":"Feature","id":"S01-69c7ed611c-37428","properties":{"record_id":"S01-69c7ed611c-37428","source_id":"S01","source_row":37428,"source_hash":"69c7ed611ced1723e08414ff41cd56e9df41f78ab19d9a00b6920381c47ea4d7","theme":"coast","status":"DERIVADO","origin":"OFICIAL","name":"Costa de referencia","date":"2023–2025","clipped":false,"simplification_m":1,"OBJECTID":0,"CODIGO":205,"TIPO":"Insular","SUBTIPO":"Rompeolas","CAL_POS":"APROXIMADA"},"geometry":{"type":"LineString","coordinates":[[-89.79329514139371,21.259365954631186],[-89.79335305008519,21.25955578246034],[-89.79332663835326,21.259561493087535],[-89.79328086404668,21.259425441142472]]}},{"type":"Feature","id":"S01-69c7ed611c-37429","properties":{"record_id":"S01-69c7ed611c-37429","source_id":"S01","source_row":37429,"source_hash":"69c7ed611ced1723e08414ff41cd56e9df41f78ab19d9a00b6920381c47ea4d7","theme":"coast","status":"DERIVADO","origin":"OFICIAL","name":"Costa de referencia","date":"2023–2025","clipped":false,"simplification_m":1,"OBJECTID":0,"CODIGO":205,"TIPO":"Insular","SUBTIPO":"Rompeolas","CAL_POS":"APROXIMADA"},"geometry":{"type":"LineString","coordinates":[[-89.79307837135563,21.2594799314616],[-89.7931045445769,21.25958224788602],[-89.79308550975037,21.25958700664255],[-89.79306409423849,21.25952038241963]]}},{"type":"Feature","id":"S01-69c7ed611c-37430","properties":{"record_id":"S01-69c7ed611c-37430","source_id":"S01","source_row":37430,"source_hash":"69c7ed611ced1723e08414ff41cd56e9df41f78ab19d9a00b6920381c47ea4d7","theme":"coast","status":"DERIVADO","origin":"OFICIAL","name":"Costa de referencia","date":"2023–2025","clipped":false,"simplification_m":1,"OBJECTID":0,"CODIGO":205,"TIPO":"Insular","SUBTIPO":"Rompeolas","CAL_POS":"APROXIMADA"},"geometry":{"type":"LineString","coordinates":[[-89.79379765005045,21.259226154147434],[-89.79381906437023,21.25933085015255],[-89.79380240870475,21.25933323016514],[-89.79379051048578,21.259278501492947]]}},{"type":"Feature","id":"S01-69c7ed611c-37431","properties":{"record_id":"S01-69c7ed611c-37431","source_id":"S01","source_row":37431,"source_hash":"69c7ed611ced1723e08414ff41cd56e9df41f78ab19d9a00b6920381c47ea4d7","theme":"coast","status":"DERIVADO","origin":"OFICIAL","name":"Costa de referencia","date":"2023–2025","clipped":false,"simplification_m":1,"OBJECTID":0,"CODIGO":204,"TIPO":"Insular","SUBTIPO":"Playa","CAL_POS":"APROXIMADA"},"geometry":{"type":"LineString","coordinates":[[-89.79625447558958,21.258682811347995],[-89.79614026225553,21.25867567344267],[-89.79597355043376,21.258709169779088]]}},{"type":"Feature","id":"S01-69c7ed611c-37432","properties":{"record_id":"S01-69c7ed611c-37432","source_id":"S01","source_row":37432,"source_hash":"69c7ed611ced1723e08414ff41cd56e9df41f78ab19d9a00b6920381c47ea4d7","theme":"coast","status":"DERIVADO","origin":"OFICIAL","name":"Costa de referencia","date":"2023–2025","clipped":false,"simplification_m":1,"OBJECTID":0,"CODIGO":204,"TIPO":"Insular","SUBTIPO":"Playa","CAL_POS":"APROXIMADA"},"geometry":{"type":"LineString","coordinates":[[-89.79595609210455,21.25881891696384],[-89.79581466681663,21.258829851529743],[-89.79572934887658,21.258863510163607]]}},{"type":"Feature","id":"S01-69c7ed611c-37433","properties":{"record_id":"S01-69c7ed611c-37433","source_id":"S01","source_row":37433,"source_hash":"69c7ed611ced1723e08414ff41cd56e9df41f78ab19d9a00b6920381c47ea4d7","theme":"coast","status":"DERIVADO","origin":"OFICIAL","name":"Costa de referencia","date":"2023–2025","clipped":false,"simplification_m":1,"OBJECTID":0,"CODIGO":205,"TIPO":"Insular","SUBTIPO":"Rompeolas","CAL_POS":"APROXIMADA"},"geometry":{"type":"LineString","coordinates":[[-89.79549108160055,21.258928310778984],[-89.7955052180622,21.259044137029946],[-89.79547637590709,21.25904472220599],[-89.7954685283437,21.258972772009912]]}},{"type":"Feature","id":"S01-69c7ed611c-37434","properties":{"record_id":"S01-69c7ed611c-37434","source_id":"S01","source_row":37434,"source_hash":"69c7ed611ced1723e08414ff41cd56e9df41f78ab19d9a00b6920381c47ea4d7","theme":"coast","status":"DERIVADO","origin":"OFICIAL","name":"Costa de referencia","date":"2023–2025","clipped":false,"simplification_m":1,"OBJECTID":0,"CODIGO":204,"TIPO":"Insular","SUBTIPO":"Playa","CAL_POS":"APROXIMADA"},"geometry":{"type":"LineString","coordinates":[[-89.79443644254641,21.259139870848024],[-89.79397803842367,21.259183209693745],[-89.79379765005045,21.259226154147434]]}},{"type":"Feature","id":"S01-69c7ed611c-37435","properties":{"record_id":"S01-69c7ed611c-37435","source_id":"S01","source_row":37435,"source_hash":"69c7ed611ced1723e08414ff41cd56e9df41f78ab19d9a00b6920381c47ea4d7","theme":"coast","status":"DERIVADO","origin":"OFICIAL","name":"Costa de referencia","date":"2023–2025","clipped":false,"simplification_m":1,"OBJECTID":0,"CODIGO":204,"TIPO":"Insular","SUBTIPO":"Playa","CAL_POS":"APROXIMADA"},"geometry":{"type":"LineString","coordinates":[[-89.79525338501317,21.258993264142095],[-89.7948641732071,21.259047086361022],[-89.79476820993594,21.259075802331775],[-89.79446659190178,21.259124932969904]]}},{"type":"Feature","id":"S01-69c7ed611c-37436","properties":{"record_id":"S01-69c7ed611c-37436","source_id":"S01","source_row":37436,"source_hash":"69c7ed611ced1723e08414ff41cd56e9df41f78ab19d9a00b6920381c47ea4d7","theme":"coast","status":"DERIVADO","origin":"OFICIAL","name":"Costa de referencia","date":"2023–2025","clipped":false,"simplification_m":1,"OBJECTID":0,"CODIGO":205,"TIPO":"Insular","SUBTIPO":"Rompeolas","CAL_POS":"APROXIMADA"},"geometry":{"type":"LineString","coordinates":[[-89.79446659190178,21.259124932969904],[-89.7944693390565,21.259275510874716],[-89.7944372604592,21.259277764092715],[-89.79443644254641,21.259139870848024]]}},{"type":"Feature","id":"S01-69c7ed611c-37437","properties":{"record_id":"S01-69c7ed611c-37437","source_id":"S01","source_row":37437,"source_hash":"69c7ed611ced1723e08414ff41cd56e9df41f78ab19d9a00b6920381c47ea4d7","theme":"coast","status":"DERIVADO","origin":"OFICIAL","name":"Costa de referencia","date":"2023–2025","clipped":false,"simplification_m":1,"OBJECTID":0,"CODIGO":205,"TIPO":"Insular","SUBTIPO":"Rompeolas","CAL_POS":"APROXIMADA"},"geometry":{"type":"LineString","coordinates":[[-89.79572934887658,21.258863510163607],[-89.79574704582144,21.258985404042],[-89.79573249462553,21.258987131990555],[-89.79571090292698,21.258896733001603]]}},{"type":"Feature","id":"S01-69c7ed611c-37438","properties":{"record_id":"S01-69c7ed611c-37438","source_id":"S01","source_row":37438,"source_hash":"69c7ed611ced1723e08414ff41cd56e9df41f78ab19d9a00b6920381c47ea4d7","theme":"coast","status":"DERIVADO","origin":"OFICIAL","name":"Costa de referencia","date":"2023–2025","clipped":false,"simplification_m":1,"OBJECTID":0,"CODIGO":205,"TIPO":"Insular","SUBTIPO":"Rompeolas","CAL_POS":"APROXIMADA"},"geometry":{"type":"LineString","coordinates":[[-89.79528413436239,21.258987905519298],[-89.7952814357178,21.25904506224873],[-89.79526193189731,21.25904993766843],[-89.79525338501317,21.258993264142095]]}},{"type":"Feature","id":"S01-69c7ed611c-37439","properties":{"record_id":"S01-69c7ed611c-37439","source_id":"S01","source_row":37439,"source_hash":"69c7ed611ced1723e08414ff41cd56e9df41f78ab19d9a00b6920381c47ea4d7","theme":"coast","status":"DERIVADO","origin":"OFICIAL","name":"Costa de referencia","date":"2023–2025","clipped":false,"simplification_m":1,"OBJECTID":0,"CODIGO":205,"TIPO":"Insular","SUBTIPO":"Rompeolas","CAL_POS":"APROXIMADA"},"geometry":{"type":"LineString","coordinates":[[-89.79627764520588,21.258627793266957],[-89.79631277262052,21.258817964599565],[-89.79628659920407,21.258820344291554],[-89.79625447558958,21.258682811347995]]}},{"type":"Feature","id":"S01-69c7ed611c-37440","properties":{"record_id":"S01-69c7ed611c-37440","source_id":"S01","source_row":37440,"source_hash":"69c7ed611ced1723e08414ff41cd56e9df41f78ab19d9a00b6920381c47ea4d7","theme":"coast","status":"DERIVADO","origin":"OFICIAL","name":"Costa de referencia","date":"2023–2025","clipped":false,"simplification_m":1,"OBJECTID":0,"CODIGO":205,"TIPO":"Insular","SUBTIPO":"Rompeolas","CAL_POS":"APROXIMADA"},"geometry":{"type":"LineString","coordinates":[[-89.79597355043376,21.258709169779088],[-89.79600368088259,21.2588926796696],[-89.79598464454621,21.25890219798454],[-89.79595609210455,21.25881891696384]]}},{"type":"Feature","id":"S01-69c7ed611c-37441","properties":{"record_id":"S01-69c7ed611c-37441","source_id":"S01","source_row":37441,"source_hash":"69c7ed611ced1723e08414ff41cd56e9df41f78ab19d9a00b6920381c47ea4d7","theme":"coast","status":"DERIVADO","origin":"OFICIAL","name":"Costa de referencia","date":"2023–2025","clipped":false,"simplification_m":1,"OBJECTID":0,"CODIGO":204,"TIPO":"Insular","SUBTIPO":"Playa","CAL_POS":"APROXIMADA"},"geometry":{"type":"LineString","coordinates":[[-89.79824554005025,21.25832040844106],[-89.79802940403529,21.258292289124956],[-89.79782381892731,21.258304423658817]]}},{"type":"Feature","id":"S01-69c7ed611c-37442","properties":{"record_id":"S01-69c7ed611c-37442","source_id":"S01","source_row":37442,"source_hash":"69c7ed611ced1723e08414ff41cd56e9df41f78ab19d9a00b6920381c47ea4d7","theme":"coast","status":"DERIVADO","origin":"OFICIAL","name":"Costa de referencia","date":"2023–2025","clipped":false,"simplification_m":1,"OBJECTID":0,"CODIGO":204,"TIPO":"Insular","SUBTIPO":"Playa","CAL_POS":"APROXIMADA"},"geometry":{"type":"LineString","coordinates":[[-89.79747537805746,21.258558841906677],[-89.79725488973665,21.25851286528464],[-89.79710783896205,21.258531423710462],[-89.79682230412439,21.25850144330648],[-89.79666376027156,21.258552385878684],[-89.7966595070388,21.258649558416582],[-89.79663005447475,21.258659949714374],[-89.7965710331543,21.25863350305174],[-89.79644111443586,21.25861137440105],[-89.79637258640717,21.25860851881908],[-89.79627764520588,21.258627793266957]]}},{"type":"Feature","id":"S01-69c7ed611c-37443","properties":{"record_id":"S01-69c7ed611c-37443","source_id":"S01","source_row":37443,"source_hash":"69c7ed611ced1723e08414ff41cd56e9df41f78ab19d9a00b6920381c47ea4d7","theme":"coast","status":"DERIVADO","origin":"OFICIAL","name":"Costa de referencia","date":"2023–2025","clipped":false,"simplification_m":1,"OBJECTID":0,"CODIGO":204,"TIPO":"Insular","SUBTIPO":"Playa","CAL_POS":"APROXIMADA"},"geometry":{"type":"LineString","coordinates":[[-89.79782801442461,21.25845343212671],[-89.79764321770548,21.25843505604835],[-89.79751849842548,21.25846423678766],[-89.79748489580824,21.25849697566619]]}},{"type":"Feature","id":"S01-69c7ed611c-37444","properties":{"record_id":"S01-69c7ed611c-37444","source_id":"S01","source_row":37444,"source_hash":"69c7ed611ced1723e08414ff41cd56e9df41f78ab19d9a00b6920381c47ea4d7","theme":"coast","status":"DERIVADO","origin":"OFICIAL","name":"Costa de referencia","date":"2023–2025","clipped":false,"simplification_m":1,"OBJECTID":0,"CODIGO":205,"TIPO":"Insular","SUBTIPO":"Rompeolas","CAL_POS":"APROXIMADA"},"geometry":{"type":"LineString","coordinates":[[-89.79826425739884,21.25825017245789],[-89.7982758279024,21.258332078900597],[-89.79824965403213,21.25833921729885],[-89.79824554005025,21.25832040844106]]}},{"type":"Feature","id":"S01-69c7ed611c-37445","properties":{"record_id":"S01-69c7ed611c-37445","source_id":"S01","source_row":37445,"source_hash":"69c7ed611ced1723e08414ff41cd56e9df41f78ab19d9a00b6920381c47ea4d7","theme":"coast","status":"DERIVADO","origin":"OFICIAL","name":"Costa de referencia","date":"2023–2025","clipped":false,"simplification_m":1,"OBJECTID":0,"CODIGO":204,"TIPO":"Insular","SUBTIPO":"Playa","CAL_POS":"APROXIMADA"},"geometry":{"type":"LineString","coordinates":[[-89.79988922675102,21.25801513625177],[-89.79987231541921,21.257977418339916],[-89.79979359118057,21.25794992074859],[-89.79968054868229,21.25793799313483],[-89.79950951211815,21.257953235794496],[-89.79946921591953,21.257975343951323]]}},{"type":"Feature","id":"S01-69c7ed611c-37446","properties":{"record_id":"S01-69c7ed611c-37446","source_id":"S01","source_row":37446,"source_hash":"69c7ed611ced1723e08414ff41cd56e9df41f78ab19d9a00b6920381c47ea4d7","theme":"coast","status":"DERIVADO","origin":"OFICIAL","name":"Costa de referencia","date":"2023–2025","clipped":false,"simplification_m":1,"OBJECTID":0,"CODIGO":204,"TIPO":"Insular","SUBTIPO":"Playa","CAL_POS":"APROXIMADA"},"geometry":{"type":"LineString","coordinates":[[-89.79945533482844,21.258062331916037],[-89.79944614628747,21.258028168298946],[-89.79938422781463,21.258019363672133],[-89.7992397319974,21.25803672765489],[-89.79924161541247,21.25807253945354],[-89.79922093887146,21.258073778067715],[-89.79921529688572,21.25804537580844],[-89.7991576120715,21.2580465474762],[-89.79906801080558,21.258072597135463],[-89.79905890937313,21.258110790211113]]}},{"type":"Feature","id":"S01-69c7ed611c-37447","properties":{"record_id":"S01-69c7ed611c-37447","source_id":"S01","source_row":37447,"source_hash":"69c7ed611ced1723e08414ff41cd56e9df41f78ab19d9a00b6920381c47ea4d7","theme":"coast","status":"DERIVADO","origin":"OFICIAL","name":"Costa de referencia","date":"2023–2025","clipped":false,"simplification_m":1,"OBJECTID":0,"CODIGO":204,"TIPO":"Insular","SUBTIPO":"Playa","CAL_POS":"APROXIMADA"},"geometry":{"type":"LineString","coordinates":[[-89.79903749397242,21.258179794225452],[-89.79892384423411,21.258145951575308],[-89.79875790692273,21.258159568377874]]}},{"type":"Feature","id":"S01-69c7ed611c-37448","properties":{"record_id":"S01-69c7ed611c-37448","source_id":"S01","source_row":37448,"source_hash":"69c7ed611ced1723e08414ff41cd56e9df41f78ab19d9a00b6920381c47ea4d7","theme":"coast","status":"DERIVADO","origin":"OFICIAL","name":"Costa de referencia","date":"2023–2025","clipped":false,"simplification_m":1,"OBJECTID":0,"CODIGO":204,"TIPO":"Insular","SUBTIPO":"Playa","CAL_POS":"APROXIMADA"},"geometry":{"type":"LineString","coordinates":[[-89.79872975561838,21.25817233992414],[-89.79866572471622,21.258198063867763],[-89.79836348605527,21.258216621909387],[-89.79826425739884,21.25825017245789]]}},{"type":"Feature","id":"S01-69c7ed611c-37449","properties":{"record_id":"S01-69c7ed611c-37449","source_id":"S01","source_row":37449,"source_hash":"69c7ed611ced1723e08414ff41cd56e9df41f78ab19d9a00b6920381c47ea4d7","theme":"coast","status":"DERIVADO","origin":"OFICIAL","name":"Costa de referencia","date":"2023–2025","clipped":false,"simplification_m":1,"OBJECTID":0,"CODIGO":205,"TIPO":"Insular","SUBTIPO":"Rompeolas","CAL_POS":"APROXIMADA"},"geometry":{"type":"LineString","coordinates":[[-89.79905890937313,21.258110790211113],[-89.7990712427452,21.25826132424562],[-89.79904520093244,21.258265025416044],[-89.79903749397242,21.258179794225452]]}},{"type":"Feature","id":"S01-69c7ed611c-37450","properties":{"record_id":"S01-69c7ed611c-37450","source_id":"S01","source_row":37450,"source_hash":"69c7ed611ced1723e08414ff41cd56e9df41f78ab19d9a00b6920381c47ea4d7","theme":"coast","status":"DERIVADO","origin":"OFICIAL","name":"Costa de referencia","date":"2023–2025","clipped":false,"simplification_m":1,"OBJECTID":0,"CODIGO":205,"TIPO":"Insular","SUBTIPO":"Rompeolas","CAL_POS":"APROXIMADA"},"geometry":{"type":"LineString","coordinates":[[-89.79875790692273,21.258159568377874],[-89.79877110798066,21.25829419630348],[-89.7987523861291,21.258296555552242],[-89.79872975561838,21.25817233992414]]}},{"type":"Feature","id":"S01-69c7ed611c-37451","properties":{"record_id":"S01-69c7ed611c-37451","source_id":"S01","source_row":37451,"source_hash":"69c7ed611ced1723e08414ff41cd56e9df41f78ab19d9a00b6920381c47ea4d7","theme":"coast","status":"DERIVADO","origin":"OFICIAL","name":"Costa de referencia","date":"2023–2025","clipped":false,"simplification_m":1,"OBJECTID":0,"CODIGO":205,"TIPO":"Insular","SUBTIPO":"Rompeolas","CAL_POS":"APROXIMADA"},"geometry":{"type":"LineString","coordinates":[[-89.79990165963412,21.257889063621956],[-89.7999120176721,21.2580287170059],[-89.79989298224564,21.258031095948166],[-89.79988922675102,21.25801513625177]]}},{"type":"Feature","id":"S01-69c7ed611c-37452","properties":{"record_id":"S01-69c7ed611c-37452","source_id":"S01","source_row":37452,"source_hash":"69c7ed611ced1723e08414ff41cd56e9df41f78ab19d9a00b6920381c47ea4d7","theme":"coast","status":"DERIVADO","origin":"OFICIAL","name":"Costa de referencia","date":"2023–2025","clipped":false,"simplification_m":1,"OBJECTID":0,"CODIGO":205,"TIPO":"Insular","SUBTIPO":"Rompeolas","CAL_POS":"APROXIMADA"},"geometry":{"type":"LineString","coordinates":[[-89.79946921591953,21.257975343951323],[-89.79947460126547,21.258086280739274],[-89.79945794514293,21.258091040060478],[-89.79945533482844,21.258062331916037]]}},{"type":"Feature","id":"S01-69c7ed611c-37453","properties":{"record_id":"S01-69c7ed611c-37453","source_id":"S01","source_row":37453,"source_hash":"69c7ed611ced1723e08414ff41cd56e9df41f78ab19d9a00b6920381c47ea4d7","theme":"coast","status":"DERIVADO","origin":"OFICIAL","name":"Costa de referencia","date":"2023–2025","clipped":false,"simplification_m":1,"OBJECTID":0,"CODIGO":204,"TIPO":"Insular","SUBTIPO":"Playa","CAL_POS":"APROXIMADA"},"geometry":{"type":"LineString","coordinates":[[-89.80041415415245,21.257822247442114],[-89.80004318798855,21.257838614680416],[-89.79992202159977,21.257864048696103],[-89.79990165963412,21.257889063621956]]}},{"type":"Feature","id":"S01-69c7ed611c-37454","properties":{"record_id":"S01-69c7ed611c-37454","source_id":"S01","source_row":37454,"source_hash":"69c7ed611ced1723e08414ff41cd56e9df41f78ab19d9a00b6920381c47ea4d7","theme":"coast","status":"DERIVADO","origin":"OFICIAL","name":"Costa de referencia","date":"2023–2025","clipped":false,"simplification_m":1,"OBJECTID":0,"CODIGO":204,"TIPO":"Insular","SUBTIPO":"Playa","CAL_POS":"APROXIMADA"},"geometry":{"type":"LineString","coordinates":[[-89.80112713560025,21.25765054761866],[-89.8010994985501,21.257617305661103],[-89.80104335656378,21.257612818391706],[-89.80086189673784,21.257629639123657],[-89.80076806988328,21.25764382524579],[-89.80077560666271,21.257696386745497],[-89.80074627256158,21.257714080233658],[-89.80072973316123,21.257669675752943],[-89.80061104043472,21.257674646949013],[-89.80046742305511,21.2576993104884],[-89.80042543895149,21.257740800270092]]}},{"type":"Feature","id":"S01-69c7ed611c-37455","properties":{"record_id":"S01-69c7ed611c-37455","source_id":"S01","source_row":37455,"source_hash":"69c7ed611ced1723e08414ff41cd56e9df41f78ab19d9a00b6920381c47ea4d7","theme":"coast","status":"DERIVADO","origin":"OFICIAL","name":"Costa de referencia","date":"2023–2025","clipped":false,"simplification_m":1,"OBJECTID":0,"CODIGO":205,"TIPO":"Insular","SUBTIPO":"Rompeolas","CAL_POS":"APROXIMADA"},"geometry":{"type":"LineString","coordinates":[[-89.80114959202979,21.25746851860612],[-89.8011509307606,21.25766583040272],[-89.80112713606917,21.257665538689558],[-89.80112713560025,21.25765054761866]]}},{"type":"Feature","id":"S01-69c7ed611c-37456","properties":{"record_id":"S01-69c7ed611c-37456","source_id":"S01","source_row":37456,"source_hash":"69c7ed611ced1723e08414ff41cd56e9df41f78ab19d9a00b6920381c47ea4d7","theme":"coast","status":"DERIVADO","origin":"OFICIAL","name":"Costa de referencia","date":"2023–2025","clipped":false,"simplification_m":1,"OBJECTID":0,"CODIGO":205,"TIPO":"Insular","SUBTIPO":"Rompeolas","CAL_POS":"APROXIMADA"},"geometry":{"type":"LineString","coordinates":[[-89.80042543895149,21.257740800270092],[-89.8004432721886,21.257945028689885],[-89.80042661574176,21.25794502876487],[-89.80041415415245,21.257822247442114]]}},{"type":"Feature","id":"S01-69c7ed611c-37457","properties":{"record_id":"S01-69c7ed611c-37457","source_id":"S01","source_row":37457,"source_hash":"69c7ed611ced1723e08414ff41cd56e9df41f78ab19d9a00b6920381c47ea4d7","theme":"coast","status":"DERIVADO","origin":"OFICIAL","name":"Costa de referencia","date":"2023–2025","clipped":false,"simplification_m":1,"OBJECTID":0,"CODIGO":204,"TIPO":"Insular","SUBTIPO":"Playa","CAL_POS":"APROXIMADA"},"geometry":{"type":"LineString","coordinates":[[-89.80298574645089,21.257195465829042],[-89.80287423860017,21.257196943914522],[-89.80264293190973,21.257243176656456]]}},{"type":"Feature","id":"S01-69c7ed611c-37458","properties":{"record_id":"S01-69c7ed611c-37458","source_id":"S01","source_row":37458,"source_hash":"69c7ed611ced1723e08414ff41cd56e9df41f78ab19d9a00b6920381c47ea4d7","theme":"coast","status":"DERIVADO","origin":"OFICIAL","name":"Costa de referencia","date":"2023–2025","clipped":false,"simplification_m":1,"OBJECTID":0,"CODIGO":204,"TIPO":"Insular","SUBTIPO":"Playa","CAL_POS":"APROXIMADA"},"geometry":{"type":"LineString","coordinates":[[-89.80262511690006,21.257285347184887],[-89.80253920390048,21.25727753320403],[-89.80207348657073,21.257302480505537]]}},{"type":"Feature","id":"S01-69c7ed611c-37459","properties":{"record_id":"S01-69c7ed611c-37459","source_id":"S01","source_row":37459,"source_hash":"69c7ed611ced1723e08414ff41cd56e9df41f78ab19d9a00b6920381c47ea4d7","theme":"coast","status":"DERIVADO","origin":"OFICIAL","name":"Costa de referencia","date":"2023–2025","clipped":false,"simplification_m":1,"OBJECTID":0,"CODIGO":204,"TIPO":"Insular","SUBTIPO":"Playa","CAL_POS":"APROXIMADA"},"geometry":{"type":"LineString","coordinates":[[-89.80205162431366,21.257322419740323],[-89.80185843312654,21.25732146792777]]}},{"type":"Feature","id":"S01-69c7ed611c-37460","properties":{"record_id":"S01-69c7ed611c-37460","source_id":"S01","source_row":37460,"source_hash":"69c7ed611ced1723e08414ff41cd56e9df41f78ab19d9a00b6920381c47ea4d7","theme":"coast","status":"DERIVADO","origin":"OFICIAL","name":"Costa de referencia","date":"2023–2025","clipped":false,"simplification_m":1,"OBJECTID":0,"CODIGO":204,"TIPO":"Insular","SUBTIPO":"Playa","CAL_POS":"APROXIMADA"},"geometry":{"type":"LineString","coordinates":[[-89.8018434431996,21.257389282708157],[-89.80170485470046,21.257404581117886],[-89.80162563386706,21.257432405312578]]}},{"type":"Feature","id":"S01-69c7ed611c-37461","properties":{"record_id":"S01-69c7ed611c-37461","source_id":"S01","source_row":37461,"source_hash":"69c7ed611ced1723e08414ff41cd56e9df41f78ab19d9a00b6920381c47ea4d7","theme":"coast","status":"DERIVADO","origin":"OFICIAL","name":"Costa de referencia","date":"2023–2025","clipped":false,"simplification_m":1,"OBJECTID":0,"CODIGO":204,"TIPO":"Insular","SUBTIPO":"Playa","CAL_POS":"APROXIMADA"},"geometry":{"type":"LineString","coordinates":[[-89.80160659817129,21.257451441133615],[-89.80138307829438,21.25745428300838],[-89.80121904595522,21.2574773155493],[-89.80114959202979,21.25746851860612]]}},{"type":"Feature","id":"S01-69c7ed611c-37462","properties":{"record_id":"S01-69c7ed611c-37462","source_id":"S01","source_row":37462,"source_hash":"69c7ed611ced1723e08414ff41cd56e9df41f78ab19d9a00b6920381c47ea4d7","theme":"coast","status":"DERIVADO","origin":"OFICIAL","name":"Costa de referencia","date":"2023–2025","clipped":false,"simplification_m":1,"OBJECTID":0,"CODIGO":205,"TIPO":"Insular","SUBTIPO":"Rompeolas","CAL_POS":"APROXIMADA"},"geometry":{"type":"LineString","coordinates":[[-89.80162563386706,21.257432405312578],[-89.80166652559504,21.257614041340343],[-89.80164316756864,21.25761651124154],[-89.80160659817129,21.257451441133615]]}},{"type":"Feature","id":"S01-69c7ed611c-37463","properties":{"record_id":"S01-69c7ed611c-37463","source_id":"S01","source_row":37463,"source_hash":"69c7ed611ced1723e08414ff41cd56e9df41f78ab19d9a00b6920381c47ea4d7","theme":"coast","status":"DERIVADO","origin":"OFICIAL","name":"Costa de referencia","date":"2023–2025","clipped":false,"simplification_m":1,"OBJECTID":0,"CODIGO":205,"TIPO":"Insular","SUBTIPO":"Rompeolas","CAL_POS":"APROXIMADA"},"geometry":{"type":"LineString","coordinates":[[-89.80185843312654,21.25732146792777],[-89.80187690496695,21.257417413825817],[-89.80184835064243,21.257417413918457],[-89.8018434431996,21.257389282708157]]}},{"type":"Feature","id":"S01-69c7ed611c-37464","properties":{"record_id":"S01-69c7ed611c-37464","source_id":"S01","source_row":37464,"source_hash":"69c7ed611ced1723e08414ff41cd56e9df41f78ab19d9a00b6920381c47ea4d7","theme":"coast","status":"DERIVADO","origin":"OFICIAL","name":"Costa de referencia","date":"2023–2025","clipped":false,"simplification_m":1,"OBJECTID":0,"CODIGO":205,"TIPO":"Insular","SUBTIPO":"Rompeolas","CAL_POS":"APROXIMADA"},"geometry":{"type":"LineString","coordinates":[[-89.80264293190973,21.257243176656456],[-89.80264569985303,21.257327939874603],[-89.80262428535642,21.257330319351976],[-89.80262511690006,21.257285347184887]]}},{"type":"Feature","id":"S01-69c7ed611c-37465","properties":{"record_id":"S01-69c7ed611c-37465","source_id":"S01","source_row":37465,"source_hash":"69c7ed611ced1723e08414ff41cd56e9df41f78ab19d9a00b6920381c47ea4d7","theme":"coast","status":"DERIVADO","origin":"OFICIAL","name":"Costa de referencia","date":"2023–2025","clipped":false,"simplification_m":1,"OBJECTID":0,"CODIGO":205,"TIPO":"Insular","SUBTIPO":"Rompeolas","CAL_POS":"APROXIMADA"},"geometry":{"type":"LineString","coordinates":[[-89.80207348657073,21.257302480505537],[-89.80208642923861,21.257401807585946],[-89.80206501450331,21.257401807310274],[-89.80205162431366,21.257322419740323]]}},{"type":"Feature","id":"S01-69c7ed611c-37466","properties":{"record_id":"S01-69c7ed611c-37466","source_id":"S01","source_row":37466,"source_hash":"69c7ed611ced1723e08414ff41cd56e9df41f78ab19d9a00b6920381c47ea4d7","theme":"coast","status":"DERIVADO","origin":"OFICIAL","name":"Costa de referencia","date":"2023–2025","clipped":false,"simplification_m":1,"OBJECTID":0,"CODIGO":205,"TIPO":"Insular","SUBTIPO":"Rompeolas","CAL_POS":"APROXIMADA"},"geometry":{"type":"LineString","coordinates":[[-89.80300860487874,21.257183756837613],[-89.80300670176148,21.257222780280593],[-89.80298385873095,21.257224684098155],[-89.80298574645089,21.257195465829042]]}},{"type":"Feature","id":"S01-69c7ed611c-37467","properties":{"record_id":"S01-69c7ed611c-37467","source_id":"S01","source_row":37467,"source_hash":"69c7ed611ced1723e08414ff41cd56e9df41f78ab19d9a00b6920381c47ea4d7","theme":"coast","status":"DERIVADO","origin":"OFICIAL","name":"Costa de referencia","date":"2023–2025","clipped":false,"simplification_m":1,"OBJECTID":0,"CODIGO":204,"TIPO":"Insular","SUBTIPO":"Playa","CAL_POS":"APROXIMADA"},"geometry":{"type":"LineString","coordinates":[[-89.81337756005492,21.25527359840185],[-89.8133410327115,21.255255655361996],[-89.81264619610324,21.255247882037136],[-89.81263948202887,21.255287826188045],[-89.81251774119387,21.25528677920389],[-89.81187545978058,21.25538456740406],[-89.8118689735783,21.255603632113505],[-89.8118428136774,21.255602989236237],[-89.81184849633021,21.255438629436934],[-89.81158380599399,21.255449298594826],[-89.81158606163389,21.25556638988749],[-89.81155434570488,21.255569832138846],[-89.81154940116821,21.255488476637243],[-89.81142984389606,21.255480375005988],[-89.81129468009611,21.255491266178062],[-89.81129603432946,21.255646067451423],[-89.81127381609828,21.25565296743707],[-89.81127428184261,21.255546020914597],[-89.81118179657145,21.25552851437197],[-89.81093600120913,21.25553490759717],[-89.81079893674992,21.255566016032553],[-89.81079893699267,21.25565871283668],[-89.81077799679103,21.255656809146785],[-89.81077463417526,21.255610986780447],[-89.81046205639903,21.255658978319467],[-89.81046555881828,21.25582407089124],[-89.81044373181582,21.255826665283656],[-89.81043306144397,21.255736572348802],[-89.81013279125148,21.25573532689499],[-89.81001648836326,21.25575929008801],[-89.81001771071672,21.25591552625246],[-89.80998975922546,21.255917631424055],[-89.80999110440558,21.255817983228336],[-89.809891582406,21.255810034431192],[-89.80971941039823,21.25582086076254],[-89.80970923489801,21.255932814776248],[-89.80967695056076,21.255931681455873],[-89.80967301692206,21.25585618943908],[-89.80960551735238,21.2558522443155],[-89.80950775204283,21.255858892855347],[-89.80950539673526,21.255952677485414],[-89.8094604720502,21.255954872140887],[-89.80946559480826,21.255881548740675],[-89.80895425172238,21.255924561322164],[-89.80895369892454,21.255964993913196],[-89.80893353397283,21.255966274669213],[-89.80892926996461,21.25592834514251],[-89.8086930793697,21.255981765335665],[-89.80868628763751,21.256124350403766],[-89.80865719592332,21.256122026617618],[-89.80865037601484,21.256020494871354],[-89.80856833714432,21.256013727723676],[-89.80826061552347,21.256044770462875],[-89.80827216359137,21.256133197094158],[-89.80825466850611,21.256139027765194],[-89.80823589548037,21.256059364998233],[-89.80791359410796,21.25605684441699],[-89.80778158703298,21.25608388820416]]}},{"type":"Feature","id":"S01-69c7ed611c-37468","properties":{"record_id":"S01-69c7ed611c-37468","source_id":"S01","source_row":37468,"source_hash":"69c7ed611ced1723e08414ff41cd56e9df41f78ab19d9a00b6920381c47ea4d7","theme":"coast","status":"DERIVADO","origin":"OFICIAL","name":"Costa de referencia","date":"2023–2025","clipped":false,"simplification_m":1,"OBJECTID":0,"CODIGO":204,"TIPO":"Insular","SUBTIPO":"Playa","CAL_POS":"APROXIMADA"},"geometry":{"type":"LineString","coordinates":[[-89.8044007987885,21.25701147765756],[-89.80408525180107,21.256995553397182],[-89.80401030494207,21.257014141561594],[-89.80395655857623,21.25705117426372]]}},{"type":"Feature","id":"S01-69c7ed611c-37469","properties":{"record_id":"S01-69c7ed611c-37469","source_id":"S01","source_row":37469,"source_hash":"69c7ed611ced1723e08414ff41cd56e9df41f78ab19d9a00b6920381c47ea4d7","theme":"coast","status":"DERIVADO","origin":"OFICIAL","name":"Costa de referencia","date":"2023–2025","clipped":false,"simplification_m":1,"OBJECTID":0,"CODIGO":204,"TIPO":"Insular","SUBTIPO":"Playa","CAL_POS":"APROXIMADA"},"geometry":{"type":"LineString","coordinates":[[-89.80340482789728,21.257232195405475],[-89.80320259101053,21.257191549980625],[-89.80300860487874,21.257183756837613]]}},{"type":"Feature","id":"S01-69c7ed611c-37470","properties":{"record_id":"S01-69c7ed611c-37470","source_id":"S01","source_row":37470,"source_hash":"69c7ed611ced1723e08414ff41cd56e9df41f78ab19d9a00b6920381c47ea4d7","theme":"coast","status":"DERIVADO","origin":"OFICIAL","name":"Costa de referencia","date":"2023–2025","clipped":false,"simplification_m":1,"OBJECTID":0,"CODIGO":204,"TIPO":"Insular","SUBTIPO":"Playa","CAL_POS":"APROXIMADA"},"geometry":{"type":"LineString","coordinates":[[-89.803946315183,21.25716879932052],[-89.80389074881093,21.257141691805842],[-89.80378028581909,21.25712684143528],[-89.80348256182263,21.257153625779612],[-89.80344000729298,21.25716591195802],[-89.80342578674292,21.25720117436729]]}},{"type":"Feature","id":"S01-69c7ed611c-37471","properties":{"record_id":"S01-69c7ed611c-37471","source_id":"S01","source_row":37471,"source_hash":"69c7ed611ced1723e08414ff41cd56e9df41f78ab19d9a00b6920381c47ea4d7","theme":"coast","status":"DERIVADO","origin":"OFICIAL","name":"Costa de referencia","date":"2023–2025","clipped":false,"simplification_m":1,"OBJECTID":0,"CODIGO":205,"TIPO":"Insular","SUBTIPO":"Rompeolas","CAL_POS":"APROXIMADA"},"geometry":{"type":"LineString","coordinates":[[-89.80342578674292,21.25720117436729],[-89.80343235777644,21.257241333983327],[-89.80340618439243,21.25724847325928],[-89.80340482789728,21.257232195405475]]}},{"type":"Feature","id":"S01-69c7ed611c-37472","properties":{"record_id":"S01-69c7ed611c-37472","source_id":"S01","source_row":37472,"source_hash":"69c7ed611ced1723e08414ff41cd56e9df41f78ab19d9a00b6920381c47ea4d7","theme":"coast","status":"DERIVADO","origin":"OFICIAL","name":"Costa de referencia","date":"2023–2025","clipped":false,"simplification_m":1,"OBJECTID":0,"CODIGO":205,"TIPO":"Insular","SUBTIPO":"Rompeolas","CAL_POS":"APROXIMADA"},"geometry":{"type":"LineString","coordinates":[[-89.80395655857623,21.25705117426372],[-89.80398892917016,21.257235077319734],[-89.8039526588022,21.257238202375607],[-89.803946315183,21.25716879932052]]}},{"type":"Feature","id":"S01-69c7ed611c-37473","properties":{"record_id":"S01-69c7ed611c-37473","source_id":"S01","source_row":37473,"source_hash":"69c7ed611ced1723e08414ff41cd56e9df41f78ab19d9a00b6920381c47ea4d7","theme":"coast","status":"DERIVADO","origin":"OFICIAL","name":"Costa de referencia","date":"2023–2025","clipped":false,"simplification_m":1,"OBJECTID":0,"CODIGO":205,"TIPO":"Insular","SUBTIPO":"Rompeolas","CAL_POS":"APROXIMADA"},"geometry":{"type":"LineString","coordinates":[[-89.80441269704193,21.25694009439065],[-89.80443411193518,21.25703289265153],[-89.80441507602393,21.257037651752412],[-89.8044007987885,21.25701147765756]]}},{"type":"Feature","id":"S01-69c7ed611c-37474","properties":{"record_id":"S01-69c7ed611c-37474","source_id":"S01","source_row":37474,"source_hash":"69c7ed611ced1723e08414ff41cd56e9df41f78ab19d9a00b6920381c47ea4d7","theme":"coast","status":"DERIVADO","origin":"OFICIAL","name":"Costa de referencia","date":"2023–2025","clipped":false,"simplification_m":1,"OBJECTID":0,"CODIGO":204,"TIPO":"Insular","SUBTIPO":"Playa","CAL_POS":"APROXIMADA"},"geometry":{"type":"LineString","coordinates":[[-89.80495828521593,21.256803785164127],[-89.80480337082699,21.256789810660127],[-89.8045898871437,21.25681395612149]]}},{"type":"Feature","id":"S01-69c7ed611c-37475","properties":{"record_id":"S01-69c7ed611c-37475","source_id":"S01","source_row":37475,"source_hash":"69c7ed611ced1723e08414ff41cd56e9df41f78ab19d9a00b6920381c47ea4d7","theme":"coast","status":"DERIVADO","origin":"OFICIAL","name":"Costa de referencia","date":"2023–2025","clipped":false,"simplification_m":1,"OBJECTID":0,"CODIGO":205,"TIPO":"Insular","SUBTIPO":"Rompeolas","CAL_POS":"APROXIMADA"},"geometry":{"type":"LineString","coordinates":[[-89.8049771046247,21.25671356979474],[-89.80498893276894,21.256856835048865],[-89.80496423907006,21.256857030347152],[-89.80495828521593,21.256803785164127]]}},{"type":"Feature","id":"S01-69c7ed611c-37476","properties":{"record_id":"S01-69c7ed611c-37476","source_id":"S01","source_row":37476,"source_hash":"69c7ed611ced1723e08414ff41cd56e9df41f78ab19d9a00b6920381c47ea4d7","theme":"coast","status":"DERIVADO","origin":"OFICIAL","name":"Costa de referencia","date":"2023–2025","clipped":false,"simplification_m":1,"OBJECTID":0,"CODIGO":204,"TIPO":"Insular","SUBTIPO":"Playa","CAL_POS":"APROXIMADA"},"geometry":{"type":"LineString","coordinates":[[-89.80613484613411,21.25647872026586],[-89.80597002028956,21.256481261937047],[-89.8058470569343,21.256500226614488],[-89.8058159047463,21.256520575212278],[-89.80581551592445,21.256653971267944],[-89.80579561183501,21.256652381000528],[-89.80579001901087,21.25659136824995],[-89.80561969217975,21.256584744656372],[-89.80534379930604,21.256617728233774],[-89.80534901380081,21.2567215144714],[-89.80533204148773,21.256721603667966],[-89.80532903640625,21.256661365916308],[-89.80525368474069,21.256658959883353],[-89.80509390801228,21.256660650935363],[-89.80497630698393,21.256689658537866],[-89.8049771046247,21.25671356979474]]}},{"type":"Feature","id":"S01-69c7ed611c-37477","properties":{"record_id":"S01-69c7ed611c-37477","source_id":"S01","source_row":37477,"source_hash":"69c7ed611ced1723e08414ff41cd56e9df41f78ab19d9a00b6920381c47ea4d7","theme":"coast","status":"DERIVADO","origin":"OFICIAL","name":"Costa de referencia","date":"2023–2025","clipped":false,"simplification_m":1,"OBJECTID":0,"CODIGO":204,"TIPO":"Insular","SUBTIPO":"Playa","CAL_POS":"APROXIMADA"},"geometry":{"type":"LineString","coordinates":[[-89.80737497241866,21.256188154908024],[-89.80705998458166,21.2561879890185],[-89.80697618915374,21.256209315911963],[-89.80697585216828,21.256236724622273]]}},{"type":"Feature","id":"S01-69c7ed611c-37478","properties":{"record_id":"S01-69c7ed611c-37478","source_id":"S01","source_row":37478,"source_hash":"69c7ed611ced1723e08414ff41cd56e9df41f78ab19d9a00b6920381c47ea4d7","theme":"coast","status":"DERIVADO","origin":"OFICIAL","name":"Costa de referencia","date":"2023–2025","clipped":false,"simplification_m":1,"OBJECTID":0,"CODIGO":205,"TIPO":"Insular","SUBTIPO":"Rompeolas","CAL_POS":"APROXIMADA"},"geometry":{"type":"LineString","coordinates":[[-89.80739478087649,21.2561444274818],[-89.80740645815608,21.25623597913049],[-89.8073824656641,21.256234062459413],[-89.80737497241866,21.256188154908024]]}},{"type":"Feature","id":"S01-69c7ed611c-37479","properties":{"record_id":"S01-69c7ed611c-37479","source_id":"S01","source_row":37479,"source_hash":"69c7ed611ced1723e08414ff41cd56e9df41f78ab19d9a00b6920381c47ea4d7","theme":"coast","status":"DERIVADO","origin":"OFICIAL","name":"Costa de referencia","date":"2023–2025","clipped":false,"simplification_m":1,"OBJECTID":0,"CODIGO":204,"TIPO":"Insular","SUBTIPO":"Playa","CAL_POS":"APROXIMADA"},"geometry":{"type":"LineString","coordinates":[[-89.80687210720116,21.256330951752883],[-89.80656765678287,21.256352508975976],[-89.80655533569552,21.256506338469745],[-89.80654385253739,21.256505421060716],[-89.80654536596303,21.256386992056076],[-89.80633390591585,21.25638889203058],[-89.80632953008093,21.25647094954438],[-89.80630376155524,21.256465999351235],[-89.80630461920296,21.256413727405246],[-89.8061671956602,21.256408753247467]]}},{"type":"Feature","id":"S01-69c7ed611c-37480","properties":{"record_id":"S01-69c7ed611c-37480","source_id":"S01","source_row":37480,"source_hash":"69c7ed611ced1723e08414ff41cd56e9df41f78ab19d9a00b6920381c47ea4d7","theme":"coast","status":"DERIVADO","origin":"OFICIAL","name":"Costa de referencia","date":"2023–2025","clipped":false,"simplification_m":1,"OBJECTID":0,"CODIGO":204,"TIPO":"Insular","SUBTIPO":"Playa","CAL_POS":"APROXIMADA"},"geometry":{"type":"LineString","coordinates":[[-89.81464905436466,21.25511802947315],[-89.81432356255489,21.255093488315186],[-89.81396103766618,21.255108535300234],[-89.81381724696976,21.255132577811928]]}},{"type":"Feature","id":"S01-69c7ed611c-37481","properties":{"record_id":"S01-69c7ed611c-37481","source_id":"S01","source_row":37481,"source_hash":"69c7ed611ced1723e08414ff41cd56e9df41f78ab19d9a00b6920381c47ea4d7","theme":"coast","status":"DERIVADO","origin":"OFICIAL","name":"Costa de referencia","date":"2023–2025","clipped":false,"simplification_m":1,"OBJECTID":0,"CODIGO":204,"TIPO":"Insular","SUBTIPO":"Playa","CAL_POS":"APROXIMADA"},"geometry":{"type":"LineString","coordinates":[[-89.81378997630627,21.255178108810373],[-89.81338327031402,21.255182227440073]]}},{"type":"Feature","id":"S01-69c7ed611c-37482","properties":{"record_id":"S01-69c7ed611c-37482","source_id":"S01","source_row":37482,"source_hash":"69c7ed611ced1723e08414ff41cd56e9df41f78ab19d9a00b6920381c47ea4d7","theme":"coast","status":"DERIVADO","origin":"OFICIAL","name":"Costa de referencia","date":"2023–2025","clipped":false,"simplification_m":1,"OBJECTID":0,"CODIGO":205,"TIPO":"Insular","SUBTIPO":"Rompeolas","CAL_POS":"APROXIMADA"},"geometry":{"type":"LineString","coordinates":[[-89.81381724696976,21.255132577811928],[-89.81381686353336,21.255287118934227],[-89.8137940202668,21.255289021574313],[-89.81378997630627,21.255178108810373]]}},{"type":"Feature","id":"S01-69c7ed611c-37483","properties":{"record_id":"S01-69c7ed611c-37483","source_id":"S01","source_row":37483,"source_hash":"69c7ed611ced1723e08414ff41cd56e9df41f78ab19d9a00b6920381c47ea4d7","theme":"coast","status":"DERIVADO","origin":"OFICIAL","name":"Costa de referencia","date":"2023–2025","clipped":false,"simplification_m":1,"OBJECTID":0,"CODIGO":205,"TIPO":"Insular","SUBTIPO":"Rompeolas","CAL_POS":"APROXIMADA"},"geometry":{"type":"LineString","coordinates":[[-89.81338327031402,21.255182227440073],[-89.81339088393382,21.255273597679505],[-89.81337756005492,21.25527359840185]]}},{"type":"Feature","id":"S01-69c7ed611c-37484","properties":{"record_id":"S01-69c7ed611c-37484","source_id":"S01","source_row":37484,"source_hash":"69c7ed611ced1723e08414ff41cd56e9df41f78ab19d9a00b6920381c47ea4d7","theme":"coast","status":"DERIVADO","origin":"OFICIAL","name":"Costa de referencia","date":"2023–2025","clipped":false,"simplification_m":1,"OBJECTID":0,"CODIGO":205,"TIPO":"Insular","SUBTIPO":"Rompeolas","CAL_POS":"APROXIMADA"},"geometry":{"type":"LineString","coordinates":[[-89.81466365637063,21.255105820870106],[-89.81466365617041,21.25519267076268],[-89.81465175850641,21.255192670715807],[-89.81464905436466,21.25511802947315]]}},{"type":"Feature","id":"S01-69c7ed611c-37485","properties":{"record_id":"S01-69c7ed611c-37485","source_id":"S01","source_row":37485,"source_hash":"69c7ed611ced1723e08414ff41cd56e9df41f78ab19d9a00b6920381c47ea4d7","theme":"coast","status":"DERIVADO","origin":"OFICIAL","name":"Costa de referencia","date":"2023–2025","clipped":false,"simplification_m":1,"OBJECTID":0,"CODIGO":205,"TIPO":"Insular","SUBTIPO":"Rompeolas","CAL_POS":"APROXIMADA"},"geometry":{"type":"LineString","coordinates":[[-89.8154924178637,21.25499921803358],[-89.81548527924424,21.255097965351297],[-89.81547219244078,21.25509796605675],[-89.81547219181371,21.255055134390233]]}},{"type":"Feature","id":"S01-69c7ed611c-37486","properties":{"record_id":"S01-69c7ed611c-37486","source_id":"S01","source_row":37486,"source_hash":"69c7ed611ced1723e08414ff41cd56e9df41f78ab19d9a00b6920381c47ea4d7","theme":"coast","status":"DERIVADO","origin":"OFICIAL","name":"Costa de referencia","date":"2023–2025","clipped":false,"simplification_m":1,"OBJECTID":0,"CODIGO":204,"TIPO":"Insular","SUBTIPO":"Playa","CAL_POS":"APROXIMADA"},"geometry":{"type":"LineString","coordinates":[[-89.81578228538963,21.254948753270057],[-89.81550252357945,21.254943178574365],[-89.8154924178637,21.25499921803358]]}},{"type":"Feature","id":"S01-69c7ed611c-37487","properties":{"record_id":"S01-69c7ed611c-37487","source_id":"S01","source_row":37487,"source_hash":"69c7ed611ced1723e08414ff41cd56e9df41f78ab19d9a00b6920381c47ea4d7","theme":"coast","status":"DERIVADO","origin":"OFICIAL","name":"Costa de referencia","date":"2023–2025","clipped":false,"simplification_m":1,"OBJECTID":0,"CODIGO":204,"TIPO":"Insular","SUBTIPO":"Playa","CAL_POS":"APROXIMADA"},"geometry":{"type":"LineString","coordinates":[[-89.82404697903954,21.25361527375815],[-89.82390236927478,21.253616625021387],[-89.82378208519843,21.253670684845595],[-89.82368748007214,21.253772047973772],[-89.82369018266961,21.25386259815999],[-89.82364423204294,21.253869355908925],[-89.82364152923387,21.25383188411732],[-89.82331619999138,21.25382498762971],[-89.82332525910795,21.253931369100307],[-89.82329837215782,21.253933078919715],[-89.82329665596363,21.25382572783379],[-89.82298875393775,21.25380718729949],[-89.82288468794796,21.253830161884245],[-89.822852029816,21.25386110136174],[-89.82282344621667,21.25395494373876],[-89.8227872209368,21.25394627060713],[-89.8228063014378,21.253874762294156],[-89.82255933984149,21.25387228453163],[-89.82255331988324,21.253917970554205],[-89.8225208297722,21.253913450314304],[-89.82252515379632,21.253871849098392],[-89.82228732534432,21.253869355579813],[-89.82207919352516,21.253903143368266],[-89.82208115869317,21.25403087373049],[-89.8220523279698,21.254033448207895],[-89.8220482610804,21.253965061705088],[-89.82179537856345,21.253972069557115],[-89.8217251004027,21.25398693683113],[-89.82173050585969,21.254104517107223],[-89.82169807020169,21.254097759837563],[-89.82169266407732,21.25403423879783],[-89.82148047877615,21.254018020738997],[-89.82130208087061,21.254031535876468],[-89.82128586262994,21.254042348402443],[-89.821289916578,21.254184255535076],[-89.8212709960018,21.25418560712861],[-89.82126018394305,21.254088298937933],[-89.82111827594264,21.254089651013057],[-89.82087770916131,21.25414371090223],[-89.82090102674358,21.254284784777244],[-89.82088690092033,21.254287306683267],[-89.82086284266339,21.2541856073818],[-89.82067805715337,21.254224860843706],[-89.82054118568495,21.25423426135566],[-89.8205405855053,21.254389626888553],[-89.82051148281676,21.25439308733737],[-89.82050314075966,21.254312179105483],[-89.82034521836006,21.2543004846074],[-89.82025872190707,21.254276157793036],[-89.82005734756957,21.254276158361602],[-89.819916792222,21.254303187587716],[-89.8196721698069,21.25428426728645],[-89.81960189186171,21.25430859386688],[-89.81960459484758,21.254477530994205],[-89.8195735110955,21.254480233932735],[-89.8195666875843,21.25444157341544],[-89.81951561101818,21.254444832727817],[-89.81944376666473,21.25442482304265],[-89.81930726497416,21.25444779756744],[-89.81924239334023,21.254474827636407],[-89.81919644150555,21.254515373270237],[-89.81919508986259,21.254587003073954],[-89.81916265375158,21.254589706372744],[-89.8191652283626,21.2544996152485],[-89.8190163739093,21.25448580812212],[-89.81875375972065,21.254524604224194],[-89.81875045442469,21.25465156457299],[-89.81872986554954,21.254651848342043],[-89.81873089349355,21.254550380372354],[-89.81855276818236,21.25453973352847],[-89.81829338026346,21.25459002426542],[-89.81825932578147,21.25460272688836],[-89.8182570125316,21.254701881145454],[-89.81822876706939,21.2547018806699],[-89.81822551193179,21.254667158555733],[-89.8181260531626,21.25464646866658],[-89.81777331071298,21.254607276028946],[-89.81762941751168,21.254607276187173],[-89.81734876106124,21.25466324065545],[-89.81734488458873,21.254722153382417],[-89.81732461269847,21.25471944970404],[-89.81732326104583,21.25470188115814],[-89.81708511727788,21.254694055187436],[-89.81698695232701,21.254736254428604],[-89.81697691625189,21.254856174373472],[-89.81694852017151,21.25485752130137],[-89.81695353462197,21.25478286341553],[-89.8168597459721,21.25477597419996],[-89.81658982648997,21.254817115057136],[-89.81659937214907,21.254923622760145],[-89.81657480398715,21.25492527609981],[-89.81656511750663,21.25481968787773],[-89.81648516863805,21.25480848643053],[-89.81631253661567,21.254827569680412],[-89.81631858735858,21.25488795609243],[-89.81628636316577,21.25488899821764],[-89.81628100575753,21.25485408907312],[-89.81618198262767,21.254863798743642],[-89.81612706159024,21.25488832885494],[-89.81613023118607,21.255009058952826],[-89.81609474743402,21.2550086705939],[-89.81607787040403,21.254926759975394],[-89.8158597101514,21.254945296366564]]}},{"type":"Feature","id":"S01-69c7ed611c-37488","properties":{"record_id":"S01-69c7ed611c-37488","source_id":"S01","source_row":37488,"source_hash":"69c7ed611ced1723e08414ff41cd56e9df41f78ab19d9a00b6920381c47ea4d7","theme":"coast","status":"DERIVADO","origin":"OFICIAL","name":"Costa de referencia","date":"2023–2025","clipped":false,"simplification_m":1,"OBJECTID":0,"CODIGO":204,"TIPO":"Insular","SUBTIPO":"Playa","CAL_POS":"APROXIMADA"},"geometry":{"type":"LineString","coordinates":[[-89.82472678392188,21.253296318839162],[-89.82452168530516,21.25329215401238],[-89.8243440073407,21.253338217808693],[-89.8240986648538,21.25345719313207],[-89.82406454856286,21.253488233246706],[-89.82406725240673,21.25355580780641]]}},{"type":"Feature","id":"S01-69c7ed611c-37489","properties":{"record_id":"S01-69c7ed611c-37489","source_id":"S01","source_row":37489,"source_hash":"69c7ed611ced1723e08414ff41cd56e9df41f78ab19d9a00b6920381c47ea4d7","theme":"coast","status":"DERIVADO","origin":"OFICIAL","name":"Costa de referencia","date":"2023–2025","clipped":false,"simplification_m":1,"OBJECTID":0,"CODIGO":205,"TIPO":"Insular","SUBTIPO":"Rompeolas","CAL_POS":"APROXIMADA"},"geometry":{"type":"LineString","coordinates":[[-89.82406725240673,21.25355580780641],[-89.82407400914559,21.253646358092233],[-89.82404833079548,21.25364500711056],[-89.82404697903954,21.25361527375815]]}},{"type":"Feature","id":"S01-69c7ed611c-37490","properties":{"record_id":"S01-69c7ed611c-37490","source_id":"S01","source_row":37490,"source_hash":"69c7ed611ced1723e08414ff41cd56e9df41f78ab19d9a00b6920381c47ea4d7","theme":"coast","status":"DERIVADO","origin":"OFICIAL","name":"Costa de referencia","date":"2023–2025","clipped":false,"simplification_m":1,"OBJECTID":0,"CODIGO":205,"TIPO":"Insular","SUBTIPO":"Rompeolas","CAL_POS":"APROXIMADA"},"geometry":{"type":"LineString","coordinates":[[-89.82475111123566,21.253262532436096],[-89.8247686807681,21.25340443996881],[-89.82474435388822,21.25340308763026],[-89.82472678392188,21.253296318839162]]}},{"type":"Feature","id":"S01-69c7ed611c-37491","properties":{"record_id":"S01-69c7ed611c-37491","source_id":"S01","source_row":37491,"source_hash":"69c7ed611ced1723e08414ff41cd56e9df41f78ab19d9a00b6920381c47ea4d7","theme":"coast","status":"DERIVADO","origin":"OFICIAL","name":"Costa de referencia","date":"2023–2025","clipped":false,"simplification_m":1,"OBJECTID":0,"CODIGO":205,"TIPO":"Insular","SUBTIPO":"Rompeolas","CAL_POS":"APROXIMADA"},"geometry":{"type":"LineString","coordinates":[[-89.84497023295424,21.247667455095428],[-89.84503447823002,21.24799106084854],[-89.84491550549889,21.248021993767395],[-89.84481318760437,21.247627004322307]]}},{"type":"Feature","id":"S01-69c7ed611c-37492","properties":{"record_id":"S01-69c7ed611c-37492","source_id":"S01","source_row":37492,"source_hash":"69c7ed611ced1723e08414ff41cd56e9df41f78ab19d9a00b6920381c47ea4d7","theme":"coast","status":"DERIVADO","origin":"OFICIAL","name":"Costa de referencia","date":"2023–2025","clipped":false,"simplification_m":1,"OBJECTID":0,"CODIGO":204,"TIPO":"Insular","SUBTIPO":"Playa","CAL_POS":"APROXIMADA"},"geometry":{"type":"LineString","coordinates":[[-89.84503603661807,21.250684646735287],[-89.84490154689023,21.250723222232075],[-89.84431837334496,21.2507869453712],[-89.84391931821742,21.250794315118632],[-89.84331015495405,21.250851210710124],[-89.84249792895244,21.250879880243826],[-89.84145765447333,21.250985855157406],[-89.83985835704145,21.251190949263506],[-89.83908810351485,21.25126691890863],[-89.83804910418793,21.251415440318535],[-89.83686580380937,21.25152060758563],[-89.83558743501503,21.251725065833206],[-89.8350710921438,21.251825004061],[-89.83336638235893,21.25209548510381],[-89.83314848727288,21.252093883302496],[-89.83251317059053,21.25213671283327],[-89.83193496159214,21.252222374158542],[-89.82983865669422,21.25239131474815],[-89.82905581420746,21.252405592395842],[-89.82843001584648,21.252529324348725],[-89.82832769917475,21.252595948928995],[-89.82812978640838,21.252839398330057],[-89.82788179643515,21.252929591879433],[-89.82765907791843,21.252946723846918],[-89.82703192428637,21.25293364781149],[-89.82559102208549,21.253000968815268],[-89.82489021980363,21.253118550863153],[-89.82474976032881,21.25317198090283],[-89.82475111123566,21.253262532436096]]}},{"type":"Feature","id":"S01-69c7ed611c-37493","properties":{"record_id":"S01-69c7ed611c-37493","source_id":"S01","source_row":37493,"source_hash":"69c7ed611ced1723e08414ff41cd56e9df41f78ab19d9a00b6920381c47ea4d7","theme":"coast","status":"DERIVADO","origin":"OFICIAL","name":"Costa de referencia","date":"2023–2025","clipped":false,"simplification_m":1,"OBJECTID":0,"CODIGO":205,"TIPO":"Insular","SUBTIPO":"Rompeolas","CAL_POS":"APROXIMADA"},"geometry":{"type":"LineString","coordinates":[[-89.84402102623378,21.247769493139756],[-89.84423392773283,21.248207790125687],[-89.84445216083749,21.248716627735696],[-89.84469952341547,21.249157763478834],[-89.84474231354568,21.24920743361502],[-89.84479908751635,21.24923894218047],[-89.84485828864325,21.249243657174926],[-89.84489902333463,21.2492025662653],[-89.84493926324005,21.249053491266096],[-89.84497479488502,21.249069814535293],[-89.84502266976314,21.249131455080953],[-89.84504500600352,21.24920262719089],[-89.8450298633884,21.24930165612786],[-89.84488149589902,21.24960018221854],[-89.84488372584143,21.24968902924169],[-89.8450079167432,21.25005576615932],[-89.84507152598208,21.25016925858999],[-89.84509074966851,21.250276205390342],[-89.8453068871484,21.250585569718513],[-89.84531973122452,21.25069200751462],[-89.84529776409187,21.250744140733314],[-89.84523858871758,21.250793547462557],[-89.84517702744832,21.250813164565432],[-89.84510312043089,21.25081330265504],[-89.84506517603047,21.250771126346255],[-89.84503603661807,21.250684646735287]]}},{"type":"Feature","id":"S01-69c7ed611c-37494","properties":{"record_id":"S01-69c7ed611c-37494","source_id":"S01","source_row":37494,"source_hash":"69c7ed611ced1723e08414ff41cd56e9df41f78ab19d9a00b6920381c47ea4d7","theme":"coast","status":"DERIVADO","origin":"OFICIAL","name":"Costa de referencia","date":"2023–2025","clipped":true,"simplification_m":1,"OBJECTID":0,"CODIGO":204,"TIPO":"Insular","SUBTIPO":"Playa","CAL_POS":"APROXIMADA"},"geometry":{"type":"LineString","coordinates":[[-89.87368934162419,21.238972914504238],[-89.8733238419277,21.23910288311079],[-89.87293313465482,21.23927422962549],[-89.87184292528018,21.23962129231422],[-89.87124029563834,21.239862531777145],[-89.87066153927447,21.240067116709387],[-89.87009906778502,21.240290054161832],[-89.86987301927262,21.24039475042594],[-89.8692829127137,21.240606522294524],[-89.86905686444256,21.240708838853926],[-89.86862142284838,21.241037205234026],[-89.86807530120389,21.241326487388676],[-89.86746262515305,21.24138936506101],[-89.86716281336928,21.241501200479966],[-89.86699149224332,21.241529752691367],[-89.86605398433242,21.241751042871726],[-89.86578034573951,21.24179387268049],[-89.8651058679799,21.241991537644722],[-89.86435920562694,21.242120103504284],[-89.86392904110242,21.242216006923563],[-89.86355603754568,21.242279548624825],[-89.86303641490711,21.24246554105239],[-89.86249044204322,21.24261562068826],[-89.8619679116271,21.24273269108563],[-89.86159814432239,21.242782659067284],[-89.86130261540724,21.242874031274287],[-89.86082577090416,21.242962547186806],[-89.86068443074973,21.243002521117184],[-89.8600762413307,21.24309817568772],[-89.85995488842538,21.243139577706007],[-89.85979927073105,21.24316670401818],[-89.85962652331955,21.243176697602166],[-89.85918251471837,21.243282345704085],[-89.85897264698725,21.24330233424356],[-89.85885985966956,21.243356585122154],[-89.85871566533311,21.243397987663048],[-89.85851150741688,21.243405125981898],[-89.85834446860851,21.243433679907344],[-89.85777625430288,21.243467943674087],[-89.85759065633414,21.243493642367305],[-89.85748215193318,21.243489358739378],[-89.85677973526424,21.243606428889024],[-89.85666980372268,21.243627843870343],[-89.85653274712364,21.243684951236684],[-89.8561529849228,21.243790598683567],[-89.85603020526841,21.243843423234846],[-89.85530208982915,21.24392908397058],[-89.85513362370571,21.243971913962962],[-89.8549209008916,21.24403044868194],[-89.85479422879658,21.244124730148332],[-89.8547182380603,21.244162516626155],[-89.85459997073181,21.244194772146965],[-89.85395721918789,21.244266015310714],[-89.85370309225648,21.244308846323584],[-89.85355457346957,21.244315984167102],[-89.85286040537059,21.244414151521525],[-89.85231110810325,21.24454298479884],[-89.85160583489555,21.244651487574885],[-89.8514916211287,21.244688607688797],[-89.85117324876343,21.24474856993836],[-89.85083631820243,21.244838514082808],[-89.85040087603231,21.245001269231597],[-89.85025668055799,21.245075508209585],[-89.84984324643679,21.245214316763622],[-89.84900191564714,21.245540955252775],[-89.84848316715703,21.245767316134483],[-89.8481420009652,21.245875749210878],[-89.84759833147942,21.246203321879516],[-89.84617399067892,21.246940125063624],[-89.84567274263954,21.247220353923534],[-89.84545367368753,21.24736898083806],[-89.84516684831897,21.24745496826791],[-89.84502813545288,21.2475242747463],[-89.84499741322482,21.2475534600838],[-89.84497023295424,21.247667455095428]]}},{"type":"Feature","id":"S01-69c7ed611c-37495","properties":{"record_id":"S01-69c7ed611c-37495","source_id":"S01","source_row":37495,"source_hash":"69c7ed611ced1723e08414ff41cd56e9df41f78ab19d9a00b6920381c47ea4d7","theme":"coast","status":"DERIVADO","origin":"OFICIAL","name":"Costa de referencia","date":"2023–2025","clipped":false,"simplification_m":1,"OBJECTID":0,"CODIGO":205,"TIPO":"Insular","SUBTIPO":"Rompeolas","CAL_POS":"APROXIMADA"},"geometry":{"type":"LineString","coordinates":[[-89.8061671956602,21.256408753247467],[-89.80614834009279,21.256555506398684],[-89.80613175827773,21.256551290142756],[-89.80613484613411,21.25647872026586]]}},{"type":"Feature","id":"S01-69c7ed611c-37496","properties":{"record_id":"S01-69c7ed611c-37496","source_id":"S01","source_row":37496,"source_hash":"69c7ed611ced1723e08414ff41cd56e9df41f78ab19d9a00b6920381c47ea4d7","theme":"coast","status":"DERIVADO","origin":"OFICIAL","name":"Costa de referencia","date":"2023–2025","clipped":false,"simplification_m":1,"OBJECTID":0,"CODIGO":205,"TIPO":"Insular","SUBTIPO":"Rompeolas","CAL_POS":"APROXIMADA"},"geometry":{"type":"LineString","coordinates":[[-89.80697585216828,21.256236724622273],[-89.80697585247901,21.25634522863166],[-89.806960623414,21.256345228686524],[-89.8069606226879,21.256299542643216]]}},{"type":"Feature","id":"S01-69c7ed611c-37497","properties":{"record_id":"S01-69c7ed611c-37497","source_id":"S01","source_row":37497,"source_hash":"69c7ed611ced1723e08414ff41cd56e9df41f78ab19d9a00b6920381c47ea4d7","theme":"coast","status":"DERIVADO","origin":"OFICIAL","name":"Costa de referencia","date":"2023–2025","clipped":false,"simplification_m":1,"OBJECTID":0,"CODIGO":204,"TIPO":"Insular","SUBTIPO":"Playa","CAL_POS":"APROXIMADA"},"geometry":{"type":"LineString","coordinates":[[-89.71663343999865,21.27713152548287],[-89.71657745495386,21.277141677934353]]}},{"type":"Feature","id":"S01-69c7ed611c-37498","properties":{"record_id":"S01-69c7ed611c-37498","source_id":"S01","source_row":37498,"source_hash":"69c7ed611ced1723e08414ff41cd56e9df41f78ab19d9a00b6920381c47ea4d7","theme":"coast","status":"DERIVADO","origin":"OFICIAL","name":"Costa de referencia","date":"2023–2025","clipped":false,"simplification_m":1,"OBJECTID":0,"CODIGO":205,"TIPO":"Insular","SUBTIPO":"Rompeolas","CAL_POS":"APROXIMADA"},"geometry":{"type":"LineString","coordinates":[[-89.71665723410773,21.277129146033374],[-89.716679780128,21.277281000124354],[-89.71665979166349,21.277285283293917],[-89.71663343999865,21.27713152548287]]}},{"type":"Feature","id":"S01-69c7ed611c-37665","properties":{"record_id":"S01-69c7ed611c-37665","source_id":"S01","source_row":37665,"source_hash":"69c7ed611ced1723e08414ff41cd56e9df41f78ab19d9a00b6920381c47ea4d7","theme":"coast","status":"DERIVADO","origin":"OFICIAL","name":"Costa de referencia","date":"2023–2025","clipped":false,"simplification_m":1,"OBJECTID":0,"CODIGO":205,"TIPO":"Insular","SUBTIPO":"Rompeolas","CAL_POS":"APROXIMADA"},"geometry":{"type":"LineString","coordinates":[[-89.8068788271359,21.256291251314387],[-89.80687210720116,21.256330951752883]]}},{"type":"Feature","id":"S01-69c7ed611c-37666","properties":{"record_id":"S01-69c7ed611c-37666","source_id":"S01","source_row":37666,"source_hash":"69c7ed611ced1723e08414ff41cd56e9df41f78ab19d9a00b6920381c47ea4d7","theme":"coast","status":"DERIVADO","origin":"OFICIAL","name":"Costa de referencia","date":"2023–2025","clipped":false,"simplification_m":1,"OBJECTID":0,"CODIGO":204,"TIPO":"Insular","SUBTIPO":"Playa","CAL_POS":"APROXIMADA"},"geometry":{"type":"LineString","coordinates":[[-89.8069606226879,21.256299542643216],[-89.8068788271359,21.256291251314387]]}},{"type":"Feature","id":"S01-69c7ed611c-37667","properties":{"record_id":"S01-69c7ed611c-37667","source_id":"S01","source_row":37667,"source_hash":"69c7ed611ced1723e08414ff41cd56e9df41f78ab19d9a00b6920381c47ea4d7","theme":"coast","status":"DERIVADO","origin":"OFICIAL","name":"Costa de referencia","date":"2023–2025","clipped":false,"simplification_m":1,"OBJECTID":0,"CODIGO":205,"TIPO":"Insular","SUBTIPO":"Rompeolas","CAL_POS":"APROXIMADA"},"geometry":{"type":"LineString","coordinates":[[-89.8045898871437,21.25681395612149],[-89.80460198180427,21.256986242092065],[-89.80458251622034,21.256988301267427],[-89.80457533216243,21.256880743005066]]}},{"type":"Feature","id":"S01-69c7ed611c-37668","properties":{"record_id":"S01-69c7ed611c-37668","source_id":"S01","source_row":37668,"source_hash":"69c7ed611ced1723e08414ff41cd56e9df41f78ab19d9a00b6920381c47ea4d7","theme":"coast","status":"DERIVADO","origin":"OFICIAL","name":"Costa de referencia","date":"2023–2025","clipped":false,"simplification_m":1,"OBJECTID":0,"CODIGO":204,"TIPO":"Insular","SUBTIPO":"Playa","CAL_POS":"APROXIMADA"},"geometry":{"type":"LineString","coordinates":[[-89.80457533216243,21.256880743005066],[-89.80448225475517,21.25690366560696],[-89.80441269704193,21.25694009439065]]}},{"type":"Feature","id":"S01-69c7ed611c-37669","properties":{"record_id":"S01-69c7ed611c-37669","source_id":"S01","source_row":37669,"source_hash":"69c7ed611ced1723e08414ff41cd56e9df41f78ab19d9a00b6920381c47ea4d7","theme":"coast","status":"DERIVADO","origin":"OFICIAL","name":"Costa de referencia","date":"2023–2025","clipped":false,"simplification_m":1,"OBJECTID":0,"CODIGO":205,"TIPO":"Insular","SUBTIPO":"Rompeolas","CAL_POS":"APROXIMADA"},"geometry":{"type":"LineString","coordinates":[[-89.79782381892731,21.258304423658817],[-89.79787798312276,21.25856764566868],[-89.79784467035942,21.25857240461128],[-89.79782801442461,21.25845343212671]]}},{"type":"Feature","id":"S01-69c7ed611c-37670","properties":{"record_id":"S01-69c7ed611c-37670","source_id":"S01","source_row":37670,"source_hash":"69c7ed611ced1723e08414ff41cd56e9df41f78ab19d9a00b6920381c47ea4d7","theme":"coast","status":"DERIVADO","origin":"OFICIAL","name":"Costa de referencia","date":"2023–2025","clipped":false,"simplification_m":1,"OBJECTID":0,"CODIGO":205,"TIPO":"Insular","SUBTIPO":"Rompeolas","CAL_POS":"APROXIMADA"},"geometry":{"type":"LineString","coordinates":[[-89.79748489580824,21.25849697566619],[-89.7974872746791,21.25858025652978],[-89.79747537773355,21.258582635804913],[-89.79747537805746,21.258558841906677]]}},{"type":"Feature","id":"S01-69c7ed611c-37671","properties":{"record_id":"S01-69c7ed611c-37671","source_id":"S01","source_row":37671,"source_hash":"69c7ed611ced1723e08414ff41cd56e9df41f78ab19d9a00b6920381c47ea4d7","theme":"coast","status":"DERIVADO","origin":"OFICIAL","name":"Costa de referencia","date":"2023–2025","clipped":false,"simplification_m":1,"OBJECTID":0,"CODIGO":205,"TIPO":"Insular","SUBTIPO":"Rompeolas","CAL_POS":"APROXIMADA"},"geometry":{"type":"LineString","coordinates":[[-89.78088012794223,21.262622675649162],[-89.78090436801885,21.26271082074942],[-89.7808678557227,21.26272259841493],[-89.78085752443107,21.262679782866275]]}},{"type":"Feature","id":"S01-69c7ed611c-37672","properties":{"record_id":"S01-69c7ed611c-37672","source_id":"S01","source_row":37672,"source_hash":"69c7ed611ced1723e08414ff41cd56e9df41f78ab19d9a00b6920381c47ea4d7","theme":"coast","status":"DERIVADO","origin":"OFICIAL","name":"Costa de referencia","date":"2023–2025","clipped":false,"simplification_m":1,"OBJECTID":0,"CODIGO":204,"TIPO":"Insular","SUBTIPO":"Playa","CAL_POS":"APROXIMADA"},"geometry":{"type":"LineString","coordinates":[[-89.78085752443107,21.262679782866275],[-89.78079200118208,21.26269687612298],[-89.78070535419629,21.262749566484445]]}},{"type":"Feature","id":"S01-69c7ed611c-37673","properties":{"record_id":"S01-69c7ed611c-37673","source_id":"S01","source_row":37673,"source_hash":"69c7ed611ced1723e08414ff41cd56e9df41f78ab19d9a00b6920381c47ea4d7","theme":"coast","status":"DERIVADO","origin":"OFICIAL","name":"Costa de referencia","date":"2023–2025","clipped":false,"simplification_m":1,"OBJECTID":0,"CODIGO":205,"TIPO":"Insular","SUBTIPO":"Rompeolas","CAL_POS":"APROXIMADA"},"geometry":{"type":"LineString","coordinates":[[-89.7714044109227,21.265237161501084],[-89.7714236496778,21.265330430603562],[-89.77140148114374,21.265296633581627]]}},{"type":"Feature","id":"S01-69c7ed611c-37674","properties":{"record_id":"S01-69c7ed611c-37674","source_id":"S01","source_row":37674,"source_hash":"69c7ed611ced1723e08414ff41cd56e9df41f78ab19d9a00b6920381c47ea4d7","theme":"coast","status":"DERIVADO","origin":"OFICIAL","name":"Costa de referencia","date":"2023–2025","clipped":false,"simplification_m":1,"OBJECTID":0,"CODIGO":205,"TIPO":"Insular","SUBTIPO":"Rompeolas","CAL_POS":"APROXIMADA"},"geometry":{"type":"LineString","coordinates":[[-89.77115819027857,21.265322886819995],[-89.77118436476337,21.26542520412565],[-89.77115937979492,21.265432342326235],[-89.77113201603744,21.26537880444477]]}},{"type":"Feature","id":"S01-69c7ed611c-38213","properties":{"record_id":"S01-69c7ed611c-38213","source_id":"S01","source_row":38213,"source_hash":"69c7ed611ced1723e08414ff41cd56e9df41f78ab19d9a00b6920381c47ea4d7","theme":"coast","status":"DERIVADO","origin":"OFICIAL","name":"Costa de referencia","date":"2023–2025","clipped":false,"simplification_m":1,"OBJECTID":0,"CODIGO":202,"TIPO":"Insular","SUBTIPO":"Construcción portuaria","CAL_POS":"APROXIMADA"},"geometry":{"type":"LineString","coordinates":[[-89.66589129144921,21.28820196357307],[-89.66605549659975,21.289956592057607],[-89.66608039466506,21.28995426568005],[-89.66614919156376,21.29051034421083],[-89.66600342457907,21.290522664265076],[-89.66595458122667,21.289970487567718],[-89.66597795477216,21.28995993928028],[-89.66590579484435,21.289312886193038],[-89.66586133779722,21.288689720208577],[-89.6657852299234,21.288212708852473],[-89.66556570206262,21.28825822861955],[-89.66536867074053,21.28833869950746],[-89.66540362338289,21.288408550640373],[-89.66537791076782,21.28844788749539],[-89.66527559942172,21.28851191429414],[-89.66512372851554,21.288520728123554],[-89.6649867842864,21.288585858965053],[-89.66506293893558,21.28918152437276],[-89.66518702851812,21.289698367089073],[-89.66525466478438,21.28989078759839],[-89.66538383276709,21.29016816291428],[-89.66551169066824,21.29054478405256],[-89.66558684850378,21.290845817410585],[-89.6656464119091,21.291182219094637],[-89.6671540679833,21.304888629847348],[-89.66726427252634,21.304954059221465],[-89.66729236966324,21.305062465059986],[-89.66729385658286,21.30536080023119],[-89.66721287966176,21.305926592088696],[-89.66717030062854,21.306109914282136],[-89.66719307682453,21.30631658896699],[-89.66712315688902,21.30683206472751],[-89.66728233417766,21.308223089701553],[-89.66729645562079,21.30861728659035],[-89.6673599183425,21.30916783507445],[-89.6673663375077,21.309659553148613],[-89.66734135327387,21.3098951188326],[-89.66731280016857,21.310637511398753],[-89.66735919894579,21.310805262610135],[-89.66737347577228,21.311112214264213],[-89.66742701421184,21.311576208021986],[-89.66746270583964,21.311665437693417],[-89.66745556697312,21.311797498174563],[-89.66749839756214,21.312386415049563],[-89.6675769204551,21.312971762111268],[-89.6676804263565,21.31403895107426],[-89.66777322462424,21.314656420582786],[-89.6677803643952,21.31495980245548],[-89.66784460906467,21.31534884368927],[-89.66781248723825,21.315413089254914],[-89.66783390222479,21.31549875031944],[-89.66799451532547,21.31577000766911],[-89.66799094598801,21.315852099607646],[-89.66802306897299,21.315959175977962],[-89.6680766067552,21.31667301442269],[-89.66814442091184,21.317137008947846],[-89.66826220542131,21.318454040169925],[-89.66835500400715,21.319078649271145],[-89.66844066440589,21.31986743999827],[-89.66847992515143,21.32001734599967],[-89.66850847854722,21.32044208035236],[-89.66857272390335,21.321030997255463],[-89.66861198513615,21.321180903318954],[-89.66865838507624,21.321652035626208],[-89.668690508393,21.32180907973334],[-89.66868693770678,21.321987539542697],[-89.66877616842488,21.323019035687455],[-89.66895819712497,21.32443600472943],[-89.66898318058024,21.325049905593726],[-89.669022441844,21.32548534774275],[-89.66909739637961,21.32585297385799],[-89.66921160983989,21.3267024422423],[-89.66925443991592,21.327294928221022],[-89.66949000663116,21.32920801423206],[-89.66952501807528,21.33003569865251],[-89.67019194801118,21.330942046732055],[-89.67039717616295,21.331260300030777],[-89.67054291840789,21.331450655856504],[-89.67058158397325,21.331548808963962],[-89.67067378774092,21.3319057276044],[-89.67078086362899,21.33237269782288],[-89.67081952952822,21.332676078957387],[-89.67082547916976,21.332955665884974],[-89.67075707033823,21.33336017414668],[-89.6705488668087,21.33403831995083],[-89.67009082014276,21.334847337262488],[-89.67034958704538,21.33698587801014],[-89.6703793297181,21.33742905223356],[-89.6704881437658,21.338299561843648],[-89.67352594586578,21.33824009903862],[-89.67357078200824,21.338568219108232],[-89.67366941545804,21.338627789274238],[-89.67457755059671,21.338603381306836],[-89.67492707452624,21.338791294126263],[-89.67506984309382,21.339186879403446],[-89.67494975746027,21.339313653746693],[-89.67177601091896,21.339400606045597],[-89.67178507046054,21.34003389460125],[-89.67295607279358,21.340065167689232],[-89.67303349201055,21.340437966183266],[-89.67302517210375,21.34125260787098],[-89.67300255927819,21.34149421343517],[-89.67615438712359,21.341486832766428],[-89.67615224791093,21.341592857905557],[-89.67567208418562,21.341653784727725],[-89.67418533076103,21.341697168722835],[-89.67266371717325,21.341665292786544],[-89.6726457850738,21.341870489452806],[-89.6721111148489,21.341877902389975],[-89.67210692283318,21.341651015657977],[-89.6717571431573,21.34167956961435],[-89.67180902929776,21.342168225442844],[-89.67121462637473,21.342172118237183],[-89.67100001285333,21.342421042129065],[-89.67110662872366,21.343082064985232],[-89.67101475076083,21.34309296909451],[-89.67118739543592,21.344485224849127],[-89.67119935123924,21.344884832794346],[-89.67319909557649,21.344856150388903],[-89.67327047969924,21.3450417481788],[-89.67452367293933,21.346215707922546],[-89.67597592665251,21.344834734604515],[-89.68121550041771,21.344784765699576],[-89.68126253809537,21.345442715377498],[-89.68142965152403,21.345434359198293],[-89.68142235352819,21.345855530956197],[-89.6814860591458,21.34721137299416],[-89.68131473776623,21.34721851196163],[-89.6812052831709,21.347339863925292],[-89.68121242051976,21.348562907387254],[-89.68123621586767,21.348696156736715],[-89.68153602792553,21.348570046182346],[-89.68153840743418,21.348508180009027],[-89.68149841029016,21.3484669746862],[-89.6831316776932,21.347443667129298],[-89.68323566283593,21.347518767052463],[-89.68352687371764,21.347396676413073],[-89.68374962554513,21.34717612510178],[-89.683870979051,21.347090463956892],[-89.68408513046373,21.347097602179495],[-89.68421362134082,21.347226092897042],[-89.68423612052408,21.3475124942186],[-89.68415403032864,21.347637415703915],[-89.68395415513734,21.347723076455928],[-89.6838363722582,21.347694523296582],[-89.68367099865164,21.347746870836477],[-89.68292384874488,21.348184692307733],[-89.68265734873287,21.348379808317254],[-89.6824527149986,21.348551128687873],[-89.68167701131624,21.348984190875516],[-89.68156279680366,21.34899846782623],[-89.68115352995915,21.349222136659748],[-89.68106310996288,21.34925068964482],[-89.68067287766259,21.349145993981615],[-89.67961639843357,21.348988950308662],[-89.67576167095503,21.34858444087219],[-89.67528577939014,21.348513057933555],[-89.67493361834079,21.34836553101617],[-89.67376768312037,21.34677724084136],[-89.67364276132088,21.346729651197247],[-89.6734048150091,21.34669990756954],[-89.67181652462976,21.346717753611934],[-89.67172134644976,21.346670165324493],[-89.67090638057351,21.345873045633084],[-89.67077551027647,21.345706483446556],[-89.67074576697485,21.345539921245937],[-89.67069817771332,21.344671418392128],[-89.67065653689102,21.344463215025215],[-89.67059110219773,21.343642300914357],[-89.67032936058364,21.341393709930266],[-89.67015685077168,21.339769728149484],[-89.67012115878896,21.339311682088038],[-89.66987131496288,21.33723322280548],[-89.66986655635675,21.33698575899974],[-89.6697949478978,21.336747859183717],[-89.66971961040397,21.336413432811078],[-89.66967079209704,21.335930530591074],[-89.6695608923789,21.335237859293315],[-89.66942495452757,21.33391953359588],[-89.66937217855137,21.333514633676824],[-89.6693129669289,21.33321464402619],[-89.66925715839555,21.332493205053915],[-89.66902277723118,21.330392765783763],[-89.66892162759949,21.32936041018483],[-89.66890319032515,21.329036603449072],[-89.66879115307447,21.32826242747643],[-89.66866656582084,21.327065515072874],[-89.66839054983645,21.32475386738037],[-89.6683740952036,21.324478418507752],[-89.66826338245923,21.32344529178979],[-89.66818530421118,21.322966053510065],[-89.66817677334227,21.32270931883047],[-89.66811806312552,21.32233406317607],[-89.66796080390418,21.320863406904962],[-89.66790589198818,21.320551717243262],[-89.66787436318018,21.320160583217366],[-89.66774962925989,21.319279953541223],[-89.66754395736208,21.317112559400705],[-89.66752232214705,21.316632358843183],[-89.66747732765778,21.31636916478676],[-89.66745350346065,21.316069022653394],[-89.66740981858165,21.315914879151673],[-89.66737900860474,21.315725628595512],[-89.66733697370584,21.31520411872422],[-89.66727502277143,21.31475931917815],[-89.66727777322416,21.314554705619972],[-89.66720580991503,21.31407897445158],[-89.66703564122713,21.312399431085755],[-89.66698150545189,21.312184197582873],[-89.66686118557863,21.310906304775052],[-89.66676832048216,21.31013368163298],[-89.66670433790439,21.309745952391314],[-89.66668348790193,21.30934363457369],[-89.66654644864964,21.30849213561692],[-89.66635473098425,21.306557822935076],[-89.66631528700042,21.306322690628008],[-89.66626926047113,21.305737098799113],[-89.66621395618475,21.305537335727784],[-89.66616769121387,21.305271529594684],[-89.6661692876935,21.305009591071286],[-89.66621197798106,21.30496484328966],[-89.66630503174663,21.304950147517943],[-89.66632311391248,21.30491182287994],[-89.6662538208629,21.30417025491237],[-89.66612729773401,21.303185095017856],[-89.66631853506598,21.30316484634648],[-89.66619845609122,21.30212088383753],[-89.6661478658756,21.30151139224032],[-89.6658869080257,21.299259047417205],[-89.66555497344187,21.296150281730476],[-89.66519448456062,21.293012962283346],[-89.66481440288318,21.289511600980834],[-89.66470420288437,21.28874463874787],[-89.66455723714685,21.28875671831652],[-89.6645482613555,21.288686590767433]]}},{"type":"Feature","id":"S01-69c7ed611c-38225","properties":{"record_id":"S01-69c7ed611c-38225","source_id":"S01","source_row":38225,"source_hash":"69c7ed611ced1723e08414ff41cd56e9df41f78ab19d9a00b6920381c47ea4d7","theme":"coast","status":"DERIVADO","origin":"OFICIAL","name":"Costa de referencia","date":"2023–2025","clipped":false,"simplification_m":1,"OBJECTID":0,"CODIGO":208,"TIPO":"Insular","SUBTIPO":"Otros","CAL_POS":"APROXIMADA"},"geometry":{"type":"LineString","coordinates":[[-89.60737666101411,21.29592015479604],[-89.60733093420932,21.296527170325465],[-89.60731283495488,21.29715114877194],[-89.60734078409273,21.29715341770496],[-89.60732315081525,21.29770722679392],[-89.60717764640606,21.2977011983507],[-89.60719538729232,21.29715318171359],[-89.6072323177982,21.29715425156967],[-89.60726402058029,21.29592102955459]]}},{"type":"Feature","id":"S01-69c7ed611c-38226","properties":{"record_id":"S01-69c7ed611c-38226","source_id":"S01","source_row":38226,"source_hash":"69c7ed611ced1723e08414ff41cd56e9df41f78ab19d9a00b6920381c47ea4d7","theme":"coast","status":"DERIVADO","origin":"OFICIAL","name":"Costa de referencia","date":"2023–2025","clipped":false,"simplification_m":1,"OBJECTID":0,"CODIGO":208,"TIPO":"Insular","SUBTIPO":"Otros","CAL_POS":"APROXIMADA"},"geometry":{"type":"LineString","coordinates":[[-89.7025860299538,21.28279623232325],[-89.70235613012247,21.282761686099157],[-89.70215618055576,21.282755216038243],[-89.70191465659852,21.282781542750957],[-89.70142512961392,21.28279270764503],[-89.7012524569937,21.28276915587448],[-89.70119940834834,21.282748213760037],[-89.70110019690728,21.282742986182345],[-89.70103842188198,21.282766447577185],[-89.70098132193776,21.282809963672104],[-89.7008268863198,21.28303608501311],[-89.70070391828544,21.283115337564997],[-89.70031324496354,21.283226034436677],[-89.70016651002237,21.283284093322372],[-89.7000742718848,21.283365877113788],[-89.69991506419404,21.283586738824013]]}},{"type":"Feature","id":"S01-69c7ed611c-38227","properties":{"record_id":"S01-69c7ed611c-38227","source_id":"S01","source_row":38227,"source_hash":"69c7ed611ced1723e08414ff41cd56e9df41f78ab19d9a00b6920381c47ea4d7","theme":"coast","status":"DERIVADO","origin":"OFICIAL","name":"Costa de referencia","date":"2023–2025","clipped":false,"simplification_m":1,"OBJECTID":0,"CODIGO":208,"TIPO":"Insular","SUBTIPO":"Otros","CAL_POS":"APROXIMADA"},"geometry":{"type":"LineString","coordinates":[[-89.8158597101514,21.254945296366564],[-89.81603521400129,21.256026733174625],[-89.81608327986825,21.256247429486088],[-89.8161134956655,21.25624020282653],[-89.81618194108985,21.25664685537967],[-89.81603737755248,21.256667844050572],[-89.81597094127106,21.256267376006242],[-89.81600626115268,21.25626055682491],[-89.81578228538963,21.254948753270057]]}},{"type":"Feature","id":"S01-69c7ed611c-38338","properties":{"record_id":"S01-69c7ed611c-38338","source_id":"S01","source_row":38338,"source_hash":"69c7ed611ced1723e08414ff41cd56e9df41f78ab19d9a00b6920381c47ea4d7","theme":"coast","status":"DERIVADO","origin":"OFICIAL","name":"Costa de referencia","date":"2023–2025","clipped":false,"simplification_m":1,"OBJECTID":0,"CODIGO":208,"TIPO":"Insular","SUBTIPO":"Otros","CAL_POS":"APROXIMADA"},"geometry":{"type":"LineString","coordinates":[[-89.78956615594853,21.261041241936844],[-89.78958223135007,21.261162161330393],[-89.78942398089379,21.26117971746373],[-89.78941569391249,21.261134129253882]]}},{"type":"Feature","id":"S01-69c7ed611c-39320","properties":{"record_id":"S01-69c7ed611c-39320","source_id":"S01","source_row":39320,"source_hash":"69c7ed611ced1723e08414ff41cd56e9df41f78ab19d9a00b6920381c47ea4d7","theme":"coast","status":"DERIVADO","origin":"OFICIAL","name":"Costa de referencia","date":"2023–2025","clipped":false,"simplification_m":1,"OBJECTID":0,"CODIGO":204,"TIPO":"Insular","SUBTIPO":"Playa","CAL_POS":"APROXIMADA"},"geometry":{"type":"LineString","coordinates":[[-89.8077407840636,21.256137435164888],[-89.80768858931295,21.256124756997394],[-89.80754950177003,21.256126068807934],[-89.80739478087649,21.2561444274818]]}},{"type":"Feature","id":"S01-69c7ed611c-39321","properties":{"record_id":"S01-69c7ed611c-39321","source_id":"S01","source_row":39321,"source_hash":"69c7ed611ced1723e08414ff41cd56e9df41f78ab19d9a00b6920381c47ea4d7","theme":"coast","status":"DERIVADO","origin":"OFICIAL","name":"Costa de referencia","date":"2023–2025","clipped":false,"simplification_m":1,"OBJECTID":0,"CODIGO":205,"TIPO":"Insular","SUBTIPO":"Rompeolas","CAL_POS":"APROXIMADA"},"geometry":{"type":"LineString","coordinates":[[-89.80778158703298,21.25608388820416],[-89.80778300738224,21.25620399765903],[-89.80774906087876,21.256204177340223],[-89.8077407840636,21.256137435164888]]}},{"type":"Feature","id":"S01-69c7ed611c-39322","properties":{"record_id":"S01-69c7ed611c-39322","source_id":"S01","source_row":39322,"source_hash":"69c7ed611ced1723e08414ff41cd56e9df41f78ab19d9a00b6920381c47ea4d7","theme":"coast","status":"DERIVADO","origin":"OFICIAL","name":"Costa de referencia","date":"2023–2025","clipped":false,"simplification_m":1,"OBJECTID":0,"CODIGO":204,"TIPO":"Insular","SUBTIPO":"Playa","CAL_POS":"APROXIMADA"},"geometry":{"type":"LineString","coordinates":[[-89.79219675812578,21.259832051663437],[-89.79202575007582,21.25982995595589],[-89.79190558702756,21.259860889245868]]}},{"type":"Feature","id":"S01-69c7ed611c-39323","properties":{"record_id":"S01-69c7ed611c-39323","source_id":"S01","source_row":39323,"source_hash":"69c7ed611ced1723e08414ff41cd56e9df41f78ab19d9a00b6920381c47ea4d7","theme":"coast","status":"DERIVADO","origin":"OFICIAL","name":"Costa de referencia","date":"2023–2025","clipped":false,"simplification_m":1,"OBJECTID":0,"CODIGO":204,"TIPO":"Insular","SUBTIPO":"Playa","CAL_POS":"APROXIMADA"},"geometry":{"type":"LineString","coordinates":[[-89.79190037967913,21.25994453364426],[-89.7917116610294,21.26004291810331]]}},{"type":"Feature","id":"S01-69c7ed611c-39324","properties":{"record_id":"S01-69c7ed611c-39324","source_id":"S01","source_row":39324,"source_hash":"69c7ed611ced1723e08414ff41cd56e9df41f78ab19d9a00b6920381c47ea4d7","theme":"coast","status":"DERIVADO","origin":"OFICIAL","name":"Costa de referencia","date":"2023–2025","clipped":false,"simplification_m":1,"OBJECTID":0,"CODIGO":204,"TIPO":"Insular","SUBTIPO":"Playa","CAL_POS":"APROXIMADA"},"geometry":{"type":"LineString","coordinates":[[-89.79241840759859,21.25970134950991],[-89.79221521869769,21.25977027786761]]}},{"type":"Feature","id":"S01-69c7ed611c-39325","properties":{"record_id":"S01-69c7ed611c-39325","source_id":"S01","source_row":39325,"source_hash":"69c7ed611ced1723e08414ff41cd56e9df41f78ab19d9a00b6920381c47ea4d7","theme":"coast","status":"DERIVADO","origin":"OFICIAL","name":"Costa de referencia","date":"2023–2025","clipped":false,"simplification_m":1,"OBJECTID":0,"CODIGO":205,"TIPO":"Insular","SUBTIPO":"Rompeolas","CAL_POS":"APROXIMADA"},"geometry":{"type":"LineString","coordinates":[[-89.79221521869769,21.25977027786761],[-89.79225447937073,21.259936840646038],[-89.79222592594168,21.259942789610555],[-89.79219675812578,21.259832051663437]]}},{"type":"Feature","id":"S01-69c7ed611c-39326","properties":{"record_id":"S01-69c7ed611c-39326","source_id":"S01","source_row":39326,"source_hash":"69c7ed611ced1723e08414ff41cd56e9df41f78ab19d9a00b6920381c47ea4d7","theme":"coast","status":"DERIVADO","origin":"OFICIAL","name":"Costa de referencia","date":"2023–2025","clipped":false,"simplification_m":1,"OBJECTID":0,"CODIGO":205,"TIPO":"Insular","SUBTIPO":"Rompeolas","CAL_POS":"APROXIMADA"},"geometry":{"type":"LineString","coordinates":[[-89.77987849860351,21.262822242275],[-89.77989012919316,21.262916348639013],[-89.77986728733873,21.262920631637613],[-89.77986031276089,21.26287181629768]]}},{"type":"Feature","id":"S01-69c7ed611c-39327","properties":{"record_id":"S01-69c7ed611c-39327","source_id":"S01","source_row":39327,"source_hash":"69c7ed611ced1723e08414ff41cd56e9df41f78ab19d9a00b6920381c47ea4d7","theme":"coast","status":"DERIVADO","origin":"OFICIAL","name":"Costa de referencia","date":"2023–2025","clipped":false,"simplification_m":1,"OBJECTID":0,"CODIGO":204,"TIPO":"Insular","SUBTIPO":"Playa","CAL_POS":"APROXIMADA"},"geometry":{"type":"LineString","coordinates":[[-89.78007832723121,21.26281673011884],[-89.77995570768667,21.262802325573123],[-89.77987849860351,21.262822242275]]}},{"type":"Feature","id":"S01-69c7ed611c-39328","properties":{"record_id":"S01-69c7ed611c-39328","source_id":"S01","source_row":39328,"source_hash":"69c7ed611ced1723e08414ff41cd56e9df41f78ab19d9a00b6920381c47ea4d7","theme":"coast","status":"DERIVADO","origin":"OFICIAL","name":"Costa de referencia","date":"2023–2025","clipped":false,"simplification_m":1,"OBJECTID":0,"CODIGO":205,"TIPO":"Insular","SUBTIPO":"Rompeolas","CAL_POS":"APROXIMADA"},"geometry":{"type":"LineString","coordinates":[[-89.77548589023907,21.263832632019373],[-89.77549835765413,21.26396283582702],[-89.7754793228086,21.26396283582695],[-89.77546566484567,21.263890929114954]]}},{"type":"Feature","id":"S01-69c7ed611c-39329","properties":{"record_id":"S01-69c7ed611c-39329","source_id":"S01","source_row":39329,"source_hash":"69c7ed611ced1723e08414ff41cd56e9df41f78ab19d9a00b6920381c47ea4d7","theme":"coast","status":"DERIVADO","origin":"OFICIAL","name":"Costa de referencia","date":"2023–2025","clipped":false,"simplification_m":1,"OBJECTID":0,"CODIGO":204,"TIPO":"Insular","SUBTIPO":"Playa","CAL_POS":"APROXIMADA"},"geometry":{"type":"LineString","coordinates":[[-89.77597353711458,21.263833154593694],[-89.77591568182224,21.263816961281922],[-89.77571399353721,21.26381372111674],[-89.77548589023907,21.263832632019373]]}},{"type":"Feature","id":"S01-69c7ed611c-39330","properties":{"record_id":"S01-69c7ed611c-39330","source_id":"S01","source_row":39330,"source_hash":"69c7ed611ced1723e08414ff41cd56e9df41f78ab19d9a00b6920381c47ea4d7","theme":"coast","status":"DERIVADO","origin":"OFICIAL","name":"Costa de referencia","date":"2023–2025","clipped":false,"simplification_m":1,"OBJECTID":0,"CODIGO":205,"TIPO":"Insular","SUBTIPO":"Rompeolas","CAL_POS":"APROXIMADA"},"geometry":{"type":"LineString","coordinates":[[-89.77496867629996,21.263897416935947],[-89.7749736867358,21.26394974826991],[-89.77495465189212,21.26394974820461],[-89.77494647720785,21.263906709567188]]}},{"type":"Feature","id":"S01-69c7ed611c-39331","properties":{"record_id":"S01-69c7ed611c-39331","source_id":"S01","source_row":39331,"source_hash":"69c7ed611ced1723e08414ff41cd56e9df41f78ab19d9a00b6920381c47ea4d7","theme":"coast","status":"DERIVADO","origin":"OFICIAL","name":"Costa de referencia","date":"2023–2025","clipped":false,"simplification_m":1,"OBJECTID":0,"CODIGO":204,"TIPO":"Insular","SUBTIPO":"Playa","CAL_POS":"APROXIMADA"},"geometry":{"type":"LineString","coordinates":[[-89.77546566484567,21.263890929114954],[-89.77503374121572,21.26388505968285],[-89.77496867629996,21.263897416935947]]}},{"type":"Feature","id":"S01-69c7ed611c-39332","properties":{"record_id":"S01-69c7ed611c-39332","source_id":"S01","source_row":39332,"source_hash":"69c7ed611ced1723e08414ff41cd56e9df41f78ab19d9a00b6920381c47ea4d7","theme":"coast","status":"DERIVADO","origin":"OFICIAL","name":"Costa de referencia","date":"2023–2025","clipped":false,"simplification_m":1,"OBJECTID":0,"CODIGO":205,"TIPO":"Insular","SUBTIPO":"Rompeolas","CAL_POS":"APROXIMADA"},"geometry":{"type":"LineString","coordinates":[[-89.77415220240985,21.26409794205727],[-89.77417299845774,21.26427216522484],[-89.77415396260388,21.264272164982625],[-89.77414149470516,21.26421096691888]]}},{"type":"Feature","id":"S01-69c7ed611c-39333","properties":{"record_id":"S01-69c7ed611c-39333","source_id":"S01","source_row":39333,"source_hash":"69c7ed611ced1723e08414ff41cd56e9df41f78ab19d9a00b6920381c47ea4d7","theme":"coast","status":"DERIVADO","origin":"OFICIAL","name":"Costa de referencia","date":"2023–2025","clipped":false,"simplification_m":1,"OBJECTID":0,"CODIGO":205,"TIPO":"Insular","SUBTIPO":"Rompeolas","CAL_POS":"APROXIMADA"},"geometry":{"type":"LineString","coordinates":[[-89.7744865172339,21.263952795275014],[-89.77450493301215,21.264144863549735],[-89.77448589805843,21.264144864330213],[-89.77447422066425,21.264081014777627]]}},{"type":"Feature","id":"S01-69c7ed611c-39334","properties":{"record_id":"S01-69c7ed611c-39334","source_id":"S01","source_row":39334,"source_hash":"69c7ed611ced1723e08414ff41cd56e9df41f78ab19d9a00b6920381c47ea4d7","theme":"coast","status":"DERIVADO","origin":"OFICIAL","name":"Costa de referencia","date":"2023–2025","clipped":false,"simplification_m":1,"OBJECTID":0,"CODIGO":204,"TIPO":"Insular","SUBTIPO":"Playa","CAL_POS":"APROXIMADA"},"geometry":{"type":"LineString","coordinates":[[-89.77494647720785,21.263906709567188],[-89.77471137587753,21.263908775194306],[-89.77458931475576,21.263921424808032],[-89.7744865172339,21.263952795275014]]}},{"type":"Feature","id":"S01-69c7ed611c-39335","properties":{"record_id":"S01-69c7ed611c-39335","source_id":"S01","source_row":39335,"source_hash":"69c7ed611ced1723e08414ff41cd56e9df41f78ab19d9a00b6920381c47ea4d7","theme":"coast","status":"DERIVADO","origin":"OFICIAL","name":"Costa de referencia","date":"2023–2025","clipped":false,"simplification_m":1,"OBJECTID":0,"CODIGO":204,"TIPO":"Insular","SUBTIPO":"Playa","CAL_POS":"APROXIMADA"},"geometry":{"type":"LineString","coordinates":[[-89.77447422066425,21.264081014777627],[-89.77437422279058,21.264065141905785],[-89.77415220240985,21.26409794205727]]}},{"type":"Feature","id":"S01-69c7ed611c-39336","properties":{"record_id":"S01-69c7ed611c-39336","source_id":"S01","source_row":39336,"source_hash":"69c7ed611ced1723e08414ff41cd56e9df41f78ab19d9a00b6920381c47ea4d7","theme":"coast","status":"DERIVADO","origin":"OFICIAL","name":"Costa de referencia","date":"2023–2025","clipped":false,"simplification_m":1,"OBJECTID":0,"CODIGO":205,"TIPO":"Insular","SUBTIPO":"Rompeolas","CAL_POS":"APROXIMADA"},"geometry":{"type":"LineString","coordinates":[[-89.77379409403588,21.2642787812477],[-89.77381964768256,21.264476799272348],[-89.77380061276425,21.264476799063463],[-89.77377624796722,21.264365631291014]]}},{"type":"Feature","id":"S01-69c7ed611c-39337","properties":{"record_id":"S01-69c7ed611c-39337","source_id":"S01","source_row":39337,"source_hash":"69c7ed611ced1723e08414ff41cd56e9df41f78ab19d9a00b6920381c47ea4d7","theme":"coast","status":"DERIVADO","origin":"OFICIAL","name":"Costa de referencia","date":"2023–2025","clipped":false,"simplification_m":1,"OBJECTID":0,"CODIGO":204,"TIPO":"Insular","SUBTIPO":"Playa","CAL_POS":"APROXIMADA"},"geometry":{"type":"LineString","coordinates":[[-89.77414149470516,21.26421096691888],[-89.7740796285408,21.264191930762735],[-89.77395470701651,21.264189550694983],[-89.77386485927907,21.26421505756925],[-89.77379409403588,21.2642787812477]]}},{"type":"Feature","id":"S01-69c7ed611c-39338","properties":{"record_id":"S01-69c7ed611c-39338","source_id":"S01","source_row":39338,"source_hash":"69c7ed611ced1723e08414ff41cd56e9df41f78ab19d9a00b6920381c47ea4d7","theme":"coast","status":"DERIVADO","origin":"OFICIAL","name":"Costa de referencia","date":"2023–2025","clipped":false,"simplification_m":1,"OBJECTID":0,"CODIGO":204,"TIPO":"Insular","SUBTIPO":"Playa","CAL_POS":"APROXIMADA"},"geometry":{"type":"LineString","coordinates":[[-89.77377624796722,21.264365631291014],[-89.77371676074411,21.264345405810452],[-89.77359897797335,21.264352544200126],[-89.77337724435576,21.264402513265836]]}},{"type":"Feature","id":"S01-69c7ed611c-39339","properties":{"record_id":"S01-69c7ed611c-39339","source_id":"S01","source_row":39339,"source_hash":"69c7ed611ced1723e08414ff41cd56e9df41f78ab19d9a00b6920381c47ea4d7","theme":"coast","status":"DERIVADO","origin":"OFICIAL","name":"Costa de referencia","date":"2023–2025","clipped":false,"simplification_m":1,"OBJECTID":0,"CODIGO":205,"TIPO":"Insular","SUBTIPO":"Rompeolas","CAL_POS":"APROXIMADA"},"geometry":{"type":"LineString","coordinates":[[-89.77337724435576,21.264402513265836],[-89.77341884522855,21.264613005980678],[-89.773398932829,21.264718638909077],[-89.77337097034761,21.26471519407875],[-89.77338753935926,21.264632891871074],[-89.77336582246933,21.264497691869664]]}},{"type":"Feature","id":"S01-69c7ed611c-39340","properties":{"record_id":"S01-69c7ed611c-39340","source_id":"S01","source_row":39340,"source_hash":"69c7ed611ced1723e08414ff41cd56e9df41f78ab19d9a00b6920381c47ea4d7","theme":"coast","status":"DERIVADO","origin":"OFICIAL","name":"Costa de referencia","date":"2023–2025","clipped":false,"simplification_m":1,"OBJECTID":0,"CODIGO":205,"TIPO":"Insular","SUBTIPO":"Rompeolas","CAL_POS":"APROXIMADA"},"geometry":{"type":"LineString","coordinates":[[-89.77267673018476,21.26461000221483],[-89.77273652465588,21.264903731651035],[-89.77271867859704,21.264909680654533],[-89.77265889250215,21.26464489817381]]}},{"type":"Feature","id":"S01-69c7ed611c-39341","properties":{"record_id":"S01-69c7ed611c-39341","source_id":"S01","source_row":39341,"source_hash":"69c7ed611ced1723e08414ff41cd56e9df41f78ab19d9a00b6920381c47ea4d7","theme":"coast","status":"DERIVADO","origin":"OFICIAL","name":"Costa de referencia","date":"2023–2025","clipped":false,"simplification_m":1,"OBJECTID":0,"CODIGO":204,"TIPO":"Insular","SUBTIPO":"Playa","CAL_POS":"APROXIMADA"},"geometry":{"type":"LineString","coordinates":[[-89.77265889250215,21.26464489817381],[-89.77239266929568,21.264703088333935],[-89.77221438060575,21.264769526764134]]}},{"type":"Feature","id":"S01-69c7ed611c-39342","properties":{"record_id":"S01-69c7ed611c-39342","source_id":"S01","source_row":39342,"source_hash":"69c7ed611ced1723e08414ff41cd56e9df41f78ab19d9a00b6920381c47ea4d7","theme":"coast","status":"DERIVADO","origin":"OFICIAL","name":"Costa de referencia","date":"2023–2025","clipped":false,"simplification_m":1,"OBJECTID":0,"CODIGO":205,"TIPO":"Insular","SUBTIPO":"Rompeolas","CAL_POS":"APROXIMADA"},"geometry":{"type":"LineString","coordinates":[[-89.77163953795596,21.26512370902662],[-89.7716633326976,21.26524744056434],[-89.77164548742772,21.26525339042516],[-89.77162764106541,21.265189143724303]]}},{"type":"Feature","id":"S01-69c7ed611c-39343","properties":{"record_id":"S01-69c7ed611c-39343","source_id":"S01","source_row":39343,"source_hash":"69c7ed611ced1723e08414ff41cd56e9df41f78ab19d9a00b6920381c47ea4d7","theme":"coast","status":"DERIVADO","origin":"OFICIAL","name":"Costa de referencia","date":"2023–2025","clipped":false,"simplification_m":1,"OBJECTID":0,"CODIGO":204,"TIPO":"Insular","SUBTIPO":"Playa","CAL_POS":"APROXIMADA"},"geometry":{"type":"LineString","coordinates":[[-89.77162764106541,21.265189143724303],[-89.7714737073489,21.265210183387023],[-89.7714044109227,21.265237161501084]]}},{"type":"Feature","id":"S01-69c7ed611c-39344","properties":{"record_id":"S01-69c7ed611c-39344","source_id":"S01","source_row":39344,"source_hash":"69c7ed611ced1723e08414ff41cd56e9df41f78ab19d9a00b6920381c47ea4d7","theme":"coast","status":"DERIVADO","origin":"OFICIAL","name":"Costa de referencia","date":"2023–2025","clipped":false,"simplification_m":1,"OBJECTID":0,"CODIGO":205,"TIPO":"Insular","SUBTIPO":"Rompeolas","CAL_POS":"APROXIMADA"},"geometry":{"type":"LineString","coordinates":[[-89.77054209849943,21.26555818832626],[-89.77060234774427,21.26575380715122],[-89.77057736268385,21.265760945258055],[-89.77056665585894,21.26572882234514]]}},{"type":"Feature","id":"S01-69c7ed611c-39345","properties":{"record_id":"S01-69c7ed611c-39345","source_id":"S01","source_row":39345,"source_hash":"69c7ed611ced1723e08414ff41cd56e9df41f78ab19d9a00b6920381c47ea4d7","theme":"coast","status":"DERIVADO","origin":"OFICIAL","name":"Costa de referencia","date":"2023–2025","clipped":false,"simplification_m":1,"OBJECTID":0,"CODIGO":204,"TIPO":"Insular","SUBTIPO":"Playa","CAL_POS":"APROXIMADA"},"geometry":{"type":"LineString","coordinates":[[-89.77030455925065,21.265801515161435],[-89.77011423324983,21.26582583413897]]}},{"type":"Feature","id":"S01-69c7ed611c-39346","properties":{"record_id":"S01-69c7ed611c-39346","source_id":"S01","source_row":39346,"source_hash":"69c7ed611ced1723e08414ff41cd56e9df41f78ab19d9a00b6920381c47ea4d7","theme":"coast","status":"DERIVADO","origin":"OFICIAL","name":"Costa de referencia","date":"2023–2025","clipped":false,"simplification_m":1,"OBJECTID":0,"CODIGO":205,"TIPO":"Insular","SUBTIPO":"Rompeolas","CAL_POS":"APROXIMADA"},"geometry":{"type":"LineString","coordinates":[[-89.7703203335089,21.265731413162158],[-89.77034793508653,21.265834205670792],[-89.7703174777561,21.265843723043282],[-89.77030455925065,21.265801515161435]]}},{"type":"Feature","id":"S01-69c7ed611c-39347","properties":{"record_id":"S01-69c7ed611c-39347","source_id":"S01","source_row":39347,"source_hash":"69c7ed611ced1723e08414ff41cd56e9df41f78ab19d9a00b6920381c47ea4d7","theme":"coast","status":"DERIVADO","origin":"OFICIAL","name":"Costa de referencia","date":"2023–2025","clipped":false,"simplification_m":1,"OBJECTID":0,"CODIGO":204,"TIPO":"Insular","SUBTIPO":"Playa","CAL_POS":"APROXIMADA"},"geometry":{"type":"LineString","coordinates":[[-89.77056665585894,21.26572882234514],[-89.77048276250191,21.265735487175537],[-89.77044787318943,21.265720943398563],[-89.77036411603517,21.26571904008628],[-89.7703203335089,21.265731413162158]]}},{"type":"Feature","id":"S01-69c7ed611c-39348","properties":{"record_id":"S01-69c7ed611c-39348","source_id":"S01","source_row":39348,"source_hash":"69c7ed611ced1723e08414ff41cd56e9df41f78ab19d9a00b6920381c47ea4d7","theme":"coast","status":"DERIVADO","origin":"OFICIAL","name":"Costa de referencia","date":"2023–2025","clipped":false,"simplification_m":1,"OBJECTID":0,"CODIGO":205,"TIPO":"Insular","SUBTIPO":"Rompeolas","CAL_POS":"APROXIMADA"},"geometry":{"type":"LineString","coordinates":[[-89.76973413782376,21.265921634898973],[-89.76974936662207,21.266002536908285],[-89.769724818996,21.266014391043264],[-89.76971510115199,21.265971127210037]]}},{"type":"Feature","id":"S01-69c7ed611c-39349","properties":{"record_id":"S01-69c7ed611c-39349","source_id":"S01","source_row":39349,"source_hash":"69c7ed611ced1723e08414ff41cd56e9df41f78ab19d9a00b6920381c47ea4d7","theme":"coast","status":"DERIVADO","origin":"OFICIAL","name":"Costa de referencia","date":"2023–2025","clipped":false,"simplification_m":1,"OBJECTID":0,"CODIGO":204,"TIPO":"Insular","SUBTIPO":"Playa","CAL_POS":"APROXIMADA"},"geometry":{"type":"LineString","coordinates":[[-89.76971510115199,21.265971127210037],[-89.76965549513858,21.265965699862104],[-89.76953162399433,21.265999147201477]]}},{"type":"Feature","id":"S01-69c7ed611c-39630","properties":{"record_id":"S01-69c7ed611c-39630","source_id":"S01","source_row":39630,"source_hash":"69c7ed611ced1723e08414ff41cd56e9df41f78ab19d9a00b6920381c47ea4d7","theme":"coast","status":"DERIVADO","origin":"OFICIAL","name":"Costa de referencia","date":"2023–2025","clipped":false,"simplification_m":1,"OBJECTID":0,"CODIGO":103,"TIPO":"Continental","SUBTIPO":"Línea de cierre","CAL_POS":"APROXIMADA"},"geometry":{"type":"LineString","coordinates":[[-89.84481318760437,21.247627004322307],[-89.84402102623378,21.247769493139756]]}},{"type":"Feature","id":"S01-69c7ed611c-39631","properties":{"record_id":"S01-69c7ed611c-39631","source_id":"S01","source_row":39631,"source_hash":"69c7ed611ced1723e08414ff41cd56e9df41f78ab19d9a00b6920381c47ea4d7","theme":"coast","status":"DERIVADO","origin":"OFICIAL","name":"Costa de referencia","date":"2023–2025","clipped":false,"simplification_m":1,"OBJECTID":0,"CODIGO":204,"TIPO":"Insular","SUBTIPO":"Playa","CAL_POS":"APROXIMADA"},"geometry":{"type":"LineString","coordinates":[[-89.79571090292698,21.258896733001603],[-89.79549108160055,21.258928310778984]]}},{"type":"Feature","id":"S01-69c7ed611c-39632","properties":{"record_id":"S01-69c7ed611c-39632","source_id":"S01","source_row":39632,"source_hash":"69c7ed611ced1723e08414ff41cd56e9df41f78ab19d9a00b6920381c47ea4d7","theme":"coast","status":"DERIVADO","origin":"OFICIAL","name":"Costa de referencia","date":"2023–2025","clipped":false,"simplification_m":1,"OBJECTID":0,"CODIGO":204,"TIPO":"Insular","SUBTIPO":"Playa","CAL_POS":"APROXIMADA"},"geometry":{"type":"LineString","coordinates":[[-89.7954685283437,21.258972772009912],[-89.79528413436239,21.258987905519298]]}},{"type":"Feature","id":"S01-69c7ed611c-39633","properties":{"record_id":"S01-69c7ed611c-39633","source_id":"S01","source_row":39633,"source_hash":"69c7ed611ced1723e08414ff41cd56e9df41f78ab19d9a00b6920381c47ea4d7","theme":"coast","status":"DERIVADO","origin":"OFICIAL","name":"Costa de referencia","date":"2023–2025","clipped":false,"simplification_m":1,"OBJECTID":0,"CODIGO":204,"TIPO":"Insular","SUBTIPO":"Playa","CAL_POS":"APROXIMADA"},"geometry":{"type":"LineString","coordinates":[[-89.79257766705004,21.25962348682391],[-89.79244107271283,21.25964436898698]]}},{"type":"Feature","id":"S01-69c7ed611c-39634","properties":{"record_id":"S01-69c7ed611c-39634","source_id":"S01","source_row":39634,"source_hash":"69c7ed611ced1723e08414ff41cd56e9df41f78ab19d9a00b6920381c47ea4d7","theme":"coast","status":"DERIVADO","origin":"OFICIAL","name":"Costa de referencia","date":"2023–2025","clipped":false,"simplification_m":1,"OBJECTID":0,"CODIGO":205,"TIPO":"Insular","SUBTIPO":"Rompeolas","CAL_POS":"APROXIMADA"},"geometry":{"type":"LineString","coordinates":[[-89.79259724607223,21.25957782541675],[-89.79260995862688,21.259641491454534],[-89.79258587211187,21.259646311478754],[-89.79257766705004,21.25962348682391]]}},{"type":"Feature","id":"S01-69c7ed611c-39635","properties":{"record_id":"S01-69c7ed611c-39635","source_id":"S01","source_row":39635,"source_hash":"69c7ed611ced1723e08414ff41cd56e9df41f78ab19d9a00b6920381c47ea4d7","theme":"coast","status":"DERIVADO","origin":"OFICIAL","name":"Costa de referencia","date":"2023–2025","clipped":false,"simplification_m":1,"OBJECTID":0,"CODIGO":204,"TIPO":"Insular","SUBTIPO":"Playa","CAL_POS":"APROXIMADA"},"geometry":{"type":"LineString","coordinates":[[-89.79098401963253,21.260479685178623],[-89.7908808206011,21.260530627827595]]}},{"type":"Feature","id":"S01-69c7ed611c-39636","properties":{"record_id":"S01-69c7ed611c-39636","source_id":"S01","source_row":39636,"source_hash":"69c7ed611ced1723e08414ff41cd56e9df41f78ab19d9a00b6920381c47ea4d7","theme":"coast","status":"DERIVADO","origin":"OFICIAL","name":"Costa de referencia","date":"2023–2025","clipped":false,"simplification_m":1,"OBJECTID":0,"CODIGO":204,"TIPO":"Insular","SUBTIPO":"Playa","CAL_POS":"APROXIMADA"},"geometry":{"type":"LineString","coordinates":[[-89.79120954269963,21.260410299923507],[-89.79110638101233,21.26040216814148],[-89.79099008940585,21.260437202645473]]}},{"type":"Feature","id":"S01-69c7ed611c-39637","properties":{"record_id":"S01-69c7ed611c-39637","source_id":"S01","source_row":39637,"source_hash":"69c7ed611ced1723e08414ff41cd56e9df41f78ab19d9a00b6920381c47ea4d7","theme":"coast","status":"DERIVADO","origin":"OFICIAL","name":"Costa de referencia","date":"2023–2025","clipped":false,"simplification_m":1,"OBJECTID":0,"CODIGO":204,"TIPO":"Insular","SUBTIPO":"Playa","CAL_POS":"APROXIMADA"},"geometry":{"type":"LineString","coordinates":[[-89.78904887267453,21.261295139574372],[-89.78891544013685,21.261278440003174],[-89.78848229082419,21.261357655666863]]}},{"type":"Feature","id":"S01-69c7ed611c-39638","properties":{"record_id":"S01-69c7ed611c-39638","source_id":"S01","source_row":39638,"source_hash":"69c7ed611ced1723e08414ff41cd56e9df41f78ab19d9a00b6920381c47ea4d7","theme":"coast","status":"DERIVADO","origin":"OFICIAL","name":"Costa de referencia","date":"2023–2025","clipped":false,"simplification_m":1,"OBJECTID":0,"CODIGO":204,"TIPO":"Insular","SUBTIPO":"Playa","CAL_POS":"APROXIMADA"},"geometry":{"type":"LineString","coordinates":[[-89.78845466680583,21.261375553062543],[-89.7882730399715,21.261402943989566]]}},{"type":"Feature","id":"S01-69c7ed611c-39639","properties":{"record_id":"S01-69c7ed611c-39639","source_id":"S01","source_row":39639,"source_hash":"69c7ed611ced1723e08414ff41cd56e9df41f78ab19d9a00b6920381c47ea4d7","theme":"coast","status":"DERIVADO","origin":"OFICIAL","name":"Costa de referencia","date":"2023–2025","clipped":false,"simplification_m":1,"OBJECTID":0,"CODIGO":204,"TIPO":"Insular","SUBTIPO":"Playa","CAL_POS":"APROXIMADA"},"geometry":{"type":"LineString","coordinates":[[-89.7882397249328,21.261415940844575],[-89.78799928362928,21.26145935164299]]}},{"type":"Feature","id":"S01-69c7ed611c-39640","properties":{"record_id":"S01-69c7ed611c-39640","source_id":"S01","source_row":39640,"source_hash":"69c7ed611ced1723e08414ff41cd56e9df41f78ab19d9a00b6920381c47ea4d7","theme":"coast","status":"DERIVADO","origin":"OFICIAL","name":"Costa de referencia","date":"2023–2025","clipped":false,"simplification_m":1,"OBJECTID":0,"CODIGO":205,"TIPO":"Insular","SUBTIPO":"Rompeolas","CAL_POS":"APROXIMADA"},"geometry":{"type":"LineString","coordinates":[[-89.78848229082419,21.261357655666863],[-89.78849403223789,21.261502550819902],[-89.78845998667855,21.261509464937106],[-89.78845466680583,21.261375553062543]]}},{"type":"Feature","id":"S01-69c7ed611c-39641","properties":{"record_id":"S01-69c7ed611c-39641","source_id":"S01","source_row":39641,"source_hash":"69c7ed611ced1723e08414ff41cd56e9df41f78ab19d9a00b6920381c47ea4d7","theme":"coast","status":"DERIVADO","origin":"OFICIAL","name":"Costa de referencia","date":"2023–2025","clipped":false,"simplification_m":1,"OBJECTID":0,"CODIGO":204,"TIPO":"Insular","SUBTIPO":"Playa","CAL_POS":"APROXIMADA"},"geometry":{"type":"LineString","coordinates":[[-89.78662365877953,21.261683165477677],[-89.78653288563413,21.261697709642068]]}},{"type":"Feature","id":"S01-69c7ed611c-39642","properties":{"record_id":"S01-69c7ed611c-39642","source_id":"S01","source_row":39642,"source_hash":"69c7ed611ced1723e08414ff41cd56e9df41f78ab19d9a00b6920381c47ea4d7","theme":"coast","status":"DERIVADO","origin":"OFICIAL","name":"Costa de referencia","date":"2023–2025","clipped":false,"simplification_m":1,"OBJECTID":0,"CODIGO":204,"TIPO":"Insular","SUBTIPO":"Playa","CAL_POS":"APROXIMADA"},"geometry":{"type":"LineString","coordinates":[[-89.78682313707111,21.261672465664596],[-89.78664755466609,21.26167933650991]]}},{"type":"Feature","id":"S01-69c7ed611c-39643","properties":{"record_id":"S01-69c7ed611c-39643","source_id":"S01","source_row":39643,"source_hash":"69c7ed611ced1723e08414ff41cd56e9df41f78ab19d9a00b6920381c47ea4d7","theme":"coast","status":"DERIVADO","origin":"OFICIAL","name":"Costa de referencia","date":"2023–2025","clipped":false,"simplification_m":1,"OBJECTID":0,"CODIGO":204,"TIPO":"Insular","SUBTIPO":"Playa","CAL_POS":"APROXIMADA"},"geometry":{"type":"LineString","coordinates":[[-89.78625124353543,21.26177879371914],[-89.7862192926951,21.261768720839772],[-89.7860802921667,21.26178658276175]]}},{"type":"Feature","id":"S01-69c7ed611c-39644","properties":{"record_id":"S01-69c7ed611c-39644","source_id":"S01","source_row":39644,"source_hash":"69c7ed611ced1723e08414ff41cd56e9df41f78ab19d9a00b6920381c47ea4d7","theme":"coast","status":"DERIVADO","origin":"OFICIAL","name":"Costa de referencia","date":"2023–2025","clipped":false,"simplification_m":1,"OBJECTID":0,"CODIGO":205,"TIPO":"Insular","SUBTIPO":"Rompeolas","CAL_POS":"APROXIMADA"},"geometry":{"type":"LineString","coordinates":[[-89.78628923787363,21.261734560057896],[-89.78627655569282,21.261845590791474],[-89.78624859251461,21.26184214824308],[-89.78625124353543,21.26177879371914]]}},{"type":"Feature","id":"S01-69c7ed611c-39645","properties":{"record_id":"S01-69c7ed611c-39645","source_id":"S01","source_row":39645,"source_hash":"69c7ed611ced1723e08414ff41cd56e9df41f78ab19d9a00b6920381c47ea4d7","theme":"coast","status":"DERIVADO","origin":"OFICIAL","name":"Costa de referencia","date":"2023–2025","clipped":false,"simplification_m":1,"OBJECTID":0,"CODIGO":204,"TIPO":"Insular","SUBTIPO":"Playa","CAL_POS":"APROXIMADA"},"geometry":{"type":"LineString","coordinates":[[-89.78491450517565,21.26198107796809],[-89.78479104825966,21.26200563424133]]}},{"type":"Feature","id":"S01-69c7ed611c-39646","properties":{"record_id":"S01-69c7ed611c-39646","source_id":"S01","source_row":39646,"source_hash":"69c7ed611ced1723e08414ff41cd56e9df41f78ab19d9a00b6920381c47ea4d7","theme":"coast","status":"DERIVADO","origin":"OFICIAL","name":"Costa de referencia","date":"2023–2025","clipped":false,"simplification_m":1,"OBJECTID":0,"CODIGO":205,"TIPO":"Insular","SUBTIPO":"Rompeolas","CAL_POS":"APROXIMADA"},"geometry":{"type":"LineString","coordinates":[[-89.78479104825966,21.26200563424133],[-89.7847891976363,21.262109004850092],[-89.78475952356962,21.26211024458854],[-89.78475832622227,21.262009884924304]]}},{"type":"Feature","id":"S01-69c7ed611c-39647","properties":{"record_id":"S01-69c7ed611c-39647","source_id":"S01","source_row":39647,"source_hash":"69c7ed611ced1723e08414ff41cd56e9df41f78ab19d9a00b6920381c47ea4d7","theme":"coast","status":"DERIVADO","origin":"OFICIAL","name":"Costa de referencia","date":"2023–2025","clipped":false,"simplification_m":1,"OBJECTID":0,"CODIGO":204,"TIPO":"Insular","SUBTIPO":"Playa","CAL_POS":"APROXIMADA"},"geometry":{"type":"LineString","coordinates":[[-89.76653226532073,21.266666337570715],[-89.76641283863566,21.26664262016797],[-89.76631618552487,21.266642584450576],[-89.76610699607768,21.266703889348758]]}},{"type":"Feature","id":"S01-69c7ed611c-39648","properties":{"record_id":"S01-69c7ed611c-39648","source_id":"S01","source_row":39648,"source_hash":"69c7ed611ced1723e08414ff41cd56e9df41f78ab19d9a00b6920381c47ea4d7","theme":"coast","status":"DERIVADO","origin":"OFICIAL","name":"Costa de referencia","date":"2023–2025","clipped":false,"simplification_m":1,"OBJECTID":0,"CODIGO":204,"TIPO":"Insular","SUBTIPO":"Playa","CAL_POS":"APROXIMADA"},"geometry":{"type":"LineString","coordinates":[[-89.76678608803799,21.266608921761737],[-89.766669777358,21.266610201386793],[-89.76655446852376,21.266656863336667]]}},{"type":"Feature","id":"S01-69c7ed611c-39649","properties":{"record_id":"S01-69c7ed611c-39649","source_id":"S01","source_row":39649,"source_hash":"69c7ed611ced1723e08414ff41cd56e9df41f78ab19d9a00b6920381c47ea4d7","theme":"coast","status":"DERIVADO","origin":"OFICIAL","name":"Costa de referencia","date":"2023–2025","clipped":false,"simplification_m":1,"OBJECTID":0,"CODIGO":204,"TIPO":"Insular","SUBTIPO":"Playa","CAL_POS":"APROXIMADA"},"geometry":{"type":"LineString","coordinates":[[-89.76697139544179,21.26657268936843],[-89.7668146455281,21.26658382058044]]}},{"type":"Feature","id":"S01-69c7ed611c-39650","properties":{"record_id":"S01-69c7ed611c-39650","source_id":"S01","source_row":39650,"source_hash":"69c7ed611ced1723e08414ff41cd56e9df41f78ab19d9a00b6920381c47ea4d7","theme":"coast","status":"DERIVADO","origin":"OFICIAL","name":"Costa de referencia","date":"2023–2025","clipped":false,"simplification_m":1,"OBJECTID":0,"CODIGO":204,"TIPO":"Insular","SUBTIPO":"Playa","CAL_POS":"APROXIMADA"},"geometry":{"type":"LineString","coordinates":[[-89.76715284725742,21.266520993319666],[-89.76699644887287,21.266551236177854]]}},{"type":"Feature","id":"S01-69c7ed611c-39651","properties":{"record_id":"S01-69c7ed611c-39651","source_id":"S01","source_row":39651,"source_hash":"69c7ed611ced1723e08414ff41cd56e9df41f78ab19d9a00b6920381c47ea4d7","theme":"coast","status":"DERIVADO","origin":"OFICIAL","name":"Costa de referencia","date":"2023–2025","clipped":false,"simplification_m":1,"OBJECTID":0,"CODIGO":204,"TIPO":"Insular","SUBTIPO":"Playa","CAL_POS":"APROXIMADA"},"geometry":{"type":"LineString","coordinates":[[-89.76739520511111,21.266466490922163],[-89.76717711146614,21.266504357415208]]}},{"type":"Feature","id":"S01-69c7ed611c-39652","properties":{"record_id":"S01-69c7ed611c-39652","source_id":"S01","source_row":39652,"source_hash":"69c7ed611ced1723e08414ff41cd56e9df41f78ab19d9a00b6920381c47ea4d7","theme":"coast","status":"DERIVADO","origin":"OFICIAL","name":"Costa de referencia","date":"2023–2025","clipped":false,"simplification_m":1,"OBJECTID":0,"CODIGO":204,"TIPO":"Insular","SUBTIPO":"Playa","CAL_POS":"APROXIMADA"},"geometry":{"type":"LineString","coordinates":[[-89.76790853716209,21.266378502819546],[-89.76766692985551,21.26641535441316],[-89.76742639993965,21.266431807093554]]}},{"type":"Feature","id":"S01-69c7ed611c-39653","properties":{"record_id":"S01-69c7ed611c-39653","source_id":"S01","source_row":39653,"source_hash":"69c7ed611ced1723e08414ff41cd56e9df41f78ab19d9a00b6920381c47ea4d7","theme":"coast","status":"DERIVADO","origin":"OFICIAL","name":"Costa de referencia","date":"2023–2025","clipped":false,"simplification_m":1,"OBJECTID":0,"CODIGO":204,"TIPO":"Insular","SUBTIPO":"Playa","CAL_POS":"APROXIMADA"},"geometry":{"type":"LineString","coordinates":[[-89.76838923647944,21.266325629172464],[-89.76822338999331,21.266320815556426],[-89.76794250927244,21.266371667330326]]}},{"type":"Feature","id":"S01-69c7ed611c-39654","properties":{"record_id":"S01-69c7ed611c-39654","source_id":"S01","source_row":39654,"source_hash":"69c7ed611ced1723e08414ff41cd56e9df41f78ab19d9a00b6920381c47ea4d7","theme":"coast","status":"DERIVADO","origin":"OFICIAL","name":"Costa de referencia","date":"2023–2025","clipped":false,"simplification_m":1,"OBJECTID":0,"CODIGO":205,"TIPO":"Insular","SUBTIPO":"Rompeolas","CAL_POS":"APROXIMADA"},"geometry":{"type":"LineString","coordinates":[[-89.76610699607768,21.266703889348758],[-89.7661243117239,21.266795878765862],[-89.76611965849122,21.26685815630842],[-89.76609370233136,21.26686089541358],[-89.76607997290621,21.266763409426627],[-89.7660423708604,21.266724733402853]]}},{"type":"Feature","id":"S01-69c7ed611c-39655","properties":{"record_id":"S01-69c7ed611c-39655","source_id":"S01","source_row":39655,"source_hash":"69c7ed611ced1723e08414ff41cd56e9df41f78ab19d9a00b6920381c47ea4d7","theme":"coast","status":"DERIVADO","origin":"OFICIAL","name":"Costa de referencia","date":"2023–2025","clipped":false,"simplification_m":1,"OBJECTID":0,"CODIGO":205,"TIPO":"Insular","SUBTIPO":"Rompeolas","CAL_POS":"APROXIMADA"},"geometry":{"type":"LineString","coordinates":[[-89.76655446852376,21.266656863336667],[-89.76655223999853,21.26673764803772],[-89.76653080319907,21.26673592988954],[-89.76653226532073,21.266666337570715]]}},{"type":"Feature","id":"S01-69c7ed611c-39656","properties":{"record_id":"S01-69c7ed611c-39656","source_id":"S01","source_row":39656,"source_hash":"69c7ed611ced1723e08414ff41cd56e9df41f78ab19d9a00b6920381c47ea4d7","theme":"coast","status":"DERIVADO","origin":"OFICIAL","name":"Costa de referencia","date":"2023–2025","clipped":false,"simplification_m":1,"OBJECTID":0,"CODIGO":205,"TIPO":"Insular","SUBTIPO":"Rompeolas","CAL_POS":"APROXIMADA"},"geometry":{"type":"LineString","coordinates":[[-89.7668146455281,21.26658382058044],[-89.7668097488182,21.266642625133407],[-89.76678183813127,21.266644243243544],[-89.76678608803799,21.266608921761737]]}},{"type":"Feature","id":"S01-69c7ed611c-39657","properties":{"record_id":"S01-69c7ed611c-39657","source_id":"S01","source_row":39657,"source_hash":"69c7ed611ced1723e08414ff41cd56e9df41f78ab19d9a00b6920381c47ea4d7","theme":"coast","status":"DERIVADO","origin":"OFICIAL","name":"Costa de referencia","date":"2023–2025","clipped":false,"simplification_m":1,"OBJECTID":0,"CODIGO":205,"TIPO":"Insular","SUBTIPO":"Rompeolas","CAL_POS":"APROXIMADA"},"geometry":{"type":"LineString","coordinates":[[-89.76699644887287,21.266551236177854],[-89.76702754338206,21.266723694738317],[-89.76700345371673,21.26672851067706],[-89.76697139544179,21.26657268936843]]}},{"type":"Feature","id":"S01-69c7ed611c-39658","properties":{"record_id":"S01-69c7ed611c-39658","source_id":"S01","source_row":39658,"source_hash":"69c7ed611ced1723e08414ff41cd56e9df41f78ab19d9a00b6920381c47ea4d7","theme":"coast","status":"DERIVADO","origin":"OFICIAL","name":"Costa de referencia","date":"2023–2025","clipped":false,"simplification_m":1,"OBJECTID":0,"CODIGO":205,"TIPO":"Insular","SUBTIPO":"Rompeolas","CAL_POS":"APROXIMADA"},"geometry":{"type":"LineString","coordinates":[[-89.76717711146614,21.266504357415208],[-89.76720553101373,21.266688803399685],[-89.76717753298712,21.266691379038413],[-89.76715284725742,21.266520993319666]]}},{"type":"Feature","id":"S01-69c7ed611c-39659","properties":{"record_id":"S01-69c7ed611c-39659","source_id":"S01","source_row":39659,"source_hash":"69c7ed611ced1723e08414ff41cd56e9df41f78ab19d9a00b6920381c47ea4d7","theme":"coast","status":"DERIVADO","origin":"OFICIAL","name":"Costa de referencia","date":"2023–2025","clipped":false,"simplification_m":1,"OBJECTID":0,"CODIGO":205,"TIPO":"Insular","SUBTIPO":"Rompeolas","CAL_POS":"APROXIMADA"},"geometry":{"type":"LineString","coordinates":[[-89.76742639993965,21.266431807093554],[-89.76743441122527,21.26664835149536],[-89.76740547901936,21.266649888761286],[-89.76739520511111,21.266466490922163]]}},{"type":"Feature","id":"S01-69c7ed611c-39660","properties":{"record_id":"S01-69c7ed611c-39660","source_id":"S01","source_row":39660,"source_hash":"69c7ed611ced1723e08414ff41cd56e9df41f78ab19d9a00b6920381c47ea4d7","theme":"coast","status":"DERIVADO","origin":"OFICIAL","name":"Costa de referencia","date":"2023–2025","clipped":false,"simplification_m":1,"OBJECTID":0,"CODIGO":205,"TIPO":"Insular","SUBTIPO":"Rompeolas","CAL_POS":"APROXIMADA"},"geometry":{"type":"LineString","coordinates":[[-89.76794250927244,21.266371667330326],[-89.76794983456762,21.266465081601286],[-89.76791451675564,21.266468998759063],[-89.76790853716209,21.266378502819546]]}},{"type":"Feature","id":"S01-69c7ed611c-39661","properties":{"record_id":"S01-69c7ed611c-39661","source_id":"S01","source_row":39661,"source_hash":"69c7ed611ced1723e08414ff41cd56e9df41f78ab19d9a00b6920381c47ea4d7","theme":"coast","status":"DERIVADO","origin":"OFICIAL","name":"Costa de referencia","date":"2023–2025","clipped":false,"simplification_m":1,"OBJECTID":0,"CODIGO":204,"TIPO":"Insular","SUBTIPO":"Playa","CAL_POS":"APROXIMADA"},"geometry":{"type":"LineString","coordinates":[[-89.7660423708604,21.266724733402853],[-89.76603502311585,21.266703950072085],[-89.76578413665916,21.26673456155051],[-89.76567728085185,21.266764825259337]]}},{"type":"Feature","id":"S01-69c7ed611c-39662","properties":{"record_id":"S01-69c7ed611c-39662","source_id":"S01","source_row":39662,"source_hash":"69c7ed611ced1723e08414ff41cd56e9df41f78ab19d9a00b6920381c47ea4d7","theme":"coast","status":"DERIVADO","origin":"OFICIAL","name":"Costa de referencia","date":"2023–2025","clipped":false,"simplification_m":1,"OBJECTID":0,"CODIGO":204,"TIPO":"Insular","SUBTIPO":"Playa","CAL_POS":"APROXIMADA"},"geometry":{"type":"LineString","coordinates":[[-89.76565495192207,21.266767294935097],[-89.76546866113145,21.266758566479606]]}},{"type":"Feature","id":"S01-69c7ed611c-39663","properties":{"record_id":"S01-69c7ed611c-39663","source_id":"S01","source_row":39663,"source_hash":"69c7ed611ced1723e08414ff41cd56e9df41f78ab19d9a00b6920381c47ea4d7","theme":"coast","status":"DERIVADO","origin":"OFICIAL","name":"Costa de referencia","date":"2023–2025","clipped":false,"simplification_m":1,"OBJECTID":0,"CODIGO":204,"TIPO":"Insular","SUBTIPO":"Playa","CAL_POS":"APROXIMADA"},"geometry":{"type":"LineString","coordinates":[[-89.7654464387127,21.266765459853154],[-89.76524979429672,21.2668470464979]]}},{"type":"Feature","id":"S01-69c7ed611c-39664","properties":{"record_id":"S01-69c7ed611c-39664","source_id":"S01","source_row":39664,"source_hash":"69c7ed611ced1723e08414ff41cd56e9df41f78ab19d9a00b6920381c47ea4d7","theme":"coast","status":"DERIVADO","origin":"OFICIAL","name":"Costa de referencia","date":"2023–2025","clipped":false,"simplification_m":1,"OBJECTID":0,"CODIGO":205,"TIPO":"Insular","SUBTIPO":"Rompeolas","CAL_POS":"APROXIMADA"},"geometry":{"type":"LineString","coordinates":[[-89.76567728085185,21.266764825259337],[-89.76568250095436,21.266894260482914],[-89.76566284322705,21.266895576364504],[-89.76565495192207,21.266767294935097]]}},{"type":"Feature","id":"S01-69c7ed611c-39665","properties":{"record_id":"S01-69c7ed611c-39665","source_id":"S01","source_row":39665,"source_hash":"69c7ed611ced1723e08414ff41cd56e9df41f78ab19d9a00b6920381c47ea4d7","theme":"coast","status":"DERIVADO","origin":"OFICIAL","name":"Costa de referencia","date":"2023–2025","clipped":false,"simplification_m":1,"OBJECTID":0,"CODIGO":205,"TIPO":"Insular","SUBTIPO":"Rompeolas","CAL_POS":"APROXIMADA"},"geometry":{"type":"LineString","coordinates":[[-89.76546866113145,21.266758566479606],[-89.76547628422192,21.266810261855742],[-89.76545330222862,21.2668142027973],[-89.7654464387127,21.266765459853154]]}},{"type":"Feature","id":"S01-69c7ed611c-39666","properties":{"record_id":"S01-69c7ed611c-39666","source_id":"S01","source_row":39666,"source_hash":"69c7ed611ced1723e08414ff41cd56e9df41f78ab19d9a00b6920381c47ea4d7","theme":"coast","status":"DERIVADO","origin":"OFICIAL","name":"Costa de referencia","date":"2023–2025","clipped":false,"simplification_m":1,"OBJECTID":0,"CODIGO":205,"TIPO":"Insular","SUBTIPO":"Rompeolas","CAL_POS":"APROXIMADA"},"geometry":{"type":"LineString","coordinates":[[-89.76524979429672,21.2668470464979],[-89.76525610222797,21.267025864659068],[-89.76522845332465,21.267024611928296],[-89.76523133317001,21.266880177856365]]}},{"type":"Feature","id":"S01-69c7ed611c-39667","properties":{"record_id":"S01-69c7ed611c-39667","source_id":"S01","source_row":39667,"source_hash":"69c7ed611ced1723e08414ff41cd56e9df41f78ab19d9a00b6920381c47ea4d7","theme":"coast","status":"DERIVADO","origin":"OFICIAL","name":"Costa de referencia","date":"2023–2025","clipped":false,"simplification_m":1,"OBJECTID":0,"CODIGO":204,"TIPO":"Insular","SUBTIPO":"Playa","CAL_POS":"APROXIMADA"},"geometry":{"type":"LineString","coordinates":[[-89.76523133317001,21.266880177856365],[-89.76490302666208,21.266930589635418],[-89.76469099021486,21.26694504721829]]}},{"type":"Feature","id":"S01-69c7ed611c-39668","properties":{"record_id":"S01-69c7ed611c-39668","source_id":"S01","source_row":39668,"source_hash":"69c7ed611ced1723e08414ff41cd56e9df41f78ab19d9a00b6920381c47ea4d7","theme":"coast","status":"DERIVADO","origin":"OFICIAL","name":"Costa de referencia","date":"2023–2025","clipped":false,"simplification_m":1,"OBJECTID":0,"CODIGO":204,"TIPO":"Insular","SUBTIPO":"Playa","CAL_POS":"APROXIMADA"},"geometry":{"type":"LineString","coordinates":[[-89.7646539225179,21.2669435092906],[-89.76446030214566,21.266937651911384],[-89.76420499049831,21.266979620785502]]}},{"type":"Feature","id":"S01-69c7ed611c-39669","properties":{"record_id":"S01-69c7ed611c-39669","source_id":"S01","source_row":39669,"source_hash":"69c7ed611ced1723e08414ff41cd56e9df41f78ab19d9a00b6920381c47ea4d7","theme":"coast","status":"DERIVADO","origin":"OFICIAL","name":"Costa de referencia","date":"2023–2025","clipped":false,"simplification_m":1,"OBJECTID":0,"CODIGO":204,"TIPO":"Insular","SUBTIPO":"Playa","CAL_POS":"APROXIMADA"},"geometry":{"type":"LineString","coordinates":[[-89.76417414048804,21.266985180293513],[-89.76396545647083,21.267023451516845]]}},{"type":"Feature","id":"S01-69c7ed611c-39670","properties":{"record_id":"S01-69c7ed611c-39670","source_id":"S01","source_row":39670,"source_hash":"69c7ed611ced1723e08414ff41cd56e9df41f78ab19d9a00b6920381c47ea4d7","theme":"coast","status":"DERIVADO","origin":"OFICIAL","name":"Costa de referencia","date":"2023–2025","clipped":false,"simplification_m":1,"OBJECTID":0,"CODIGO":204,"TIPO":"Insular","SUBTIPO":"Playa","CAL_POS":"APROXIMADA"},"geometry":{"type":"LineString","coordinates":[[-89.76392373993272,21.267030653447822],[-89.76368128872313,21.26707165432287]]}},{"type":"Feature","id":"S01-69c7ed611c-39671","properties":{"record_id":"S01-69c7ed611c-39671","source_id":"S01","source_row":39671,"source_hash":"69c7ed611ced1723e08414ff41cd56e9df41f78ab19d9a00b6920381c47ea4d7","theme":"coast","status":"DERIVADO","origin":"OFICIAL","name":"Costa de referencia","date":"2023–2025","clipped":false,"simplification_m":1,"OBJECTID":0,"CODIGO":204,"TIPO":"Insular","SUBTIPO":"Playa","CAL_POS":"APROXIMADA"},"geometry":{"type":"LineString","coordinates":[[-89.76365620300437,21.267074446410767],[-89.76334950161815,21.267122917678307],[-89.76321550341146,21.26720424929522]]}},{"type":"Feature","id":"S01-69c7ed611c-39672","properties":{"record_id":"S01-69c7ed611c-39672","source_id":"S01","source_row":39672,"source_hash":"69c7ed611ced1723e08414ff41cd56e9df41f78ab19d9a00b6920381c47ea4d7","theme":"coast","status":"DERIVADO","origin":"OFICIAL","name":"Costa de referencia","date":"2023–2025","clipped":false,"simplification_m":1,"OBJECTID":0,"CODIGO":205,"TIPO":"Insular","SUBTIPO":"Rompeolas","CAL_POS":"APROXIMADA"},"geometry":{"type":"LineString","coordinates":[[-89.76469099021486,21.26694504721829],[-89.76469689842345,21.267080316271905],[-89.76466388329142,21.267081524825752],[-89.7646539225179,21.2669435092906]]}},{"type":"Feature","id":"S01-69c7ed611c-39673","properties":{"record_id":"S01-69c7ed611c-39673","source_id":"S01","source_row":39673,"source_hash":"69c7ed611ced1723e08414ff41cd56e9df41f78ab19d9a00b6920381c47ea4d7","theme":"coast","status":"DERIVADO","origin":"OFICIAL","name":"Costa de referencia","date":"2023–2025","clipped":false,"simplification_m":1,"OBJECTID":0,"CODIGO":205,"TIPO":"Insular","SUBTIPO":"Rompeolas","CAL_POS":"APROXIMADA"},"geometry":{"type":"LineString","coordinates":[[-89.76420499049831,21.266979620785502],[-89.76420833719047,21.267160668881587],[-89.76417345465742,21.26715980053803],[-89.76417414048804,21.266985180293513]]}},{"type":"Feature","id":"S01-69c7ed611c-39674","properties":{"record_id":"S01-69c7ed611c-39674","source_id":"S01","source_row":39674,"source_hash":"69c7ed611ced1723e08414ff41cd56e9df41f78ab19d9a00b6920381c47ea4d7","theme":"coast","status":"DERIVADO","origin":"OFICIAL","name":"Costa de referencia","date":"2023–2025","clipped":false,"simplification_m":1,"OBJECTID":0,"CODIGO":205,"TIPO":"Insular","SUBTIPO":"Rompeolas","CAL_POS":"APROXIMADA"},"geometry":{"type":"LineString","coordinates":[[-89.76396545647083,21.267023451516845],[-89.76398570801382,21.267256556733948],[-89.7639542109394,21.267263669940238],[-89.76392373993272,21.267030653447822]]}},{"type":"Feature","id":"S01-69c7ed611c-39675","properties":{"record_id":"S01-69c7ed611c-39675","source_id":"S01","source_row":39675,"source_hash":"69c7ed611ced1723e08414ff41cd56e9df41f78ab19d9a00b6920381c47ea4d7","theme":"coast","status":"DERIVADO","origin":"OFICIAL","name":"Costa de referencia","date":"2023–2025","clipped":false,"simplification_m":1,"OBJECTID":0,"CODIGO":205,"TIPO":"Insular","SUBTIPO":"Rompeolas","CAL_POS":"APROXIMADA"},"geometry":{"type":"LineString","coordinates":[[-89.76368128872313,21.26707165432287],[-89.76370058122488,21.267225987875598],[-89.76367129965887,21.267231351542005],[-89.76365620300437,21.267074446410767]]}},{"type":"Feature","id":"S01-69c7ed611c-39676","properties":{"record_id":"S01-69c7ed611c-39676","source_id":"S01","source_row":39676,"source_hash":"69c7ed611ced1723e08414ff41cd56e9df41f78ab19d9a00b6920381c47ea4d7","theme":"coast","status":"DERIVADO","origin":"OFICIAL","name":"Costa de referencia","date":"2023–2025","clipped":false,"simplification_m":1,"OBJECTID":0,"CODIGO":205,"TIPO":"Insular","SUBTIPO":"Rompeolas","CAL_POS":"APROXIMADA"},"geometry":{"type":"LineString","coordinates":[[-89.76321550341146,21.26720424929522],[-89.76322591986519,21.26740191040682],[-89.76320142059346,21.267399946275294],[-89.76318851290584,21.26721695940373]]}},{"type":"Feature","id":"S01-69c7ed611c-39677","properties":{"record_id":"S01-69c7ed611c-39677","source_id":"S01","source_row":39677,"source_hash":"69c7ed611ced1723e08414ff41cd56e9df41f78ab19d9a00b6920381c47ea4d7","theme":"coast","status":"DERIVADO","origin":"OFICIAL","name":"Costa de referencia","date":"2023–2025","clipped":false,"simplification_m":1,"OBJECTID":0,"CODIGO":204,"TIPO":"Insular","SUBTIPO":"Playa","CAL_POS":"APROXIMADA"},"geometry":{"type":"LineString","coordinates":[[-89.76155208754078,21.267565254623193],[-89.76136041962326,21.267608395849766]]}},{"type":"Feature","id":"S01-69c7ed611c-39678","properties":{"record_id":"S01-69c7ed611c-39678","source_id":"S01","source_row":39678,"source_hash":"69c7ed611ced1723e08414ff41cd56e9df41f78ab19d9a00b6920381c47ea4d7","theme":"coast","status":"DERIVADO","origin":"OFICIAL","name":"Costa de referencia","date":"2023–2025","clipped":false,"simplification_m":1,"OBJECTID":0,"CODIGO":204,"TIPO":"Insular","SUBTIPO":"Playa","CAL_POS":"APROXIMADA"},"geometry":{"type":"LineString","coordinates":[[-89.7619653882025,21.267525517859045],[-89.76159746513306,21.26753351499098]]}},{"type":"Feature","id":"S01-69c7ed611c-39679","properties":{"record_id":"S01-69c7ed611c-39679","source_id":"S01","source_row":39679,"source_hash":"69c7ed611ced1723e08414ff41cd56e9df41f78ab19d9a00b6920381c47ea4d7","theme":"coast","status":"DERIVADO","origin":"OFICIAL","name":"Costa de referencia","date":"2023–2025","clipped":false,"simplification_m":1,"OBJECTID":0,"CODIGO":204,"TIPO":"Insular","SUBTIPO":"Playa","CAL_POS":"APROXIMADA"},"geometry":{"type":"LineString","coordinates":[[-89.76257861196216,21.267373712649345],[-89.76200197358001,21.26745028632965]]}},{"type":"Feature","id":"S01-69c7ed611c-39680","properties":{"record_id":"S01-69c7ed611c-39680","source_id":"S01","source_row":39680,"source_hash":"69c7ed611ced1723e08414ff41cd56e9df41f78ab19d9a00b6920381c47ea4d7","theme":"coast","status":"DERIVADO","origin":"OFICIAL","name":"Costa de referencia","date":"2023–2025","clipped":false,"simplification_m":1,"OBJECTID":0,"CODIGO":204,"TIPO":"Insular","SUBTIPO":"Playa","CAL_POS":"APROXIMADA"},"geometry":{"type":"LineString","coordinates":[[-89.76291154225827,21.267288349339736],[-89.76262060988789,21.2673418147062]]}},{"type":"Feature","id":"S01-69c7ed611c-39681","properties":{"record_id":"S01-69c7ed611c-39681","source_id":"S01","source_row":39681,"source_hash":"69c7ed611ced1723e08414ff41cd56e9df41f78ab19d9a00b6920381c47ea4d7","theme":"coast","status":"DERIVADO","origin":"OFICIAL","name":"Costa de referencia","date":"2023–2025","clipped":false,"simplification_m":1,"OBJECTID":0,"CODIGO":204,"TIPO":"Insular","SUBTIPO":"Playa","CAL_POS":"APROXIMADA"},"geometry":{"type":"LineString","coordinates":[[-89.76318851290584,21.26721695940373],[-89.76295511198326,21.26728149660775]]}},{"type":"Feature","id":"S01-69c7ed611c-39682","properties":{"record_id":"S01-69c7ed611c-39682","source_id":"S01","source_row":39682,"source_hash":"69c7ed611ced1723e08414ff41cd56e9df41f78ab19d9a00b6920381c47ea4d7","theme":"coast","status":"DERIVADO","origin":"OFICIAL","name":"Costa de referencia","date":"2023–2025","clipped":false,"simplification_m":1,"OBJECTID":0,"CODIGO":205,"TIPO":"Insular","SUBTIPO":"Rompeolas","CAL_POS":"APROXIMADA"},"geometry":{"type":"LineString","coordinates":[[-89.76295511198326,21.26728149660775],[-89.7629552186623,21.267461171318256],[-89.76291386202452,21.267463638748932],[-89.76291154225827,21.267288349339736]]}},{"type":"Feature","id":"S01-69c7ed611c-39683","properties":{"record_id":"S01-69c7ed611c-39683","source_id":"S01","source_row":39683,"source_hash":"69c7ed611ced1723e08414ff41cd56e9df41f78ab19d9a00b6920381c47ea4d7","theme":"coast","status":"DERIVADO","origin":"OFICIAL","name":"Costa de referencia","date":"2023–2025","clipped":false,"simplification_m":1,"OBJECTID":0,"CODIGO":205,"TIPO":"Insular","SUBTIPO":"Rompeolas","CAL_POS":"APROXIMADA"},"geometry":{"type":"LineString","coordinates":[[-89.76262060988789,21.2673418147062],[-89.7626282240366,21.26750628025459],[-89.76258891027189,21.267508911386063],[-89.76257861196216,21.267373712649345]]}},{"type":"Feature","id":"S01-69c7ed611c-39684","properties":{"record_id":"S01-69c7ed611c-39684","source_id":"S01","source_row":39684,"source_hash":"69c7ed611ced1723e08414ff41cd56e9df41f78ab19d9a00b6920381c47ea4d7","theme":"coast","status":"DERIVADO","origin":"OFICIAL","name":"Costa de referencia","date":"2023–2025","clipped":false,"simplification_m":1,"OBJECTID":0,"CODIGO":205,"TIPO":"Insular","SUBTIPO":"Rompeolas","CAL_POS":"APROXIMADA"},"geometry":{"type":"LineString","coordinates":[[-89.76200197358001,21.26745028632965],[-89.76201203287954,21.26758795956239],[-89.76197254345192,21.26759250446184],[-89.7619653882025,21.267525517859045]]}},{"type":"Feature","id":"S01-69c7ed611c-39685","properties":{"record_id":"S01-69c7ed611c-39685","source_id":"S01","source_row":39685,"source_hash":"69c7ed611ced1723e08414ff41cd56e9df41f78ab19d9a00b6920381c47ea4d7","theme":"coast","status":"DERIVADO","origin":"OFICIAL","name":"Costa de referencia","date":"2023–2025","clipped":false,"simplification_m":1,"OBJECTID":0,"CODIGO":205,"TIPO":"Insular","SUBTIPO":"Rompeolas","CAL_POS":"APROXIMADA"},"geometry":{"type":"LineString","coordinates":[[-89.76159746513306,21.26753351499098],[-89.76159691224984,21.267697325862994],[-89.76154773801382,21.267695310999564],[-89.76155208754078,21.267565254623193]]}},{"type":"Feature","id":"S01-69c7ed611c-39686","properties":{"record_id":"S01-69c7ed611c-39686","source_id":"S01","source_row":39686,"source_hash":"69c7ed611ced1723e08414ff41cd56e9df41f78ab19d9a00b6920381c47ea4d7","theme":"coast","status":"DERIVADO","origin":"OFICIAL","name":"Costa de referencia","date":"2023–2025","clipped":false,"simplification_m":1,"OBJECTID":0,"CODIGO":205,"TIPO":"Insular","SUBTIPO":"Rompeolas","CAL_POS":"APROXIMADA"},"geometry":{"type":"LineString","coordinates":[[-89.76136041962326,21.267608395849766],[-89.76139096222002,21.26779069152962],[-89.76133665815428,21.267799831507638],[-89.76131233694696,21.267622516349142]]}},{"type":"Feature","id":"S01-69c7ed611c-39687","properties":{"record_id":"S01-69c7ed611c-39687","source_id":"S01","source_row":39687,"source_hash":"69c7ed611ced1723e08414ff41cd56e9df41f78ab19d9a00b6920381c47ea4d7","theme":"coast","status":"DERIVADO","origin":"OFICIAL","name":"Costa de referencia","date":"2023–2025","clipped":false,"simplification_m":1,"OBJECTID":0,"CODIGO":204,"TIPO":"Insular","SUBTIPO":"Playa","CAL_POS":"APROXIMADA"},"geometry":{"type":"LineString","coordinates":[[-89.76131233694696,21.267622516349142],[-89.7611100392778,21.267665788531243],[-89.76057215793455,21.2677196902281],[-89.76035742288542,21.267764766424627]]}},{"type":"Feature","id":"S01-69c7ed611c-39688","properties":{"record_id":"S01-69c7ed611c-39688","source_id":"S01","source_row":39688,"source_hash":"69c7ed611ced1723e08414ff41cd56e9df41f78ab19d9a00b6920381c47ea4d7","theme":"coast","status":"DERIVADO","origin":"OFICIAL","name":"Costa de referencia","date":"2023–2025","clipped":false,"simplification_m":1,"OBJECTID":0,"CODIGO":204,"TIPO":"Insular","SUBTIPO":"Playa","CAL_POS":"APROXIMADA"},"geometry":{"type":"LineString","coordinates":[[-89.76034159678407,21.267841486565658],[-89.76020277228406,21.26783124034712],[-89.75986329284508,21.26789951672137]]}},{"type":"Feature","id":"S01-69c7ed611c-39689","properties":{"record_id":"S01-69c7ed611c-39689","source_id":"S01","source_row":39689,"source_hash":"69c7ed611ced1723e08414ff41cd56e9df41f78ab19d9a00b6920381c47ea4d7","theme":"coast","status":"DERIVADO","origin":"OFICIAL","name":"Costa de referencia","date":"2023–2025","clipped":false,"simplification_m":1,"OBJECTID":0,"CODIGO":204,"TIPO":"Insular","SUBTIPO":"Playa","CAL_POS":"APROXIMADA"},"geometry":{"type":"LineString","coordinates":[[-89.75983180687119,21.2679741003564],[-89.75952685357169,21.267980487651105],[-89.75941101610239,21.26803288527582]]}},{"type":"Feature","id":"S01-69c7ed611c-39690","properties":{"record_id":"S01-69c7ed611c-39690","source_id":"S01","source_row":39690,"source_hash":"69c7ed611ced1723e08414ff41cd56e9df41f78ab19d9a00b6920381c47ea4d7","theme":"coast","status":"DERIVADO","origin":"OFICIAL","name":"Costa de referencia","date":"2023–2025","clipped":false,"simplification_m":1,"OBJECTID":0,"CODIGO":204,"TIPO":"Insular","SUBTIPO":"Playa","CAL_POS":"APROXIMADA"},"geometry":{"type":"LineString","coordinates":[[-89.75937485754838,21.268068539361824],[-89.75926356249295,21.26807118015846],[-89.75916154659602,21.26810733668196],[-89.75831833236836,21.268193678606398]]}},{"type":"Feature","id":"S01-69c7ed611c-39691","properties":{"record_id":"S01-69c7ed611c-39691","source_id":"S01","source_row":39691,"source_hash":"69c7ed611ced1723e08414ff41cd56e9df41f78ab19d9a00b6920381c47ea4d7","theme":"coast","status":"DERIVADO","origin":"OFICIAL","name":"Costa de referencia","date":"2023–2025","clipped":false,"simplification_m":1,"OBJECTID":0,"CODIGO":205,"TIPO":"Insular","SUBTIPO":"Rompeolas","CAL_POS":"APROXIMADA"},"geometry":{"type":"LineString","coordinates":[[-89.76035742288542,21.267764766424627],[-89.76038961413552,21.267901241146014],[-89.76035403285634,21.267908026131423],[-89.76034159678407,21.267841486565658]]}},{"type":"Feature","id":"S01-69c7ed611c-39692","properties":{"record_id":"S01-69c7ed611c-39692","source_id":"S01","source_row":39692,"source_hash":"69c7ed611ced1723e08414ff41cd56e9df41f78ab19d9a00b6920381c47ea4d7","theme":"coast","status":"DERIVADO","origin":"OFICIAL","name":"Costa de referencia","date":"2023–2025","clipped":false,"simplification_m":1,"OBJECTID":0,"CODIGO":205,"TIPO":"Insular","SUBTIPO":"Rompeolas","CAL_POS":"APROXIMADA"},"geometry":{"type":"LineString","coordinates":[[-89.75986329284508,21.26789951672137],[-89.75986996472868,21.268029208435298],[-89.75983064979248,21.26803183878147],[-89.75983180687119,21.2679741003564]]}},{"type":"Feature","id":"S01-69c7ed611c-39693","properties":{"record_id":"S01-69c7ed611c-39693","source_id":"S01","source_row":39693,"source_hash":"69c7ed611ced1723e08414ff41cd56e9df41f78ab19d9a00b6920381c47ea4d7","theme":"coast","status":"DERIVADO","origin":"OFICIAL","name":"Costa de referencia","date":"2023–2025","clipped":false,"simplification_m":1,"OBJECTID":0,"CODIGO":205,"TIPO":"Insular","SUBTIPO":"Rompeolas","CAL_POS":"APROXIMADA"},"geometry":{"type":"LineString","coordinates":[[-89.75941101610239,21.26803288527582],[-89.75941810331189,21.26820309222533],[-89.75938882144472,21.268208454171074],[-89.75937485754838,21.268068539361824]]}},{"type":"Feature","id":"S01-69c7ed611c-39694","properties":{"record_id":"S01-69c7ed611c-39694","source_id":"S01","source_row":39694,"source_hash":"69c7ed611ced1723e08414ff41cd56e9df41f78ab19d9a00b6920381c47ea4d7","theme":"coast","status":"DERIVADO","origin":"OFICIAL","name":"Costa de referencia","date":"2023–2025","clipped":false,"simplification_m":1,"OBJECTID":0,"CODIGO":205,"TIPO":"Insular","SUBTIPO":"Rompeolas","CAL_POS":"APROXIMADA"},"geometry":{"type":"LineString","coordinates":[[-89.75831833236836,21.268193678606398],[-89.75832581651669,21.268341033685605],[-89.75829414417291,21.26835005973125],[-89.75827958509399,21.268195559933176]]}},{"type":"Feature","id":"S01-69c7ed611c-39695","properties":{"record_id":"S01-69c7ed611c-39695","source_id":"S01","source_row":39695,"source_hash":"69c7ed611ced1723e08414ff41cd56e9df41f78ab19d9a00b6920381c47ea4d7","theme":"coast","status":"DERIVADO","origin":"OFICIAL","name":"Costa de referencia","date":"2023–2025","clipped":false,"simplification_m":1,"OBJECTID":0,"CODIGO":204,"TIPO":"Insular","SUBTIPO":"Playa","CAL_POS":"APROXIMADA"},"geometry":{"type":"LineString","coordinates":[[-89.75827958509399,21.268195559933176],[-89.75807737374171,21.26820824107555],[-89.7579077435078,21.268257382383684],[-89.75767237485358,21.26823807174877],[-89.75730903582335,21.26828261424935]]}},{"type":"Feature","id":"S01-69c7ed611c-39696","properties":{"record_id":"S01-69c7ed611c-39696","source_id":"S01","source_row":39696,"source_hash":"69c7ed611ced1723e08414ff41cd56e9df41f78ab19d9a00b6920381c47ea4d7","theme":"coast","status":"DERIVADO","origin":"OFICIAL","name":"Costa de referencia","date":"2023–2025","clipped":false,"simplification_m":1,"OBJECTID":0,"CODIGO":204,"TIPO":"Insular","SUBTIPO":"Playa","CAL_POS":"APROXIMADA"},"geometry":{"type":"LineString","coordinates":[[-89.75725870421611,21.26833833650014],[-89.75721431348614,21.268328992794693],[-89.75712069287489,21.26834076086609],[-89.75701208379347,21.268359036873285],[-89.75697475512409,21.268384958349568]]}},{"type":"Feature","id":"S01-69c7ed611c-39697","properties":{"record_id":"S01-69c7ed611c-39697","source_id":"S01","source_row":39697,"source_hash":"69c7ed611ced1723e08414ff41cd56e9df41f78ab19d9a00b6920381c47ea4d7","theme":"coast","status":"DERIVADO","origin":"OFICIAL","name":"Costa de referencia","date":"2023–2025","clipped":false,"simplification_m":1,"OBJECTID":0,"CODIGO":205,"TIPO":"Insular","SUBTIPO":"Rompeolas","CAL_POS":"APROXIMADA"},"geometry":{"type":"LineString","coordinates":[[-89.75730903582335,21.26828261424935],[-89.75733034625921,21.26840962532871],[-89.75727195779596,21.268418436303207],[-89.75725870421611,21.26833833650014]]}},{"type":"Feature","id":"S01-69c7ed611c-39698","properties":{"record_id":"S01-69c7ed611c-39698","source_id":"S01","source_row":39698,"source_hash":"69c7ed611ced1723e08414ff41cd56e9df41f78ab19d9a00b6920381c47ea4d7","theme":"coast","status":"DERIVADO","origin":"OFICIAL","name":"Costa de referencia","date":"2023–2025","clipped":false,"simplification_m":1,"OBJECTID":0,"CODIGO":205,"TIPO":"Insular","SUBTIPO":"Rompeolas","CAL_POS":"APROXIMADA"},"geometry":{"type":"LineString","coordinates":[[-89.75697475512409,21.268384958349568],[-89.75697932775833,21.26853761459487],[-89.75693132267358,21.268545330296956],[-89.75692465359936,21.268415638417046]]}},{"type":"Feature","id":"S01-69c7ed611c-39699","properties":{"record_id":"S01-69c7ed611c-39699","source_id":"S01","source_row":39699,"source_hash":"69c7ed611ced1723e08414ff41cd56e9df41f78ab19d9a00b6920381c47ea4d7","theme":"coast","status":"DERIVADO","origin":"OFICIAL","name":"Costa de referencia","date":"2023–2025","clipped":false,"simplification_m":1,"OBJECTID":0,"CODIGO":204,"TIPO":"Insular","SUBTIPO":"Playa","CAL_POS":"APROXIMADA"},"geometry":{"type":"LineString","coordinates":[[-89.75692465359936,21.268415638417046],[-89.75671979546306,21.2683966953438],[-89.75662500499573,21.268408952148732],[-89.75652307905538,21.26844592020907]]}},{"type":"Feature","id":"S01-69c7ed611c-39700","properties":{"record_id":"S01-69c7ed611c-39700","source_id":"S01","source_row":39700,"source_hash":"69c7ed611ced1723e08414ff41cd56e9df41f78ab19d9a00b6920381c47ea4d7","theme":"coast","status":"DERIVADO","origin":"OFICIAL","name":"Costa de referencia","date":"2023–2025","clipped":false,"simplification_m":1,"OBJECTID":0,"CODIGO":204,"TIPO":"Insular","SUBTIPO":"Playa","CAL_POS":"APROXIMADA"},"geometry":{"type":"LineString","coordinates":[[-89.75648869190553,21.268449262836658],[-89.75609305754885,21.26849211177002]]}},{"type":"Feature","id":"S01-69c7ed611c-39701","properties":{"record_id":"S01-69c7ed611c-39701","source_id":"S01","source_row":39701,"source_hash":"69c7ed611ced1723e08414ff41cd56e9df41f78ab19d9a00b6920381c47ea4d7","theme":"coast","status":"DERIVADO","origin":"OFICIAL","name":"Costa de referencia","date":"2023–2025","clipped":false,"simplification_m":1,"OBJECTID":0,"CODIGO":204,"TIPO":"Insular","SUBTIPO":"Playa","CAL_POS":"APROXIMADA"},"geometry":{"type":"LineString","coordinates":[[-89.75606189726928,21.268562336704672],[-89.7558726702366,21.26856257957966],[-89.7555618294461,21.268610896791937]]}},{"type":"Feature","id":"S01-69c7ed611c-39702","properties":{"record_id":"S01-69c7ed611c-39702","source_id":"S01","source_row":39702,"source_hash":"69c7ed611ced1723e08414ff41cd56e9df41f78ab19d9a00b6920381c47ea4d7","theme":"coast","status":"DERIVADO","origin":"OFICIAL","name":"Costa de referencia","date":"2023–2025","clipped":false,"simplification_m":1,"OBJECTID":0,"CODIGO":205,"TIPO":"Insular","SUBTIPO":"Rompeolas","CAL_POS":"APROXIMADA"},"geometry":{"type":"LineString","coordinates":[[-89.75652307905538,21.26844592020907],[-89.75652464574151,21.2686071676523],[-89.75648958910547,21.268608211632092],[-89.75648869190553,21.268449262836658]]}},{"type":"Feature","id":"S01-69c7ed611c-39703","properties":{"record_id":"S01-69c7ed611c-39703","source_id":"S01","source_row":39703,"source_hash":"69c7ed611ced1723e08414ff41cd56e9df41f78ab19d9a00b6920381c47ea4d7","theme":"coast","status":"DERIVADO","origin":"OFICIAL","name":"Costa de referencia","date":"2023–2025","clipped":false,"simplification_m":1,"OBJECTID":0,"CODIGO":205,"TIPO":"Insular","SUBTIPO":"Rompeolas","CAL_POS":"APROXIMADA"},"geometry":{"type":"LineString","coordinates":[[-89.75609305754885,21.26849211177002],[-89.7560972121306,21.26873866457379],[-89.75606011360037,21.268739543752606],[-89.75606189726928,21.268562336704672]]}},{"type":"Feature","id":"S01-69c7ed611c-39704","properties":{"record_id":"S01-69c7ed611c-39704","source_id":"S01","source_row":39704,"source_hash":"69c7ed611ced1723e08414ff41cd56e9df41f78ab19d9a00b6920381c47ea4d7","theme":"coast","status":"DERIVADO","origin":"OFICIAL","name":"Costa de referencia","date":"2023–2025","clipped":false,"simplification_m":1,"OBJECTID":0,"CODIGO":205,"TIPO":"Insular","SUBTIPO":"Rompeolas","CAL_POS":"APROXIMADA"},"geometry":{"type":"LineString","coordinates":[[-89.7555618294461,21.268610896791937],[-89.75558529922222,21.26875928602757],[-89.75555158465698,21.268768147702303],[-89.75553740384623,21.268650263566002]]}},{"type":"Feature","id":"S01-69c7ed611c-39705","properties":{"record_id":"S01-69c7ed611c-39705","source_id":"S01","source_row":39705,"source_hash":"69c7ed611ced1723e08414ff41cd56e9df41f78ab19d9a00b6920381c47ea4d7","theme":"coast","status":"DERIVADO","origin":"OFICIAL","name":"Costa de referencia","date":"2023–2025","clipped":false,"simplification_m":1,"OBJECTID":0,"CODIGO":204,"TIPO":"Insular","SUBTIPO":"Playa","CAL_POS":"APROXIMADA"},"geometry":{"type":"LineString","coordinates":[[-89.75553740384623,21.268650263566002],[-89.75519552444018,21.26872609049418]]}},{"type":"Feature","id":"S01-69c7ed611c-39706","properties":{"record_id":"S01-69c7ed611c-39706","source_id":"S01","source_row":39706,"source_hash":"69c7ed611ced1723e08414ff41cd56e9df41f78ab19d9a00b6920381c47ea4d7","theme":"coast","status":"DERIVADO","origin":"OFICIAL","name":"Costa de referencia","date":"2023–2025","clipped":false,"simplification_m":1,"OBJECTID":0,"CODIGO":204,"TIPO":"Insular","SUBTIPO":"Playa","CAL_POS":"APROXIMADA"},"geometry":{"type":"LineString","coordinates":[[-89.75518556465666,21.268835171149988],[-89.75501920922697,21.2688777289046]]}},{"type":"Feature","id":"S01-69c7ed611c-39707","properties":{"record_id":"S01-69c7ed611c-39707","source_id":"S01","source_row":39707,"source_hash":"69c7ed611ced1723e08414ff41cd56e9df41f78ab19d9a00b6920381c47ea4d7","theme":"coast","status":"DERIVADO","origin":"OFICIAL","name":"Costa de referencia","date":"2023–2025","clipped":false,"simplification_m":1,"OBJECTID":0,"CODIGO":204,"TIPO":"Insular","SUBTIPO":"Playa","CAL_POS":"APROXIMADA"},"geometry":{"type":"LineString","coordinates":[[-89.75498322299747,21.268911468799494],[-89.75476567652518,21.26890439389387],[-89.75461235564084,21.26894147518596]]}},{"type":"Feature","id":"S01-69c7ed611c-39708","properties":{"record_id":"S01-69c7ed611c-39708","source_id":"S01","source_row":39708,"source_hash":"69c7ed611ced1723e08414ff41cd56e9df41f78ab19d9a00b6920381c47ea4d7","theme":"coast","status":"DERIVADO","origin":"OFICIAL","name":"Costa de referencia","date":"2023–2025","clipped":false,"simplification_m":1,"OBJECTID":0,"CODIGO":205,"TIPO":"Insular","SUBTIPO":"Rompeolas","CAL_POS":"APROXIMADA"},"geometry":{"type":"LineString","coordinates":[[-89.75519552444018,21.26872609049418],[-89.75524065190736,21.26899766321385],[-89.75520267957926,21.2690081112677],[-89.75518556465666,21.268835171149988]]}},{"type":"Feature","id":"S01-69c7ed611c-39709","properties":{"record_id":"S01-69c7ed611c-39709","source_id":"S01","source_row":39709,"source_hash":"69c7ed611ced1723e08414ff41cd56e9df41f78ab19d9a00b6920381c47ea4d7","theme":"coast","status":"DERIVADO","origin":"OFICIAL","name":"Costa de referencia","date":"2023–2025","clipped":false,"simplification_m":1,"OBJECTID":0,"CODIGO":205,"TIPO":"Insular","SUBTIPO":"Rompeolas","CAL_POS":"APROXIMADA"},"geometry":{"type":"LineString","coordinates":[[-89.75501920922697,21.2688777289046],[-89.7550342728544,21.268983034820202],[-89.75500055819673,21.268991896374626],[-89.75498322299747,21.268911468799494]]}},{"type":"Feature","id":"S01-69c7ed611c-39710","properties":{"record_id":"S01-69c7ed611c-39710","source_id":"S01","source_row":39710,"source_hash":"69c7ed611ced1723e08414ff41cd56e9df41f78ab19d9a00b6920381c47ea4d7","theme":"coast","status":"DERIVADO","origin":"OFICIAL","name":"Costa de referencia","date":"2023–2025","clipped":false,"simplification_m":1,"OBJECTID":0,"CODIGO":205,"TIPO":"Insular","SUBTIPO":"Rompeolas","CAL_POS":"APROXIMADA"},"geometry":{"type":"LineString","coordinates":[[-89.75461235564084,21.26894147518596],[-89.75463273500011,21.269101183026883],[-89.75458268667197,21.269108734099095],[-89.75456947415408,21.268983074233546]]}},{"type":"Feature","id":"S01-69c7ed611c-39711","properties":{"record_id":"S01-69c7ed611c-39711","source_id":"S01","source_row":39711,"source_hash":"69c7ed611ced1723e08414ff41cd56e9df41f78ab19d9a00b6920381c47ea4d7","theme":"coast","status":"DERIVADO","origin":"OFICIAL","name":"Costa de referencia","date":"2023–2025","clipped":false,"simplification_m":1,"OBJECTID":0,"CODIGO":205,"TIPO":"Insular","SUBTIPO":"Rompeolas","CAL_POS":"APROXIMADA"},"geometry":{"type":"LineString","coordinates":[[-89.75122191487331,21.269652571062238],[-89.75123908757844,21.269869853975525],[-89.75118769786286,21.26986958606506],[-89.75118375610857,21.26969559470489]]}},{"type":"Feature","id":"S01-69c7ed611c-39712","properties":{"record_id":"S01-69c7ed611c-39712","source_id":"S01","source_row":39712,"source_hash":"69c7ed611ced1723e08414ff41cd56e9df41f78ab19d9a00b6920381c47ea4d7","theme":"coast","status":"DERIVADO","origin":"OFICIAL","name":"Costa de referencia","date":"2023–2025","clipped":false,"simplification_m":1,"OBJECTID":0,"CODIGO":204,"TIPO":"Insular","SUBTIPO":"Playa","CAL_POS":"APROXIMADA"},"geometry":{"type":"LineString","coordinates":[[-89.75164860792361,21.269619342192307],[-89.75158788351469,21.269608686138056],[-89.75141872210857,21.269614388038427],[-89.75122191487331,21.269652571062238]]}},{"type":"Feature","id":"S01-69c7ed611c-39713","properties":{"record_id":"S01-69c7ed611c-39713","source_id":"S01","source_row":39713,"source_hash":"69c7ed611ced1723e08414ff41cd56e9df41f78ab19d9a00b6920381c47ea4d7","theme":"coast","status":"DERIVADO","origin":"OFICIAL","name":"Costa de referencia","date":"2023–2025","clipped":false,"simplification_m":1,"OBJECTID":0,"CODIGO":205,"TIPO":"Insular","SUBTIPO":"Rompeolas","CAL_POS":"APROXIMADA"},"geometry":{"type":"LineString","coordinates":[[-89.7517019775261,21.269575431616662],[-89.75173297381944,21.26977647421772],[-89.75167236771661,21.269787032295447],[-89.75164860792361,21.269619342192307]]}},{"type":"Feature","id":"S01-69c7ed611c-39714","properties":{"record_id":"S01-69c7ed611c-39714","source_id":"S01","source_row":39714,"source_hash":"69c7ed611ced1723e08414ff41cd56e9df41f78ab19d9a00b6920381c47ea4d7","theme":"coast","status":"DERIVADO","origin":"OFICIAL","name":"Costa de referencia","date":"2023–2025","clipped":false,"simplification_m":1,"OBJECTID":0,"CODIGO":204,"TIPO":"Insular","SUBTIPO":"Playa","CAL_POS":"APROXIMADA"},"geometry":{"type":"LineString","coordinates":[[-89.7521332144844,21.269492444788135],[-89.7519518034205,21.269497165227094],[-89.75182172648226,21.269525281333188],[-89.7517019775261,21.269575431616662]]}},{"type":"Feature","id":"S01-69c7ed611c-39715","properties":{"record_id":"S01-69c7ed611c-39715","source_id":"S01","source_row":39715,"source_hash":"69c7ed611ced1723e08414ff41cd56e9df41f78ab19d9a00b6920381c47ea4d7","theme":"coast","status":"DERIVADO","origin":"OFICIAL","name":"Costa de referencia","date":"2023–2025","clipped":false,"simplification_m":1,"OBJECTID":0,"CODIGO":205,"TIPO":"Insular","SUBTIPO":"Rompeolas","CAL_POS":"APROXIMADA"},"geometry":{"type":"LineString","coordinates":[[-89.75217573135903,21.269432241776503],[-89.75218777398428,21.269660679091025],[-89.75214215873505,21.269664729983667],[-89.7521332144844,21.269492444788135]]}},{"type":"Feature","id":"S01-69c7ed611c-39716","properties":{"record_id":"S01-69c7ed611c-39716","source_id":"S01","source_row":39716,"source_hash":"69c7ed611ced1723e08414ff41cd56e9df41f78ab19d9a00b6920381c47ea4d7","theme":"coast","status":"DERIVADO","origin":"OFICIAL","name":"Costa de referencia","date":"2023–2025","clipped":false,"simplification_m":1,"OBJECTID":0,"CODIGO":204,"TIPO":"Insular","SUBTIPO":"Playa","CAL_POS":"APROXIMADA"},"geometry":{"type":"LineString","coordinates":[[-89.75262732785019,21.26937401992574],[-89.75234873764937,21.269384436585128],[-89.75217573135903,21.269432241776503]]}},{"type":"Feature","id":"S01-69c7ed611c-39717","properties":{"record_id":"S01-69c7ed611c-39717","source_id":"S01","source_row":39717,"source_hash":"69c7ed611ced1723e08414ff41cd56e9df41f78ab19d9a00b6920381c47ea4d7","theme":"coast","status":"DERIVADO","origin":"OFICIAL","name":"Costa de referencia","date":"2023–2025","clipped":false,"simplification_m":1,"OBJECTID":0,"CODIGO":205,"TIPO":"Insular","SUBTIPO":"Rompeolas","CAL_POS":"APROXIMADA"},"geometry":{"type":"LineString","coordinates":[[-89.75269125433755,21.269327100994936],[-89.75269513100429,21.269554882956967],[-89.75263370743218,21.269551882394364],[-89.75262732785019,21.26937401992574]]}},{"type":"Feature","id":"S01-69c7ed611c-39718","properties":{"record_id":"S01-69c7ed611c-39718","source_id":"S01","source_row":39718,"source_hash":"69c7ed611ced1723e08414ff41cd56e9df41f78ab19d9a00b6920381c47ea4d7","theme":"coast","status":"DERIVADO","origin":"OFICIAL","name":"Costa de referencia","date":"2023–2025","clipped":false,"simplification_m":1,"OBJECTID":0,"CODIGO":204,"TIPO":"Insular","SUBTIPO":"Playa","CAL_POS":"APROXIMADA"},"geometry":{"type":"LineString","coordinates":[[-89.75309939668148,21.269294306810924],[-89.75296873253568,21.269283822712655],[-89.75269125433755,21.269327100994936]]}},{"type":"Feature","id":"S01-69c7ed611c-39719","properties":{"record_id":"S01-69c7ed611c-39719","source_id":"S01","source_row":39719,"source_hash":"69c7ed611ced1723e08414ff41cd56e9df41f78ab19d9a00b6920381c47ea4d7","theme":"coast","status":"DERIVADO","origin":"OFICIAL","name":"Costa de referencia","date":"2023–2025","clipped":false,"simplification_m":1,"OBJECTID":0,"CODIGO":205,"TIPO":"Insular","SUBTIPO":"Rompeolas","CAL_POS":"APROXIMADA"},"geometry":{"type":"LineString","coordinates":[[-89.75314554723528,21.2692251839863],[-89.75314520279329,21.269423284297115],[-89.75310553781826,21.269429740004117],[-89.75309939668148,21.269294306810924]]}},{"type":"Feature","id":"S01-69c7ed611c-39720","properties":{"record_id":"S01-69c7ed611c-39720","source_id":"S01","source_row":39720,"source_hash":"69c7ed611ced1723e08414ff41cd56e9df41f78ab19d9a00b6920381c47ea4d7","theme":"coast","status":"DERIVADO","origin":"OFICIAL","name":"Costa de referencia","date":"2023–2025","clipped":false,"simplification_m":1,"OBJECTID":0,"CODIGO":204,"TIPO":"Insular","SUBTIPO":"Playa","CAL_POS":"APROXIMADA"},"geometry":{"type":"LineString","coordinates":[[-89.75357991681592,21.26916707717094],[-89.75328359536712,21.269191495185144],[-89.75314554723528,21.2692251839863]]}},{"type":"Feature","id":"S01-69c7ed611c-39721","properties":{"record_id":"S01-69c7ed611c-39721","source_id":"S01","source_row":39721,"source_hash":"69c7ed611ced1723e08414ff41cd56e9df41f78ab19d9a00b6920381c47ea4d7","theme":"coast","status":"DERIVADO","origin":"OFICIAL","name":"Costa de referencia","date":"2023–2025","clipped":false,"simplification_m":1,"OBJECTID":0,"CODIGO":205,"TIPO":"Insular","SUBTIPO":"Rompeolas","CAL_POS":"APROXIMADA"},"geometry":{"type":"LineString","coordinates":[[-89.75362471314615,21.26914946676173],[-89.75361650799482,21.26930688142195],[-89.75357905972328,21.269311587991165],[-89.75357991681592,21.26916707717094]]}},{"type":"Feature","id":"S01-69c7ed611c-39722","properties":{"record_id":"S01-69c7ed611c-39722","source_id":"S01","source_row":39722,"source_hash":"69c7ed611ced1723e08414ff41cd56e9df41f78ab19d9a00b6920381c47ea4d7","theme":"coast","status":"DERIVADO","origin":"OFICIAL","name":"Costa de referencia","date":"2023–2025","clipped":false,"simplification_m":1,"OBJECTID":0,"CODIGO":204,"TIPO":"Insular","SUBTIPO":"Playa","CAL_POS":"APROXIMADA"},"geometry":{"type":"LineString","coordinates":[[-89.75405697555142,21.269124665322973],[-89.75362471314615,21.26914946676173]]}},{"type":"Feature","id":"S01-69c7ed611c-39723","properties":{"record_id":"S01-69c7ed611c-39723","source_id":"S01","source_row":39723,"source_hash":"69c7ed611ced1723e08414ff41cd56e9df41f78ab19d9a00b6920381c47ea4d7","theme":"coast","status":"DERIVADO","origin":"OFICIAL","name":"Costa de referencia","date":"2023–2025","clipped":false,"simplification_m":1,"OBJECTID":0,"CODIGO":205,"TIPO":"Insular","SUBTIPO":"Rompeolas","CAL_POS":"APROXIMADA"},"geometry":{"type":"LineString","coordinates":[[-89.75408982098163,21.269125047370057],[-89.75409393724637,21.269190968501217],[-89.75406278866723,21.26919425259059],[-89.75405697555142,21.269124665322973]]}},{"type":"Feature","id":"S01-69c7ed611c-39724","properties":{"record_id":"S01-69c7ed611c-39724","source_id":"S01","source_row":39724,"source_hash":"69c7ed611ced1723e08414ff41cd56e9df41f78ab19d9a00b6920381c47ea4d7","theme":"coast","status":"DERIVADO","origin":"OFICIAL","name":"Costa de referencia","date":"2023–2025","clipped":false,"simplification_m":1,"OBJECTID":0,"CODIGO":204,"TIPO":"Insular","SUBTIPO":"Playa","CAL_POS":"APROXIMADA"},"geometry":{"type":"LineString","coordinates":[[-89.7543244375925,21.269116348207863],[-89.75408982098163,21.269125047370057]]}},{"type":"Feature","id":"S01-69c7ed611c-39725","properties":{"record_id":"S01-69c7ed611c-39725","source_id":"S01","source_row":39725,"source_hash":"69c7ed611ced1723e08414ff41cd56e9df41f78ab19d9a00b6920381c47ea4d7","theme":"coast","status":"DERIVADO","origin":"OFICIAL","name":"Costa de referencia","date":"2023–2025","clipped":false,"simplification_m":1,"OBJECTID":0,"CODIGO":204,"TIPO":"Insular","SUBTIPO":"Playa","CAL_POS":"APROXIMADA"},"geometry":{"type":"LineString","coordinates":[[-89.75456947415408,21.268983074233546],[-89.75447575041636,21.268996058316702],[-89.75436895165076,21.26903953835596]]}},{"type":"Feature","id":"S01-69c7ed611c-39726","properties":{"record_id":"S01-69c7ed611c-39726","source_id":"S01","source_row":39726,"source_hash":"69c7ed611ced1723e08414ff41cd56e9df41f78ab19d9a00b6920381c47ea4d7","theme":"coast","status":"DERIVADO","origin":"OFICIAL","name":"Costa de referencia","date":"2023–2025","clipped":false,"simplification_m":1,"OBJECTID":0,"CODIGO":205,"TIPO":"Insular","SUBTIPO":"Rompeolas","CAL_POS":"APROXIMADA"},"geometry":{"type":"LineString","coordinates":[[-89.75436895165076,21.26903953835596],[-89.75437854178233,21.269227296381487],[-89.75433275301994,21.269233261096137],[-89.7543244375925,21.269116348207863]]}},{"type":"Feature","id":"S01-69c7ed611c-39727","properties":{"record_id":"S01-69c7ed611c-39727","source_id":"S01","source_row":39727,"source_hash":"69c7ed611ced1723e08414ff41cd56e9df41f78ab19d9a00b6920381c47ea4d7","theme":"coast","status":"DERIVADO","origin":"OFICIAL","name":"Costa de referencia","date":"2023–2025","clipped":false,"simplification_m":1,"OBJECTID":0,"CODIGO":204,"TIPO":"Insular","SUBTIPO":"Playa","CAL_POS":"APROXIMADA"},"geometry":{"type":"LineString","coordinates":[[-89.75118375610857,21.26969559470489],[-89.75111319176374,21.26971710006191],[-89.75076186298301,21.269758303628382],[-89.75074413193843,21.269772302133624]]}},{"type":"Feature","id":"S01-69c7ed611c-39728","properties":{"record_id":"S01-69c7ed611c-39728","source_id":"S01","source_row":39728,"source_hash":"69c7ed611ced1723e08414ff41cd56e9df41f78ab19d9a00b6920381c47ea4d7","theme":"coast","status":"DERIVADO","origin":"OFICIAL","name":"Costa de referencia","date":"2023–2025","clipped":false,"simplification_m":1,"OBJECTID":0,"CODIGO":205,"TIPO":"Insular","SUBTIPO":"Rompeolas","CAL_POS":"APROXIMADA"},"geometry":{"type":"LineString","coordinates":[[-89.75074413193843,21.269772302133624],[-89.75075966808804,21.269962466067007],[-89.75071609464462,21.269966680405055],[-89.75070577461837,21.269845813854776]]}},{"type":"Feature","id":"S01-69c7ed611c-39729","properties":{"record_id":"S01-69c7ed611c-39729","source_id":"S01","source_row":39729,"source_hash":"69c7ed611ced1723e08414ff41cd56e9df41f78ab19d9a00b6920381c47ea4d7","theme":"coast","status":"DERIVADO","origin":"OFICIAL","name":"Costa de referencia","date":"2023–2025","clipped":false,"simplification_m":1,"OBJECTID":0,"CODIGO":204,"TIPO":"Insular","SUBTIPO":"Playa","CAL_POS":"APROXIMADA"},"geometry":{"type":"LineString","coordinates":[[-89.75070577461837,21.269845813854776],[-89.75022816521096,21.269895469989475]]}},{"type":"Feature","id":"S01-69c7ed611c-39730","properties":{"record_id":"S01-69c7ed611c-39730","source_id":"S01","source_row":39730,"source_hash":"69c7ed611ced1723e08414ff41cd56e9df41f78ab19d9a00b6920381c47ea4d7","theme":"coast","status":"DERIVADO","origin":"OFICIAL","name":"Costa de referencia","date":"2023–2025","clipped":false,"simplification_m":1,"OBJECTID":0,"CODIGO":204,"TIPO":"Insular","SUBTIPO":"Playa","CAL_POS":"APROXIMADA"},"geometry":{"type":"LineString","coordinates":[[-89.75018732179075,21.269895878741128],[-89.74976267543103,21.269985585889955]]}},{"type":"Feature","id":"S01-69c7ed611c-39731","properties":{"record_id":"S01-69c7ed611c-39731","source_id":"S01","source_row":39731,"source_hash":"69c7ed611ced1723e08414ff41cd56e9df41f78ab19d9a00b6920381c47ea4d7","theme":"coast","status":"DERIVADO","origin":"OFICIAL","name":"Costa de referencia","date":"2023–2025","clipped":false,"simplification_m":1,"OBJECTID":0,"CODIGO":204,"TIPO":"Insular","SUBTIPO":"Playa","CAL_POS":"APROXIMADA"},"geometry":{"type":"LineString","coordinates":[[-89.74971542768913,21.269996251773545],[-89.74929482121095,21.27005245905334]]}},{"type":"Feature","id":"S01-69c7ed611c-39732","properties":{"record_id":"S01-69c7ed611c-39732","source_id":"S01","source_row":39732,"source_hash":"69c7ed611ced1723e08414ff41cd56e9df41f78ab19d9a00b6920381c47ea4d7","theme":"coast","status":"DERIVADO","origin":"OFICIAL","name":"Costa de referencia","date":"2023–2025","clipped":false,"simplification_m":1,"OBJECTID":0,"CODIGO":205,"TIPO":"Insular","SUBTIPO":"Rompeolas","CAL_POS":"APROXIMADA"},"geometry":{"type":"LineString","coordinates":[[-89.75022816521096,21.269895469989475],[-89.75023998619764,21.270079315022834],[-89.7501908417422,21.27008260033614],[-89.75018732179075,21.269895878741128]]}},{"type":"Feature","id":"S01-69c7ed611c-39733","properties":{"record_id":"S01-69c7ed611c-39733","source_id":"S01","source_row":39733,"source_hash":"69c7ed611ced1723e08414ff41cd56e9df41f78ab19d9a00b6920381c47ea4d7","theme":"coast","status":"DERIVADO","origin":"OFICIAL","name":"Costa de referencia","date":"2023–2025","clipped":false,"simplification_m":1,"OBJECTID":0,"CODIGO":205,"TIPO":"Insular","SUBTIPO":"Rompeolas","CAL_POS":"APROXIMADA"},"geometry":{"type":"LineString","coordinates":[[-89.74976267543103,21.269985585889955],[-89.74977595958902,21.2701215928219],[-89.74972214776707,21.270119683787087],[-89.74971542768913,21.269996251773545]]}},{"type":"Feature","id":"S01-69c7ed611c-39734","properties":{"record_id":"S01-69c7ed611c-39734","source_id":"S01","source_row":39734,"source_hash":"69c7ed611ced1723e08414ff41cd56e9df41f78ab19d9a00b6920381c47ea4d7","theme":"coast","status":"DERIVADO","origin":"OFICIAL","name":"Costa de referencia","date":"2023–2025","clipped":false,"simplification_m":1,"OBJECTID":0,"CODIGO":205,"TIPO":"Insular","SUBTIPO":"Rompeolas","CAL_POS":"APROXIMADA"},"geometry":{"type":"LineString","coordinates":[[-89.74929482121095,21.27005245905334],[-89.74936597780055,21.270332062653107],[-89.74930298057788,21.270346283968834],[-89.74924211745974,21.27006370235921]]}},{"type":"Feature","id":"S01-69c7ed611c-39735","properties":{"record_id":"S01-69c7ed611c-39735","source_id":"S01","source_row":39735,"source_hash":"69c7ed611ced1723e08414ff41cd56e9df41f78ab19d9a00b6920381c47ea4d7","theme":"coast","status":"DERIVADO","origin":"OFICIAL","name":"Costa de referencia","date":"2023–2025","clipped":false,"simplification_m":1,"OBJECTID":0,"CODIGO":204,"TIPO":"Insular","SUBTIPO":"Playa","CAL_POS":"APROXIMADA"},"geometry":{"type":"LineString","coordinates":[[-89.74924211745974,21.27006370235921],[-89.74908873403675,21.270102580247293]]}},{"type":"Feature","id":"S01-69c7ed611c-39736","properties":{"record_id":"S01-69c7ed611c-39736","source_id":"S01","source_row":39736,"source_hash":"69c7ed611ced1723e08414ff41cd56e9df41f78ab19d9a00b6920381c47ea4d7","theme":"coast","status":"DERIVADO","origin":"OFICIAL","name":"Costa de referencia","date":"2023–2025","clipped":false,"simplification_m":1,"OBJECTID":0,"CODIGO":205,"TIPO":"Insular","SUBTIPO":"Rompeolas","CAL_POS":"APROXIMADA"},"geometry":{"type":"LineString","coordinates":[[-89.74908873403675,21.270102580247293],[-89.74913921216917,21.270337959276485],[-89.74908984913363,21.270343635596323],[-89.74905818681867,21.270155551210067]]}},{"type":"Feature","id":"S01-69c7ed611c-39737","properties":{"record_id":"S01-69c7ed611c-39737","source_id":"S01","source_row":39737,"source_hash":"69c7ed611ced1723e08414ff41cd56e9df41f78ab19d9a00b6920381c47ea4d7","theme":"coast","status":"DERIVADO","origin":"OFICIAL","name":"Costa de referencia","date":"2023–2025","clipped":false,"simplification_m":1,"OBJECTID":0,"CODIGO":204,"TIPO":"Insular","SUBTIPO":"Playa","CAL_POS":"APROXIMADA"},"geometry":{"type":"LineString","coordinates":[[-89.74905818681867,21.270155551210067],[-89.74859704408551,21.2702016461609]]}},{"type":"Feature","id":"S01-69c7ed611c-39738","properties":{"record_id":"S01-69c7ed611c-39738","source_id":"S01","source_row":39738,"source_hash":"69c7ed611ced1723e08414ff41cd56e9df41f78ab19d9a00b6920381c47ea4d7","theme":"coast","status":"DERIVADO","origin":"OFICIAL","name":"Costa de referencia","date":"2023–2025","clipped":false,"simplification_m":1,"OBJECTID":0,"CODIGO":204,"TIPO":"Insular","SUBTIPO":"Playa","CAL_POS":"APROXIMADA"},"geometry":{"type":"LineString","coordinates":[[-89.74857149330278,21.270243050119536],[-89.74832102810589,21.270289155649184],[-89.74820648232966,21.27033297338601],[-89.74811913453476,21.270388613417847],[-89.74793086849549,21.270395187855062],[-89.74772841624367,21.270449155507187]]}},{"type":"Feature","id":"S01-69c7ed611c-39739","properties":{"record_id":"S01-69c7ed611c-39739","source_id":"S01","source_row":39739,"source_hash":"69c7ed611ced1723e08414ff41cd56e9df41f78ab19d9a00b6920381c47ea4d7","theme":"coast","status":"DERIVADO","origin":"OFICIAL","name":"Costa de referencia","date":"2023–2025","clipped":false,"simplification_m":1,"OBJECTID":0,"CODIGO":204,"TIPO":"Insular","SUBTIPO":"Playa","CAL_POS":"APROXIMADA"},"geometry":{"type":"LineString","coordinates":[[-89.747678151788,21.2704881566095],[-89.74743075163668,21.270494803257296],[-89.74722397192241,21.27051878663539]]}},{"type":"Feature","id":"S01-69c7ed611c-39740","properties":{"record_id":"S01-69c7ed611c-39740","source_id":"S01","source_row":39740,"source_hash":"69c7ed611ced1723e08414ff41cd56e9df41f78ab19d9a00b6920381c47ea4d7","theme":"coast","status":"DERIVADO","origin":"OFICIAL","name":"Costa de referencia","date":"2023–2025","clipped":false,"simplification_m":1,"OBJECTID":0,"CODIGO":205,"TIPO":"Insular","SUBTIPO":"Rompeolas","CAL_POS":"APROXIMADA"},"geometry":{"type":"LineString","coordinates":[[-89.74859704408551,21.2702016461609],[-89.74860831677096,21.270324263424488],[-89.74857492153104,21.270323992738273],[-89.74857149330278,21.270243050119536]]}},{"type":"Feature","id":"S01-69c7ed611c-39741","properties":{"record_id":"S01-69c7ed611c-39741","source_id":"S01","source_row":39741,"source_hash":"69c7ed611ced1723e08414ff41cd56e9df41f78ab19d9a00b6920381c47ea4d7","theme":"coast","status":"DERIVADO","origin":"OFICIAL","name":"Costa de referencia","date":"2023–2025","clipped":false,"simplification_m":1,"OBJECTID":0,"CODIGO":205,"TIPO":"Insular","SUBTIPO":"Rompeolas","CAL_POS":"APROXIMADA"},"geometry":{"type":"LineString","coordinates":[[-89.74772841624367,21.270449155507187],[-89.74770798608353,21.27063995035839],[-89.74767502790077,21.270634894951367],[-89.747678151788,21.2704881566095]]}},{"type":"Feature","id":"S01-69c7ed611c-39742","properties":{"record_id":"S01-69c7ed611c-39742","source_id":"S01","source_row":39742,"source_hash":"69c7ed611ced1723e08414ff41cd56e9df41f78ab19d9a00b6920381c47ea4d7","theme":"coast","status":"DERIVADO","origin":"OFICIAL","name":"Costa de referencia","date":"2023–2025","clipped":false,"simplification_m":1,"OBJECTID":0,"CODIGO":205,"TIPO":"Insular","SUBTIPO":"Rompeolas","CAL_POS":"APROXIMADA"},"geometry":{"type":"LineString","coordinates":[[-89.74722397192241,21.27051878663539],[-89.74723083713258,21.270741407958212],[-89.74718147378572,21.270747084567798],[-89.74717474904827,21.270539314043855]]}},{"type":"Feature","id":"S01-69c7ed611c-39743","properties":{"record_id":"S01-69c7ed611c-39743","source_id":"S01","source_row":39743,"source_hash":"69c7ed611ced1723e08414ff41cd56e9df41f78ab19d9a00b6920381c47ea4d7","theme":"coast","status":"DERIVADO","origin":"OFICIAL","name":"Costa de referencia","date":"2023–2025","clipped":false,"simplification_m":1,"OBJECTID":0,"CODIGO":204,"TIPO":"Insular","SUBTIPO":"Playa","CAL_POS":"APROXIMADA"},"geometry":{"type":"LineString","coordinates":[[-89.74717474904827,21.270539314043855],[-89.74682242504754,21.27056886261262]]}},{"type":"Feature","id":"S01-69c7ed611c-39744","properties":{"record_id":"S01-69c7ed611c-39744","source_id":"S01","source_row":39744,"source_hash":"69c7ed611ced1723e08414ff41cd56e9df41f78ab19d9a00b6920381c47ea4d7","theme":"coast","status":"DERIVADO","origin":"OFICIAL","name":"Costa de referencia","date":"2023–2025","clipped":false,"simplification_m":1,"OBJECTID":0,"CODIGO":204,"TIPO":"Insular","SUBTIPO":"Playa","CAL_POS":"APROXIMADA"},"geometry":{"type":"LineString","coordinates":[[-89.74675831752877,21.27062730201016],[-89.74669323794436,21.270643571852162],[-89.74636080645146,21.27066915536241]]}},{"type":"Feature","id":"S01-69c7ed611c-39745","properties":{"record_id":"S01-69c7ed611c-39745","source_id":"S01","source_row":39745,"source_hash":"69c7ed611ced1723e08414ff41cd56e9df41f78ab19d9a00b6920381c47ea4d7","theme":"coast","status":"DERIVADO","origin":"OFICIAL","name":"Costa de referencia","date":"2023–2025","clipped":false,"simplification_m":1,"OBJECTID":0,"CODIGO":204,"TIPO":"Insular","SUBTIPO":"Playa","CAL_POS":"APROXIMADA"},"geometry":{"type":"LineString","coordinates":[[-89.7462978088355,21.2706833745394],[-89.74588139807548,21.270690086813982]]}},{"type":"Feature","id":"S01-69c7ed611c-39746","properties":{"record_id":"S01-69c7ed611c-39746","source_id":"S01","source_row":39746,"source_hash":"69c7ed611ced1723e08414ff41cd56e9df41f78ab19d9a00b6920381c47ea4d7","theme":"coast","status":"DERIVADO","origin":"OFICIAL","name":"Costa de referencia","date":"2023–2025","clipped":false,"simplification_m":1,"OBJECTID":0,"CODIGO":205,"TIPO":"Insular","SUBTIPO":"Rompeolas","CAL_POS":"APROXIMADA"},"geometry":{"type":"LineString","coordinates":[[-89.74682242504754,21.27056886261262],[-89.746818503248,21.27078059814285],[-89.7467617028775,21.27078326687789],[-89.74675831752877,21.27062730201016]]}},{"type":"Feature","id":"S01-69c7ed611c-39747","properties":{"record_id":"S01-69c7ed611c-39747","source_id":"S01","source_row":39747,"source_hash":"69c7ed611ced1723e08414ff41cd56e9df41f78ab19d9a00b6920381c47ea4d7","theme":"coast","status":"DERIVADO","origin":"OFICIAL","name":"Costa de referencia","date":"2023–2025","clipped":false,"simplification_m":1,"OBJECTID":0,"CODIGO":205,"TIPO":"Insular","SUBTIPO":"Rompeolas","CAL_POS":"APROXIMADA"},"geometry":{"type":"LineString","coordinates":[[-89.74636080645146,21.27066915536241],[-89.7463640969969,21.270801950816598],[-89.74630941066813,21.270809608718544],[-89.7462978088355,21.2706833745394]]}},{"type":"Feature","id":"S01-69c7ed611c-39748","properties":{"record_id":"S01-69c7ed611c-39748","source_id":"S01","source_row":39748,"source_hash":"69c7ed611ced1723e08414ff41cd56e9df41f78ab19d9a00b6920381c47ea4d7","theme":"coast","status":"DERIVADO","origin":"OFICIAL","name":"Costa de referencia","date":"2023–2025","clipped":false,"simplification_m":1,"OBJECTID":0,"CODIGO":205,"TIPO":"Insular","SUBTIPO":"Rompeolas","CAL_POS":"APROXIMADA"},"geometry":{"type":"LineString","coordinates":[[-89.74588139807548,21.270690086813982],[-89.74589518701777,21.270925753189832],[-89.74584327142061,21.270931223564972],[-89.74583050007057,21.270761522483507]]}},{"type":"Feature","id":"S01-69c7ed611c-39749","properties":{"record_id":"S01-69c7ed611c-39749","source_id":"S01","source_row":39749,"source_hash":"69c7ed611ced1723e08414ff41cd56e9df41f78ab19d9a00b6920381c47ea4d7","theme":"coast","status":"DERIVADO","origin":"OFICIAL","name":"Costa de referencia","date":"2023–2025","clipped":false,"simplification_m":1,"OBJECTID":0,"CODIGO":204,"TIPO":"Insular","SUBTIPO":"Playa","CAL_POS":"APROXIMADA"},"geometry":{"type":"LineString","coordinates":[[-89.74583050007057,21.270761522483507],[-89.7453839825238,21.270771748882368]]}},{"type":"Feature","id":"S01-69c7ed611c-39750","properties":{"record_id":"S01-69c7ed611c-39750","source_id":"S01","source_row":39750,"source_hash":"69c7ed611ced1723e08414ff41cd56e9df41f78ab19d9a00b6920381c47ea4d7","theme":"coast","status":"DERIVADO","origin":"OFICIAL","name":"Costa de referencia","date":"2023–2025","clipped":false,"simplification_m":1,"OBJECTID":0,"CODIGO":204,"TIPO":"Insular","SUBTIPO":"Playa","CAL_POS":"APROXIMADA"},"geometry":{"type":"LineString","coordinates":[[-89.74533365829562,21.27082524888632],[-89.74506387336969,21.270851781038868],[-89.74491060853008,21.270897308275167]]}},{"type":"Feature","id":"S01-69c7ed611c-39751","properties":{"record_id":"S01-69c7ed611c-39751","source_id":"S01","source_row":39751,"source_hash":"69c7ed611ced1723e08414ff41cd56e9df41f78ab19d9a00b6920381c47ea4d7","theme":"coast","status":"DERIVADO","origin":"OFICIAL","name":"Costa de referencia","date":"2023–2025","clipped":false,"simplification_m":1,"OBJECTID":0,"CODIGO":204,"TIPO":"Insular","SUBTIPO":"Playa","CAL_POS":"APROXIMADA"},"geometry":{"type":"LineString","coordinates":[[-89.74484979569952,21.270887606003427],[-89.74465467550372,21.27091290374128],[-89.7444407460902,21.270975246164493]]}},{"type":"Feature","id":"S01-69c7ed611c-39752","properties":{"record_id":"S01-69c7ed611c-39752","source_id":"S01","source_row":39752,"source_hash":"69c7ed611ced1723e08414ff41cd56e9df41f78ab19d9a00b6920381c47ea4d7","theme":"coast","status":"DERIVADO","origin":"OFICIAL","name":"Costa de referencia","date":"2023–2025","clipped":false,"simplification_m":1,"OBJECTID":0,"CODIGO":204,"TIPO":"Insular","SUBTIPO":"Playa","CAL_POS":"APROXIMADA"},"geometry":{"type":"LineString","coordinates":[[-89.74437607034191,21.270979691501513],[-89.74408462763637,21.270990025945565],[-89.74393712166074,21.27102878521908]]}},{"type":"Feature","id":"S01-69c7ed611c-39753","properties":{"record_id":"S01-69c7ed611c-39753","source_id":"S01","source_row":39753,"source_hash":"69c7ed611ced1723e08414ff41cd56e9df41f78ab19d9a00b6920381c47ea4d7","theme":"coast","status":"DERIVADO","origin":"OFICIAL","name":"Costa de referencia","date":"2023–2025","clipped":false,"simplification_m":1,"OBJECTID":0,"CODIGO":205,"TIPO":"Insular","SUBTIPO":"Rompeolas","CAL_POS":"APROXIMADA"},"geometry":{"type":"LineString","coordinates":[[-89.7453839825238,21.270771748882368],[-89.74540060246443,21.27093664889035],[-89.74534613463474,21.27094191418937],[-89.74533365829562,21.27082524888632]]}},{"type":"Feature","id":"S01-69c7ed611c-39754","properties":{"record_id":"S01-69c7ed611c-39754","source_id":"S01","source_row":39754,"source_hash":"69c7ed611ced1723e08414ff41cd56e9df41f78ab19d9a00b6920381c47ea4d7","theme":"coast","status":"DERIVADO","origin":"OFICIAL","name":"Costa de referencia","date":"2023–2025","clipped":false,"simplification_m":1,"OBJECTID":0,"CODIGO":205,"TIPO":"Insular","SUBTIPO":"Rompeolas","CAL_POS":"APROXIMADA"},"geometry":{"type":"LineString","coordinates":[[-89.74491060853008,21.270897308275167],[-89.74492140580102,21.271004199589814],[-89.74486438659835,21.271009260783615],[-89.74484979569952,21.270887606003427]]}},{"type":"Feature","id":"S01-69c7ed611c-39755","properties":{"record_id":"S01-69c7ed611c-39755","source_id":"S01","source_row":39755,"source_hash":"69c7ed611ced1723e08414ff41cd56e9df41f78ab19d9a00b6920381c47ea4d7","theme":"coast","status":"DERIVADO","origin":"OFICIAL","name":"Costa de referencia","date":"2023–2025","clipped":false,"simplification_m":1,"OBJECTID":0,"CODIGO":205,"TIPO":"Insular","SUBTIPO":"Rompeolas","CAL_POS":"APROXIMADA"},"geometry":{"type":"LineString","coordinates":[[-89.7444407460902,21.270975246164493],[-89.74446146103818,21.27111426050736],[-89.74439656659767,21.271121098111518],[-89.74437607034191,21.270979691501513]]}},{"type":"Feature","id":"S01-69c7ed611c-39756","properties":{"record_id":"S01-69c7ed611c-39756","source_id":"S01","source_row":39756,"source_hash":"69c7ed611ced1723e08414ff41cd56e9df41f78ab19d9a00b6920381c47ea4d7","theme":"coast","status":"DERIVADO","origin":"OFICIAL","name":"Costa de referencia","date":"2023–2025","clipped":false,"simplification_m":1,"OBJECTID":0,"CODIGO":205,"TIPO":"Insular","SUBTIPO":"Rompeolas","CAL_POS":"APROXIMADA"},"geometry":{"type":"LineString","coordinates":[[-89.74393712166074,21.27102878521908],[-89.7439547764341,21.271201288604946],[-89.74390329783874,21.271201974711676],[-89.74389855067955,21.27105701295562]]}},{"type":"Feature","id":"S01-69c7ed611c-39757","properties":{"record_id":"S01-69c7ed611c-39757","source_id":"S01","source_row":39757,"source_hash":"69c7ed611ced1723e08414ff41cd56e9df41f78ab19d9a00b6920381c47ea4d7","theme":"coast","status":"DERIVADO","origin":"OFICIAL","name":"Costa de referencia","date":"2023–2025","clipped":false,"simplification_m":1,"OBJECTID":0,"CODIGO":204,"TIPO":"Insular","SUBTIPO":"Playa","CAL_POS":"APROXIMADA"},"geometry":{"type":"LineString","coordinates":[[-89.74389855067955,21.27105701295562],[-89.74352405885212,21.271104051708217],[-89.74319389828696,21.271116095115786],[-89.74303385056977,21.271151435716234],[-89.74285214560724,21.271170579951562],[-89.7425881356841,21.27125841440677]]}},{"type":"Feature","id":"S01-69c7ed611c-39758","properties":{"record_id":"S01-69c7ed611c-39758","source_id":"S01","source_row":39758,"source_hash":"69c7ed611ced1723e08414ff41cd56e9df41f78ab19d9a00b6920381c47ea4d7","theme":"coast","status":"DERIVADO","origin":"OFICIAL","name":"Costa de referencia","date":"2023–2025","clipped":false,"simplification_m":1,"OBJECTID":0,"CODIGO":205,"TIPO":"Insular","SUBTIPO":"Rompeolas","CAL_POS":"APROXIMADA"},"geometry":{"type":"LineString","coordinates":[[-89.7425881356841,21.27125841440677],[-89.74258353534553,21.27140925404369],[-89.74266042013362,21.2721431479058],[-89.74268903934647,21.27213942159211],[-89.74269986950655,21.272189689788437],[-89.74256687119274,21.27221033529931],[-89.74255957719664,21.272149507796257],[-89.74258852432071,21.27214219402021],[-89.74250754216176,21.27136321096385]]}},{"type":"Feature","id":"S01-69c7ed611c-39759","properties":{"record_id":"S01-69c7ed611c-39759","source_id":"S01","source_row":39759,"source_hash":"69c7ed611ced1723e08414ff41cd56e9df41f78ab19d9a00b6920381c47ea4d7","theme":"coast","status":"DERIVADO","origin":"OFICIAL","name":"Costa de referencia","date":"2023–2025","clipped":false,"simplification_m":1,"OBJECTID":0,"CODIGO":204,"TIPO":"Insular","SUBTIPO":"Playa","CAL_POS":"APROXIMADA"},"geometry":{"type":"LineString","coordinates":[[-89.73962002744126,21.272161737594267],[-89.73925863976467,21.272283313867515]]}},{"type":"Feature","id":"S01-69c7ed611c-39760","properties":{"record_id":"S01-69c7ed611c-39760","source_id":"S01","source_row":39760,"source_hash":"69c7ed611ced1723e08414ff41cd56e9df41f78ab19d9a00b6920381c47ea4d7","theme":"coast","status":"DERIVADO","origin":"OFICIAL","name":"Costa de referencia","date":"2023–2025","clipped":false,"simplification_m":1,"OBJECTID":0,"CODIGO":204,"TIPO":"Insular","SUBTIPO":"Playa","CAL_POS":"APROXIMADA"},"geometry":{"type":"LineString","coordinates":[[-89.74035565524848,21.27198889316836],[-89.74022440596804,21.271948230383725],[-89.7398532654213,21.272035890949013],[-89.73968957003754,21.272104068902014]]}},{"type":"Feature","id":"S01-69c7ed611c-39761","properties":{"record_id":"S01-69c7ed611c-39761","source_id":"S01","source_row":39761,"source_hash":"69c7ed611ced1723e08414ff41cd56e9df41f78ab19d9a00b6920381c47ea4d7","theme":"coast","status":"DERIVADO","origin":"OFICIAL","name":"Costa de referencia","date":"2023–2025","clipped":false,"simplification_m":1,"OBJECTID":0,"CODIGO":204,"TIPO":"Insular","SUBTIPO":"Playa","CAL_POS":"APROXIMADA"},"geometry":{"type":"LineString","coordinates":[[-89.74049569600166,21.271920741779212],[-89.74039620981772,21.271946005069708]]}},{"type":"Feature","id":"S01-69c7ed611c-39762","properties":{"record_id":"S01-69c7ed611c-39762","source_id":"S01","source_row":39762,"source_hash":"69c7ed611ced1723e08414ff41cd56e9df41f78ab19d9a00b6920381c47ea4d7","theme":"coast","status":"DERIVADO","origin":"OFICIAL","name":"Costa de referencia","date":"2023–2025","clipped":false,"simplification_m":1,"OBJECTID":0,"CODIGO":204,"TIPO":"Insular","SUBTIPO":"Playa","CAL_POS":"APROXIMADA"},"geometry":{"type":"LineString","coordinates":[[-89.74061679338942,21.271878419236316],[-89.74052894489397,21.271894496258632]]}},{"type":"Feature","id":"S01-69c7ed611c-39763","properties":{"record_id":"S01-69c7ed611c-39763","source_id":"S01","source_row":39763,"source_hash":"69c7ed611ced1723e08414ff41cd56e9df41f78ab19d9a00b6920381c47ea4d7","theme":"coast","status":"DERIVADO","origin":"OFICIAL","name":"Costa de referencia","date":"2023–2025","clipped":false,"simplification_m":1,"OBJECTID":0,"CODIGO":204,"TIPO":"Insular","SUBTIPO":"Playa","CAL_POS":"APROXIMADA"},"geometry":{"type":"LineString","coordinates":[[-89.74250754216176,21.27136321096385],[-89.74228805524719,21.271415366612384],[-89.74210407010885,21.271493763548484]]}},{"type":"Feature","id":"S01-69c7ed611c-39764","properties":{"record_id":"S01-69c7ed611c-39764","source_id":"S01","source_row":39764,"source_hash":"69c7ed611ced1723e08414ff41cd56e9df41f78ab19d9a00b6920381c47ea4d7","theme":"coast","status":"DERIVADO","origin":"OFICIAL","name":"Costa de referencia","date":"2023–2025","clipped":false,"simplification_m":1,"OBJECTID":0,"CODIGO":204,"TIPO":"Insular","SUBTIPO":"Playa","CAL_POS":"APROXIMADA"},"geometry":{"type":"LineString","coordinates":[[-89.74206887225215,21.27159813089626],[-89.74181624157838,21.271654385540117]]}},{"type":"Feature","id":"S01-69c7ed611c-39765","properties":{"record_id":"S01-69c7ed611c-39765","source_id":"S01","source_row":39765,"source_hash":"69c7ed611ced1723e08414ff41cd56e9df41f78ab19d9a00b6920381c47ea4d7","theme":"coast","status":"DERIVADO","origin":"OFICIAL","name":"Costa de referencia","date":"2023–2025","clipped":false,"simplification_m":1,"OBJECTID":0,"CODIGO":204,"TIPO":"Insular","SUBTIPO":"Playa","CAL_POS":"APROXIMADA"},"geometry":{"type":"LineString","coordinates":[[-89.74172871518634,21.271723374827932],[-89.74154366351645,21.27175641446282]]}},{"type":"Feature","id":"S01-69c7ed611c-39766","properties":{"record_id":"S01-69c7ed611c-39766","source_id":"S01","source_row":39766,"source_hash":"69c7ed611ced1723e08414ff41cd56e9df41f78ab19d9a00b6920381c47ea4d7","theme":"coast","status":"DERIVADO","origin":"OFICIAL","name":"Costa de referencia","date":"2023–2025","clipped":false,"simplification_m":1,"OBJECTID":0,"CODIGO":204,"TIPO":"Insular","SUBTIPO":"Playa","CAL_POS":"APROXIMADA"},"geometry":{"type":"LineString","coordinates":[[-89.74148662360182,21.271755562982584],[-89.74127220183847,21.271770333820776],[-89.74117668351707,21.27179579513863]]}},{"type":"Feature","id":"S01-69c7ed611c-39767","properties":{"record_id":"S01-69c7ed611c-39767","source_id":"S01","source_row":39767,"source_hash":"69c7ed611ced1723e08414ff41cd56e9df41f78ab19d9a00b6920381c47ea4d7","theme":"coast","status":"DERIVADO","origin":"OFICIAL","name":"Costa de referencia","date":"2023–2025","clipped":false,"simplification_m":1,"OBJECTID":0,"CODIGO":204,"TIPO":"Insular","SUBTIPO":"Playa","CAL_POS":"APROXIMADA"},"geometry":{"type":"LineString","coordinates":[[-89.74110139821488,21.271810833220698],[-89.7409554743982,21.271790077038865],[-89.74066053058795,21.271817593754072]]}},{"type":"Feature","id":"S01-69c7ed611c-39768","properties":{"record_id":"S01-69c7ed611c-39768","source_id":"S01","source_row":39768,"source_hash":"69c7ed611ced1723e08414ff41cd56e9df41f78ab19d9a00b6920381c47ea4d7","theme":"coast","status":"DERIVADO","origin":"OFICIAL","name":"Costa de referencia","date":"2023–2025","clipped":false,"simplification_m":1,"OBJECTID":0,"CODIGO":205,"TIPO":"Insular","SUBTIPO":"Rompeolas","CAL_POS":"APROXIMADA"},"geometry":{"type":"LineString","coordinates":[[-89.74210407010885,21.271493763548484],[-89.74213925914573,21.27167129023175],[-89.74209669477251,21.271679920161816],[-89.74206887225215,21.27159813089626]]}},{"type":"Feature","id":"S01-69c7ed611c-39769","properties":{"record_id":"S01-69c7ed611c-39769","source_id":"S01","source_row":39769,"source_hash":"69c7ed611ced1723e08414ff41cd56e9df41f78ab19d9a00b6920381c47ea4d7","theme":"coast","status":"DERIVADO","origin":"OFICIAL","name":"Costa de referencia","date":"2023–2025","clipped":false,"simplification_m":1,"OBJECTID":0,"CODIGO":205,"TIPO":"Insular","SUBTIPO":"Rompeolas","CAL_POS":"APROXIMADA"},"geometry":{"type":"LineString","coordinates":[[-89.74181624157838,21.271654385540117],[-89.74181223878854,21.27187394665291],[-89.74178033796149,21.271871384711766],[-89.74176438413716,21.27176467989445],[-89.74172871518634,21.271723374827932]]}},{"type":"Feature","id":"S01-69c7ed611c-39770","properties":{"record_id":"S01-69c7ed611c-39770","source_id":"S01","source_row":39770,"source_hash":"69c7ed611ced1723e08414ff41cd56e9df41f78ab19d9a00b6920381c47ea4d7","theme":"coast","status":"DERIVADO","origin":"OFICIAL","name":"Costa de referencia","date":"2023–2025","clipped":false,"simplification_m":1,"OBJECTID":0,"CODIGO":205,"TIPO":"Insular","SUBTIPO":"Rompeolas","CAL_POS":"APROXIMADA"},"geometry":{"type":"LineString","coordinates":[[-89.74154366351645,21.27175641446282],[-89.7415429993894,21.271936662088073],[-89.74149195785802,21.271932562873605],[-89.74148662360182,21.271755562982584]]}},{"type":"Feature","id":"S01-69c7ed611c-39771","properties":{"record_id":"S01-69c7ed611c-39771","source_id":"S01","source_row":39771,"source_hash":"69c7ed611ced1723e08414ff41cd56e9df41f78ab19d9a00b6920381c47ea4d7","theme":"coast","status":"DERIVADO","origin":"OFICIAL","name":"Costa de referencia","date":"2023–2025","clipped":false,"simplification_m":1,"OBJECTID":0,"CODIGO":205,"TIPO":"Insular","SUBTIPO":"Rompeolas","CAL_POS":"APROXIMADA"},"geometry":{"type":"LineString","coordinates":[[-89.74117668351707,21.27179579513863],[-89.74118771681188,21.27195632213099],[-89.74111698884155,21.27195666624774],[-89.74110139821488,21.271810833220698]]}},{"type":"Feature","id":"S01-69c7ed611c-39772","properties":{"record_id":"S01-69c7ed611c-39772","source_id":"S01","source_row":39772,"source_hash":"69c7ed611ced1723e08414ff41cd56e9df41f78ab19d9a00b6920381c47ea4d7","theme":"coast","status":"DERIVADO","origin":"OFICIAL","name":"Costa de referencia","date":"2023–2025","clipped":false,"simplification_m":1,"OBJECTID":0,"CODIGO":205,"TIPO":"Insular","SUBTIPO":"Rompeolas","CAL_POS":"APROXIMADA"},"geometry":{"type":"LineString","coordinates":[[-89.74066053058795,21.271817593754072],[-89.74067830758938,21.27193950519187],[-89.74063227983532,21.271950869291036],[-89.74061679338942,21.271878419236316]]}},{"type":"Feature","id":"S01-69c7ed611c-39773","properties":{"record_id":"S01-69c7ed611c-39773","source_id":"S01","source_row":39773,"source_hash":"69c7ed611ced1723e08414ff41cd56e9df41f78ab19d9a00b6920381c47ea4d7","theme":"coast","status":"DERIVADO","origin":"OFICIAL","name":"Costa de referencia","date":"2023–2025","clipped":false,"simplification_m":1,"OBJECTID":0,"CODIGO":205,"TIPO":"Insular","SUBTIPO":"Rompeolas","CAL_POS":"APROXIMADA"},"geometry":{"type":"LineString","coordinates":[[-89.74052894489397,21.271894496258632],[-89.74055239767009,21.27200915326311],[-89.74051127343175,21.272020308257886],[-89.74049569600166,21.271920741779212]]}},{"type":"Feature","id":"S01-69c7ed611c-39774","properties":{"record_id":"S01-69c7ed611c-39774","source_id":"S01","source_row":39774,"source_hash":"69c7ed611ced1723e08414ff41cd56e9df41f78ab19d9a00b6920381c47ea4d7","theme":"coast","status":"DERIVADO","origin":"OFICIAL","name":"Costa de referencia","date":"2023–2025","clipped":false,"simplification_m":1,"OBJECTID":0,"CODIGO":205,"TIPO":"Insular","SUBTIPO":"Rompeolas","CAL_POS":"APROXIMADA"},"geometry":{"type":"LineString","coordinates":[[-89.74039620981772,21.271946005069708],[-89.74042164664428,21.272075519902128],[-89.74036741529906,21.272071164112617],[-89.74035565524848,21.27198889316836]]}},{"type":"Feature","id":"S01-69c7ed611c-39775","properties":{"record_id":"S01-69c7ed611c-39775","source_id":"S01","source_row":39775,"source_hash":"69c7ed611ced1723e08414ff41cd56e9df41f78ab19d9a00b6920381c47ea4d7","theme":"coast","status":"DERIVADO","origin":"OFICIAL","name":"Costa de referencia","date":"2023–2025","clipped":false,"simplification_m":1,"OBJECTID":0,"CODIGO":205,"TIPO":"Insular","SUBTIPO":"Rompeolas","CAL_POS":"APROXIMADA"},"geometry":{"type":"LineString","coordinates":[[-89.73968957003754,21.272104068902014],[-89.73972657894268,21.272296803544876],[-89.73966378089416,21.27231585670297],[-89.73962002744126,21.272161737594267]]}},{"type":"Feature","id":"S01-69c7ed611c-39776","properties":{"record_id":"S01-69c7ed611c-39776","source_id":"S01","source_row":39776,"source_hash":"69c7ed611ced1723e08414ff41cd56e9df41f78ab19d9a00b6920381c47ea4d7","theme":"coast","status":"DERIVADO","origin":"OFICIAL","name":"Costa de referencia","date":"2023–2025","clipped":false,"simplification_m":1,"OBJECTID":0,"CODIGO":205,"TIPO":"Insular","SUBTIPO":"Rompeolas","CAL_POS":"APROXIMADA"},"geometry":{"type":"LineString","coordinates":[[-89.73925863976467,21.272283313867515],[-89.73927140194341,21.27238976184971],[-89.73919319965387,21.27240155291075],[-89.73915756029837,21.272299290912823]]}},{"type":"Feature","id":"S01-69c7ed611c-39777","properties":{"record_id":"S01-69c7ed611c-39777","source_id":"S01","source_row":39777,"source_hash":"69c7ed611ced1723e08414ff41cd56e9df41f78ab19d9a00b6920381c47ea4d7","theme":"coast","status":"DERIVADO","origin":"OFICIAL","name":"Costa de referencia","date":"2023–2025","clipped":false,"simplification_m":1,"OBJECTID":0,"CODIGO":204,"TIPO":"Insular","SUBTIPO":"Playa","CAL_POS":"APROXIMADA"},"geometry":{"type":"LineString","coordinates":[[-89.73915756029837,21.272299290912823],[-89.73892623326572,21.272298781752543],[-89.73851122972498,21.27237391219298],[-89.73803036111637,21.2725413491071],[-89.73783223104982,21.27258812333319],[-89.73759164991758,21.272669385655835]]}},{"type":"Feature","id":"S01-69c7ed611c-39778","properties":{"record_id":"S01-69c7ed611c-39778","source_id":"S01","source_row":39778,"source_hash":"69c7ed611ced1723e08414ff41cd56e9df41f78ab19d9a00b6920381c47ea4d7","theme":"coast","status":"DERIVADO","origin":"OFICIAL","name":"Costa de referencia","date":"2023–2025","clipped":false,"simplification_m":1,"OBJECTID":0,"CODIGO":205,"TIPO":"Insular","SUBTIPO":"Rompeolas","CAL_POS":"APROXIMADA"},"geometry":{"type":"LineString","coordinates":[[-89.73759164991758,21.272669385655835],[-89.73763644160591,21.27290903664022],[-89.7375680817807,21.272918604881447],[-89.73754611519655,21.272772259798607]]}},{"type":"Feature","id":"S01-69c7ed611c-39779","properties":{"record_id":"S01-69c7ed611c-39779","source_id":"S01","source_row":39779,"source_hash":"69c7ed611ced1723e08414ff41cd56e9df41f78ab19d9a00b6920381c47ea4d7","theme":"coast","status":"DERIVADO","origin":"OFICIAL","name":"Costa de referencia","date":"2023–2025","clipped":false,"simplification_m":1,"OBJECTID":0,"CODIGO":204,"TIPO":"Insular","SUBTIPO":"Playa","CAL_POS":"APROXIMADA"},"geometry":{"type":"LineString","coordinates":[[-89.73754611519655,21.272772259798607],[-89.73737312180583,21.272836675757304],[-89.73717333003115,21.27287785487999],[-89.73689644638306,21.27297868590999],[-89.73654386587299,21.27302782564734],[-89.7362453813525,21.273086977613918],[-89.73614635758035,21.273120975774752],[-89.7361625457123,21.27318572882381],[-89.73603691115457,21.273219993215886],[-89.73580277230663,21.27322951124382],[-89.73559577755582,21.27325603775413],[-89.7352989063453,21.273386598776522],[-89.73509753676632,21.273407041134238],[-89.73492947984394,21.27344559077549]]}},{"type":"Feature","id":"S01-69c7ed611c-39780","properties":{"record_id":"S01-69c7ed611c-39780","source_id":"S01","source_row":39780,"source_hash":"69c7ed611ced1723e08414ff41cd56e9df41f78ab19d9a00b6920381c47ea4d7","theme":"coast","status":"DERIVADO","origin":"OFICIAL","name":"Costa de referencia","date":"2023–2025","clipped":false,"simplification_m":1,"OBJECTID":0,"CODIGO":204,"TIPO":"Insular","SUBTIPO":"Playa","CAL_POS":"APROXIMADA"},"geometry":{"type":"LineString","coordinates":[[-89.73489009252509,21.273495546820982],[-89.73467590276636,21.273519674322426],[-89.73439000945723,21.273587305449546],[-89.73428279235156,21.27359025618328],[-89.73396919096369,21.273646020662643]]}},{"type":"Feature","id":"S01-69c7ed611c-39781","properties":{"record_id":"S01-69c7ed611c-39781","source_id":"S01","source_row":39781,"source_hash":"69c7ed611ced1723e08414ff41cd56e9df41f78ab19d9a00b6920381c47ea4d7","theme":"coast","status":"DERIVADO","origin":"OFICIAL","name":"Costa de referencia","date":"2023–2025","clipped":false,"simplification_m":1,"OBJECTID":0,"CODIGO":205,"TIPO":"Insular","SUBTIPO":"Rompeolas","CAL_POS":"APROXIMADA"},"geometry":{"type":"LineString","coordinates":[[-89.73492947984394,21.27344559077549],[-89.73496161874158,21.27365637028561],[-89.73491617667332,21.273658502072582],[-89.73489009252509,21.273495546820982]]}},{"type":"Feature","id":"S01-69c7ed611c-39782","properties":{"record_id":"S01-69c7ed611c-39782","source_id":"S01","source_row":39782,"source_hash":"69c7ed611ced1723e08414ff41cd56e9df41f78ab19d9a00b6920381c47ea4d7","theme":"coast","status":"DERIVADO","origin":"OFICIAL","name":"Costa de referencia","date":"2023–2025","clipped":false,"simplification_m":1,"OBJECTID":0,"CODIGO":205,"TIPO":"Insular","SUBTIPO":"Rompeolas","CAL_POS":"APROXIMADA"},"geometry":{"type":"LineString","coordinates":[[-89.73396919096369,21.273646020662643],[-89.73399222825677,21.273821368822876],[-89.73395903708905,21.273824484811687],[-89.73392953062766,21.27363238366314]]}},{"type":"Feature","id":"S01-69c7ed611c-39783","properties":{"record_id":"S01-69c7ed611c-39783","source_id":"S01","source_row":39783,"source_hash":"69c7ed611ced1723e08414ff41cd56e9df41f78ab19d9a00b6920381c47ea4d7","theme":"coast","status":"DERIVADO","origin":"OFICIAL","name":"Costa de referencia","date":"2023–2025","clipped":false,"simplification_m":1,"OBJECTID":0,"CODIGO":204,"TIPO":"Insular","SUBTIPO":"Playa","CAL_POS":"APROXIMADA"},"geometry":{"type":"LineString","coordinates":[[-89.73392953062766,21.27363238366314],[-89.73340046776147,21.27369398160167],[-89.73323295369613,21.27373395741252],[-89.733132149086,21.273780758683408]]}},{"type":"Feature","id":"S01-69c7ed611c-39784","properties":{"record_id":"S01-69c7ed611c-39784","source_id":"S01","source_row":39784,"source_hash":"69c7ed611ced1723e08414ff41cd56e9df41f78ab19d9a00b6920381c47ea4d7","theme":"coast","status":"DERIVADO","origin":"OFICIAL","name":"Costa de referencia","date":"2023–2025","clipped":false,"simplification_m":1,"OBJECTID":0,"CODIGO":204,"TIPO":"Insular","SUBTIPO":"Playa","CAL_POS":"APROXIMADA"},"geometry":{"type":"LineString","coordinates":[[-89.73308996095024,21.273789157803275],[-89.73287250754662,21.27382044222693]]}},{"type":"Feature","id":"S01-69c7ed611c-39785","properties":{"record_id":"S01-69c7ed611c-39785","source_id":"S01","source_row":39785,"source_hash":"69c7ed611ced1723e08414ff41cd56e9df41f78ab19d9a00b6920381c47ea4d7","theme":"coast","status":"DERIVADO","origin":"OFICIAL","name":"Costa de referencia","date":"2023–2025","clipped":false,"simplification_m":1,"OBJECTID":0,"CODIGO":204,"TIPO":"Insular","SUBTIPO":"Playa","CAL_POS":"APROXIMADA"},"geometry":{"type":"LineString","coordinates":[[-89.73281980940509,21.27383535817016],[-89.73274183349434,21.273840555880586],[-89.7325424963195,21.2739013804785]]}},{"type":"Feature","id":"S01-69c7ed611c-39786","properties":{"record_id":"S01-69c7ed611c-39786","source_id":"S01","source_row":39786,"source_hash":"69c7ed611ced1723e08414ff41cd56e9df41f78ab19d9a00b6920381c47ea4d7","theme":"coast","status":"DERIVADO","origin":"OFICIAL","name":"Costa de referencia","date":"2023–2025","clipped":false,"simplification_m":1,"OBJECTID":0,"CODIGO":204,"TIPO":"Insular","SUBTIPO":"Playa","CAL_POS":"APROXIMADA"},"geometry":{"type":"LineString","coordinates":[[-89.73249329149023,21.27394132840673],[-89.73218846141204,21.273970389975467],[-89.73205669894969,21.274005584062667]]}},{"type":"Feature","id":"S01-69c7ed611c-39787","properties":{"record_id":"S01-69c7ed611c-39787","source_id":"S01","source_row":39787,"source_hash":"69c7ed611ced1723e08414ff41cd56e9df41f78ab19d9a00b6920381c47ea4d7","theme":"coast","status":"DERIVADO","origin":"OFICIAL","name":"Costa de referencia","date":"2023–2025","clipped":false,"simplification_m":1,"OBJECTID":0,"CODIGO":205,"TIPO":"Insular","SUBTIPO":"Rompeolas","CAL_POS":"APROXIMADA"},"geometry":{"type":"LineString","coordinates":[[-89.73287250754662,21.27382044222693],[-89.73288729899154,21.273947035160354],[-89.73283793394486,21.2739527062486],[-89.73281980940509,21.27383535817016]]}},{"type":"Feature","id":"S01-69c7ed611c-39788","properties":{"record_id":"S01-69c7ed611c-39788","source_id":"S01","source_row":39788,"source_hash":"69c7ed611ced1723e08414ff41cd56e9df41f78ab19d9a00b6920381c47ea4d7","theme":"coast","status":"DERIVADO","origin":"OFICIAL","name":"Costa de referencia","date":"2023–2025","clipped":false,"simplification_m":1,"OBJECTID":0,"CODIGO":205,"TIPO":"Insular","SUBTIPO":"Rompeolas","CAL_POS":"APROXIMADA"},"geometry":{"type":"LineString","coordinates":[[-89.733132149086,21.273780758683408],[-89.73314360045649,21.274039923553097],[-89.73309233955094,21.274038213777725],[-89.73308996095024,21.273789157803275]]}},{"type":"Feature","id":"S01-69c7ed611c-39789","properties":{"record_id":"S01-69c7ed611c-39789","source_id":"S01","source_row":39789,"source_hash":"69c7ed611ced1723e08414ff41cd56e9df41f78ab19d9a00b6920381c47ea4d7","theme":"coast","status":"DERIVADO","origin":"OFICIAL","name":"Costa de referencia","date":"2023–2025","clipped":false,"simplification_m":1,"OBJECTID":0,"CODIGO":205,"TIPO":"Insular","SUBTIPO":"Rompeolas","CAL_POS":"APROXIMADA"},"geometry":{"type":"LineString","coordinates":[[-89.7325424963195,21.2739013804785],[-89.73254268786171,21.274116933865884],[-89.73249397926604,21.274115428108157],[-89.73249329149023,21.27394132840673]]}},{"type":"Feature","id":"S01-69c7ed611c-39790","properties":{"record_id":"S01-69c7ed611c-39790","source_id":"S01","source_row":39790,"source_hash":"69c7ed611ced1723e08414ff41cd56e9df41f78ab19d9a00b6920381c47ea4d7","theme":"coast","status":"DERIVADO","origin":"OFICIAL","name":"Costa de referencia","date":"2023–2025","clipped":false,"simplification_m":1,"OBJECTID":0,"CODIGO":205,"TIPO":"Insular","SUBTIPO":"Rompeolas","CAL_POS":"APROXIMADA"},"geometry":{"type":"LineString","coordinates":[[-89.73205669894969,21.274005584062667],[-89.73206456853619,21.274172484176308],[-89.73201542214055,21.274175763659425],[-89.73199982312028,21.27403715757705]]}},{"type":"Feature","id":"S01-69c7ed611c-39791","properties":{"record_id":"S01-69c7ed611c-39791","source_id":"S01","source_row":39791,"source_hash":"69c7ed611ced1723e08414ff41cd56e9df41f78ab19d9a00b6920381c47ea4d7","theme":"coast","status":"DERIVADO","origin":"OFICIAL","name":"Costa de referencia","date":"2023–2025","clipped":false,"simplification_m":1,"OBJECTID":0,"CODIGO":204,"TIPO":"Insular","SUBTIPO":"Playa","CAL_POS":"APROXIMADA"},"geometry":{"type":"LineString","coordinates":[[-89.73199982312028,21.27403715757705],[-89.73182897727185,21.274049932467484],[-89.73157828706634,21.274092435349896],[-89.7314331074671,21.274133780018996],[-89.73071968252154,21.27420414882161],[-89.73055277241612,21.274258203160635]]}},{"type":"Feature","id":"S01-69c7ed611c-39792","properties":{"record_id":"S01-69c7ed611c-39792","source_id":"S01","source_row":39792,"source_hash":"69c7ed611ced1723e08414ff41cd56e9df41f78ab19d9a00b6920381c47ea4d7","theme":"coast","status":"DERIVADO","origin":"OFICIAL","name":"Costa de referencia","date":"2023–2025","clipped":false,"simplification_m":1,"OBJECTID":0,"CODIGO":204,"TIPO":"Insular","SUBTIPO":"Playa","CAL_POS":"APROXIMADA"},"geometry":{"type":"LineString","coordinates":[[-89.73051842660118,21.27429640776094],[-89.73011088842917,21.274367264909237]]}},{"type":"Feature","id":"S01-69c7ed611c-39793","properties":{"record_id":"S01-69c7ed611c-39793","source_id":"S01","source_row":39793,"source_hash":"69c7ed611ced1723e08414ff41cd56e9df41f78ab19d9a00b6920381c47ea4d7","theme":"coast","status":"DERIVADO","origin":"OFICIAL","name":"Costa de referencia","date":"2023–2025","clipped":false,"simplification_m":1,"OBJECTID":0,"CODIGO":204,"TIPO":"Insular","SUBTIPO":"Playa","CAL_POS":"APROXIMADA"},"geometry":{"type":"LineString","coordinates":[[-89.73007125122614,21.274389641517306],[-89.72963787162651,21.274423218874563],[-89.72931265652183,21.2744934622328]]}},{"type":"Feature","id":"S01-69c7ed611c-39794","properties":{"record_id":"S01-69c7ed611c-39794","source_id":"S01","source_row":39794,"source_hash":"69c7ed611ced1723e08414ff41cd56e9df41f78ab19d9a00b6920381c47ea4d7","theme":"coast","status":"DERIVADO","origin":"OFICIAL","name":"Costa de referencia","date":"2023–2025","clipped":false,"simplification_m":1,"OBJECTID":0,"CODIGO":205,"TIPO":"Insular","SUBTIPO":"Rompeolas","CAL_POS":"APROXIMADA"},"geometry":{"type":"LineString","coordinates":[[-89.73055277241612,21.274258203160635],[-89.73055327630453,21.27439318631031],[-89.73052476571469,21.27439571423749],[-89.73051842660118,21.27429640776094]]}},{"type":"Feature","id":"S01-69c7ed611c-39795","properties":{"record_id":"S01-69c7ed611c-39795","source_id":"S01","source_row":39795,"source_hash":"69c7ed611ced1723e08414ff41cd56e9df41f78ab19d9a00b6920381c47ea4d7","theme":"coast","status":"DERIVADO","origin":"OFICIAL","name":"Costa de referencia","date":"2023–2025","clipped":false,"simplification_m":1,"OBJECTID":0,"CODIGO":205,"TIPO":"Insular","SUBTIPO":"Rompeolas","CAL_POS":"APROXIMADA"},"geometry":{"type":"LineString","coordinates":[[-89.73011088842917,21.274367264909237],[-89.73011562091989,21.27451222645923],[-89.73008178690475,21.274516736220562],[-89.73007125122614,21.274389641517306]]}},{"type":"Feature","id":"S01-69c7ed611c-39796","properties":{"record_id":"S01-69c7ed611c-39796","source_id":"S01","source_row":39796,"source_hash":"69c7ed611ced1723e08414ff41cd56e9df41f78ab19d9a00b6920381c47ea4d7","theme":"coast","status":"DERIVADO","origin":"OFICIAL","name":"Costa de referencia","date":"2023–2025","clipped":false,"simplification_m":1,"OBJECTID":0,"CODIGO":205,"TIPO":"Insular","SUBTIPO":"Rompeolas","CAL_POS":"APROXIMADA"},"geometry":{"type":"LineString","coordinates":[[-89.72931265652183,21.2744934622328],[-89.72932110920718,21.274597758428907],[-89.72928494179115,21.274599670596935],[-89.72928305050355,21.274507950152543]]}},{"type":"Feature","id":"S01-69c7ed611c-39797","properties":{"record_id":"S01-69c7ed611c-39797","source_id":"S01","source_row":39797,"source_hash":"69c7ed611ced1723e08414ff41cd56e9df41f78ab19d9a00b6920381c47ea4d7","theme":"coast","status":"DERIVADO","origin":"OFICIAL","name":"Costa de referencia","date":"2023–2025","clipped":false,"simplification_m":1,"OBJECTID":0,"CODIGO":204,"TIPO":"Insular","SUBTIPO":"Playa","CAL_POS":"APROXIMADA"},"geometry":{"type":"LineString","coordinates":[[-89.72928305050355,21.274507950152543],[-89.72915158103751,21.274511839323825],[-89.72866004091331,21.274573529836044]]}},{"type":"Feature","id":"S01-69c7ed611c-39798","properties":{"record_id":"S01-69c7ed611c-39798","source_id":"S01","source_row":39798,"source_hash":"69c7ed611ced1723e08414ff41cd56e9df41f78ab19d9a00b6920381c47ea4d7","theme":"coast","status":"DERIVADO","origin":"OFICIAL","name":"Costa de referencia","date":"2023–2025","clipped":false,"simplification_m":1,"OBJECTID":0,"CODIGO":205,"TIPO":"Insular","SUBTIPO":"Rompeolas","CAL_POS":"APROXIMADA"},"geometry":{"type":"LineString","coordinates":[[-89.72866004091331,21.274573529836044],[-89.72867038300353,21.27476954645614],[-89.72860592373874,21.27477159380025],[-89.72860863079502,21.274629639082644]]}},{"type":"Feature","id":"S01-69c7ed611c-39799","properties":{"record_id":"S01-69c7ed611c-39799","source_id":"S01","source_row":39799,"source_hash":"69c7ed611ced1723e08414ff41cd56e9df41f78ab19d9a00b6920381c47ea4d7","theme":"coast","status":"DERIVADO","origin":"OFICIAL","name":"Costa de referencia","date":"2023–2025","clipped":false,"simplification_m":1,"OBJECTID":0,"CODIGO":205,"TIPO":"Insular","SUBTIPO":"Rompeolas","CAL_POS":"APROXIMADA"},"geometry":{"type":"LineString","coordinates":[[-89.72723923076909,21.274884127541053],[-89.7272374629699,21.2750326633723],[-89.72719342074139,21.275036350825843],[-89.72719065512115,21.274954199287638]]}},{"type":"Feature","id":"S01-69c7ed611c-39800","properties":{"record_id":"S01-69c7ed611c-39800","source_id":"S01","source_row":39800,"source_hash":"69c7ed611ced1723e08414ff41cd56e9df41f78ab19d9a00b6920381c47ea4d7","theme":"coast","status":"DERIVADO","origin":"OFICIAL","name":"Costa de referencia","date":"2023–2025","clipped":false,"simplification_m":1,"OBJECTID":0,"CODIGO":204,"TIPO":"Insular","SUBTIPO":"Playa","CAL_POS":"APROXIMADA"},"geometry":{"type":"LineString","coordinates":[[-89.72769345158332,21.27482707392742],[-89.72755371452811,21.27481880793765],[-89.72734616693087,21.274832633439782],[-89.72723923076909,21.274884127541053]]}},{"type":"Feature","id":"S01-69c7ed611c-39801","properties":{"record_id":"S01-69c7ed611c-39801","source_id":"S01","source_row":39801,"source_hash":"69c7ed611ced1723e08414ff41cd56e9df41f78ab19d9a00b6920381c47ea4d7","theme":"coast","status":"DERIVADO","origin":"OFICIAL","name":"Costa de referencia","date":"2023–2025","clipped":false,"simplification_m":1,"OBJECTID":0,"CODIGO":204,"TIPO":"Insular","SUBTIPO":"Playa","CAL_POS":"APROXIMADA"},"geometry":{"type":"LineString","coordinates":[[-89.72719065512115,21.274954199287638],[-89.72710155086807,21.2749446250801],[-89.72675920002769,21.27497734053674]]}},{"type":"Feature","id":"S01-69c7ed611c-39802","properties":{"record_id":"S01-69c7ed611c-39802","source_id":"S01","source_row":39802,"source_hash":"69c7ed611ced1723e08414ff41cd56e9df41f78ab19d9a00b6920381c47ea4d7","theme":"coast","status":"DERIVADO","origin":"OFICIAL","name":"Costa de referencia","date":"2023–2025","clipped":false,"simplification_m":1,"OBJECTID":0,"CODIGO":204,"TIPO":"Insular","SUBTIPO":"Playa","CAL_POS":"APROXIMADA"},"geometry":{"type":"LineString","coordinates":[[-89.72671857892783,21.275056003512724],[-89.72662903674377,21.27505121350571],[-89.72629667559372,21.27508714105131]]}},{"type":"Feature","id":"S01-69c7ed611c-39803","properties":{"record_id":"S01-69c7ed611c-39803","source_id":"S01","source_row":39803,"source_hash":"69c7ed611ced1723e08414ff41cd56e9df41f78ab19d9a00b6920381c47ea4d7","theme":"coast","status":"DERIVADO","origin":"OFICIAL","name":"Costa de referencia","date":"2023–2025","clipped":false,"simplification_m":1,"OBJECTID":0,"CODIGO":205,"TIPO":"Insular","SUBTIPO":"Rompeolas","CAL_POS":"APROXIMADA"},"geometry":{"type":"LineString","coordinates":[[-89.72675920002769,21.27497734053674],[-89.72676684406491,21.27514663415655],[-89.72672579097517,21.275145742140282],[-89.72671857892783,21.275056003512724]]}},{"type":"Feature","id":"S01-69c7ed611c-39804","properties":{"record_id":"S01-69c7ed611c-39804","source_id":"S01","source_row":39804,"source_hash":"69c7ed611ced1723e08414ff41cd56e9df41f78ab19d9a00b6920381c47ea4d7","theme":"coast","status":"DERIVADO","origin":"OFICIAL","name":"Costa de referencia","date":"2023–2025","clipped":false,"simplification_m":1,"OBJECTID":0,"CODIGO":205,"TIPO":"Insular","SUBTIPO":"Rompeolas","CAL_POS":"APROXIMADA"},"geometry":{"type":"LineString","coordinates":[[-89.72629667559372,21.27508714105131],[-89.72630643252477,21.275261423425142],[-89.72625407654549,21.27527167164263],[-89.72624679593362,21.27512650468377]]}},{"type":"Feature","id":"S01-69c7ed611c-39805","properties":{"record_id":"S01-69c7ed611c-39805","source_id":"S01","source_row":39805,"source_hash":"69c7ed611ced1723e08414ff41cd56e9df41f78ab19d9a00b6920381c47ea4d7","theme":"coast","status":"DERIVADO","origin":"OFICIAL","name":"Costa de referencia","date":"2023–2025","clipped":false,"simplification_m":1,"OBJECTID":0,"CODIGO":204,"TIPO":"Insular","SUBTIPO":"Playa","CAL_POS":"APROXIMADA"},"geometry":{"type":"LineString","coordinates":[[-89.72624679593362,21.27512650468377],[-89.7258276634905,21.27515545392027]]}},{"type":"Feature","id":"S01-69c7ed611c-39806","properties":{"record_id":"S01-69c7ed611c-39806","source_id":"S01","source_row":39806,"source_hash":"69c7ed611ced1723e08414ff41cd56e9df41f78ab19d9a00b6920381c47ea4d7","theme":"coast","status":"DERIVADO","origin":"OFICIAL","name":"Costa de referencia","date":"2023–2025","clipped":false,"simplification_m":1,"OBJECTID":0,"CODIGO":204,"TIPO":"Insular","SUBTIPO":"Playa","CAL_POS":"APROXIMADA"},"geometry":{"type":"LineString","coordinates":[[-89.72576677496676,21.275174654310792],[-89.72560045084177,21.275166099243748],[-89.7253531084494,21.275228139342428]]}},{"type":"Feature","id":"S01-69c7ed611c-39807","properties":{"record_id":"S01-69c7ed611c-39807","source_id":"S01","source_row":39807,"source_hash":"69c7ed611ced1723e08414ff41cd56e9df41f78ab19d9a00b6920381c47ea4d7","theme":"coast","status":"DERIVADO","origin":"OFICIAL","name":"Costa de referencia","date":"2023–2025","clipped":false,"simplification_m":1,"OBJECTID":0,"CODIGO":204,"TIPO":"Insular","SUBTIPO":"Playa","CAL_POS":"APROXIMADA"},"geometry":{"type":"LineString","coordinates":[[-89.72529080302753,21.27526744608963],[-89.72500069205762,21.27528654801279],[-89.72491055075841,21.275331843823178]]}},{"type":"Feature","id":"S01-69c7ed611c-39808","properties":{"record_id":"S01-69c7ed611c-39808","source_id":"S01","source_row":39808,"source_hash":"69c7ed611ced1723e08414ff41cd56e9df41f78ab19d9a00b6920381c47ea4d7","theme":"coast","status":"DERIVADO","origin":"OFICIAL","name":"Costa de referencia","date":"2023–2025","clipped":false,"simplification_m":1,"OBJECTID":0,"CODIGO":205,"TIPO":"Insular","SUBTIPO":"Rompeolas","CAL_POS":"APROXIMADA"},"geometry":{"type":"LineString","coordinates":[[-89.72491055075841,21.275331843823178],[-89.72491937215561,21.27547278422969],[-89.72487212051466,21.275483442474687],[-89.72485949324553,21.27538620255411]]}},{"type":"Feature","id":"S01-69c7ed611c-39809","properties":{"record_id":"S01-69c7ed611c-39809","source_id":"S01","source_row":39809,"source_hash":"69c7ed611ced1723e08414ff41cd56e9df41f78ab19d9a00b6920381c47ea4d7","theme":"coast","status":"DERIVADO","origin":"OFICIAL","name":"Costa de referencia","date":"2023–2025","clipped":false,"simplification_m":1,"OBJECTID":0,"CODIGO":205,"TIPO":"Insular","SUBTIPO":"Rompeolas","CAL_POS":"APROXIMADA"},"geometry":{"type":"LineString","coordinates":[[-89.7253531084494,21.275228139342428],[-89.72536768129319,21.275349795297082],[-89.72531000267685,21.275362025021902],[-89.72530067716545,21.275267297504808],[-89.72529080302753,21.27526744608963]]}},{"type":"Feature","id":"S01-69c7ed611c-39810","properties":{"record_id":"S01-69c7ed611c-39810","source_id":"S01","source_row":39810,"source_hash":"69c7ed611ced1723e08414ff41cd56e9df41f78ab19d9a00b6920381c47ea4d7","theme":"coast","status":"DERIVADO","origin":"OFICIAL","name":"Costa de referencia","date":"2023–2025","clipped":false,"simplification_m":1,"OBJECTID":0,"CODIGO":205,"TIPO":"Insular","SUBTIPO":"Rompeolas","CAL_POS":"APROXIMADA"},"geometry":{"type":"LineString","coordinates":[[-89.7258276634905,21.27515545392027],[-89.72583253417527,21.275326934528934],[-89.72577084590864,21.2753267927724],[-89.72576677496676,21.275174654310792]]}},{"type":"Feature","id":"S01-69c7ed611c-39811","properties":{"record_id":"S01-69c7ed611c-39811","source_id":"S01","source_row":39811,"source_hash":"69c7ed611ced1723e08414ff41cd56e9df41f78ab19d9a00b6920381c47ea4d7","theme":"coast","status":"DERIVADO","origin":"OFICIAL","name":"Costa de referencia","date":"2023–2025","clipped":false,"simplification_m":1,"OBJECTID":0,"CODIGO":204,"TIPO":"Insular","SUBTIPO":"Playa","CAL_POS":"APROXIMADA"},"geometry":{"type":"LineString","coordinates":[[-89.72485949324553,21.27538620255411],[-89.72437283421566,21.275431896971792]]}},{"type":"Feature","id":"S01-69c7ed611c-39812","properties":{"record_id":"S01-69c7ed611c-39812","source_id":"S01","source_row":39812,"source_hash":"69c7ed611ced1723e08414ff41cd56e9df41f78ab19d9a00b6920381c47ea4d7","theme":"coast","status":"DERIVADO","origin":"OFICIAL","name":"Costa de referencia","date":"2023–2025","clipped":false,"simplification_m":1,"OBJECTID":0,"CODIGO":205,"TIPO":"Insular","SUBTIPO":"Rompeolas","CAL_POS":"APROXIMADA"},"geometry":{"type":"LineString","coordinates":[[-89.72437283421566,21.275431896971792],[-89.72436723299762,21.275522359488132],[-89.72432552380279,21.27552864361138],[-89.72432968436881,21.27548319385294]]}},{"type":"Feature","id":"S01-69c7ed611c-39813","properties":{"record_id":"S01-69c7ed611c-39813","source_id":"S01","source_row":39813,"source_hash":"69c7ed611ced1723e08414ff41cd56e9df41f78ab19d9a00b6920381c47ea4d7","theme":"coast","status":"DERIVADO","origin":"OFICIAL","name":"Costa de referencia","date":"2023–2025","clipped":false,"simplification_m":1,"OBJECTID":0,"CODIGO":204,"TIPO":"Insular","SUBTIPO":"Playa","CAL_POS":"APROXIMADA"},"geometry":{"type":"LineString","coordinates":[[-89.72432968436881,21.27548319385294],[-89.72403332066004,21.275498508784292],[-89.72345473282323,21.275649699185166],[-89.72308033589292,21.27571790229216],[-89.72286095421997,21.275732709944904]]}},{"type":"Feature","id":"S01-69c7ed611c-39814","properties":{"record_id":"S01-69c7ed611c-39814","source_id":"S01","source_row":39814,"source_hash":"69c7ed611ced1723e08414ff41cd56e9df41f78ab19d9a00b6920381c47ea4d7","theme":"coast","status":"DERIVADO","origin":"OFICIAL","name":"Costa de referencia","date":"2023–2025","clipped":false,"simplification_m":1,"OBJECTID":0,"CODIGO":205,"TIPO":"Insular","SUBTIPO":"Rompeolas","CAL_POS":"APROXIMADA"},"geometry":{"type":"LineString","coordinates":[[-89.72286095421997,21.275732709944904],[-89.72287136054346,21.2758550740382],[-89.72281200520423,21.27585752951035],[-89.72280343231841,21.275748455026573]]}},{"type":"Feature","id":"S01-69c7ed611c-39815","properties":{"record_id":"S01-69c7ed611c-39815","source_id":"S01","source_row":39815,"source_hash":"69c7ed611ced1723e08414ff41cd56e9df41f78ab19d9a00b6920381c47ea4d7","theme":"coast","status":"DERIVADO","origin":"OFICIAL","name":"Costa de referencia","date":"2023–2025","clipped":false,"simplification_m":1,"OBJECTID":0,"CODIGO":204,"TIPO":"Insular","SUBTIPO":"Playa","CAL_POS":"APROXIMADA"},"geometry":{"type":"LineString","coordinates":[[-89.72280343231841,21.275748455026573],[-89.72270636046964,21.27576617109279],[-89.72248050199755,21.275848937624463],[-89.72230585472761,21.275931278408684],[-89.72213006438608,21.275974821002833]]}},{"type":"Feature","id":"S01-69c7ed611c-39816","properties":{"record_id":"S01-69c7ed611c-39816","source_id":"S01","source_row":39816,"source_hash":"69c7ed611ced1723e08414ff41cd56e9df41f78ab19d9a00b6920381c47ea4d7","theme":"coast","status":"DERIVADO","origin":"OFICIAL","name":"Costa de referencia","date":"2023–2025","clipped":false,"simplification_m":1,"OBJECTID":0,"CODIGO":205,"TIPO":"Insular","SUBTIPO":"Rompeolas","CAL_POS":"APROXIMADA"},"geometry":{"type":"LineString","coordinates":[[-89.72213006438608,21.275974821002833],[-89.72212483635728,21.276090216310582],[-89.72209520080294,21.27609939907715],[-89.72208965096576,21.275984831738995]]}},{"type":"Feature","id":"S01-69c7ed611c-39817","properties":{"record_id":"S01-69c7ed611c-39817","source_id":"S01","source_row":39817,"source_hash":"69c7ed611ced1723e08414ff41cd56e9df41f78ab19d9a00b6920381c47ea4d7","theme":"coast","status":"DERIVADO","origin":"OFICIAL","name":"Costa de referencia","date":"2023–2025","clipped":false,"simplification_m":1,"OBJECTID":0,"CODIGO":204,"TIPO":"Insular","SUBTIPO":"Playa","CAL_POS":"APROXIMADA"},"geometry":{"type":"LineString","coordinates":[[-89.72208965096576,21.275984831738995],[-89.72187353090693,21.276020000685595],[-89.72169013386394,21.276092600516545],[-89.72149929272712,21.276141034697396]]}},{"type":"Feature","id":"S01-69c7ed611c-39818","properties":{"record_id":"S01-69c7ed611c-39818","source_id":"S01","source_row":39818,"source_hash":"69c7ed611ced1723e08414ff41cd56e9df41f78ab19d9a00b6920381c47ea4d7","theme":"coast","status":"DERIVADO","origin":"OFICIAL","name":"Costa de referencia","date":"2023–2025","clipped":false,"simplification_m":1,"OBJECTID":0,"CODIGO":205,"TIPO":"Insular","SUBTIPO":"Rompeolas","CAL_POS":"APROXIMADA"},"geometry":{"type":"LineString","coordinates":[[-89.72149929272712,21.276141034697396],[-89.72148707719028,21.276285247935636],[-89.72143550991451,21.276286883094038],[-89.721440629785,21.276158826869526]]}},{"type":"Feature","id":"S01-69c7ed611c-39819","properties":{"record_id":"S01-69c7ed611c-39819","source_id":"S01","source_row":39819,"source_hash":"69c7ed611ced1723e08414ff41cd56e9df41f78ab19d9a00b6920381c47ea4d7","theme":"coast","status":"DERIVADO","origin":"OFICIAL","name":"Costa de referencia","date":"2023–2025","clipped":false,"simplification_m":1,"OBJECTID":0,"CODIGO":204,"TIPO":"Insular","SUBTIPO":"Playa","CAL_POS":"APROXIMADA"},"geometry":{"type":"LineString","coordinates":[[-89.721440629785,21.276158826869526],[-89.72122125417476,21.276229586668144],[-89.72073473371067,21.27632773222329]]}},{"type":"Feature","id":"S01-69c7ed611c-39820","properties":{"record_id":"S01-69c7ed611c-39820","source_id":"S01","source_row":39820,"source_hash":"69c7ed611ced1723e08414ff41cd56e9df41f78ab19d9a00b6920381c47ea4d7","theme":"coast","status":"DERIVADO","origin":"OFICIAL","name":"Costa de referencia","date":"2023–2025","clipped":false,"simplification_m":1,"OBJECTID":0,"CODIGO":205,"TIPO":"Insular","SUBTIPO":"Rompeolas","CAL_POS":"APROXIMADA"},"geometry":{"type":"LineString","coordinates":[[-89.72073473371067,21.27632773222329],[-89.720741773903,21.27645084226455],[-89.72069038085183,21.276450563128424],[-89.7206743711947,21.276335304444057]]}},{"type":"Feature","id":"S01-69c7ed611c-39821","properties":{"record_id":"S01-69c7ed611c-39821","source_id":"S01","source_row":39821,"source_hash":"69c7ed611ced1723e08414ff41cd56e9df41f78ab19d9a00b6920381c47ea4d7","theme":"coast","status":"DERIVADO","origin":"OFICIAL","name":"Costa de referencia","date":"2023–2025","clipped":false,"simplification_m":1,"OBJECTID":0,"CODIGO":204,"TIPO":"Insular","SUBTIPO":"Playa","CAL_POS":"APROXIMADA"},"geometry":{"type":"LineString","coordinates":[[-89.7206743711947,21.276335304444057],[-89.7199321226318,21.27644516665616],[-89.71970673868778,21.276492837016615]]}},{"type":"Feature","id":"S01-69c7ed611c-39822","properties":{"record_id":"S01-69c7ed611c-39822","source_id":"S01","source_row":39822,"source_hash":"69c7ed611ced1723e08414ff41cd56e9df41f78ab19d9a00b6920381c47ea4d7","theme":"coast","status":"DERIVADO","origin":"OFICIAL","name":"Costa de referencia","date":"2023–2025","clipped":false,"simplification_m":1,"OBJECTID":0,"CODIGO":205,"TIPO":"Insular","SUBTIPO":"Rompeolas","CAL_POS":"APROXIMADA"},"geometry":{"type":"LineString","coordinates":[[-89.71970673868778,21.276492837016615],[-89.71974089748431,21.276667198550193],[-89.71969067006907,21.276676652283925],[-89.71966310035695,21.276502067649407]]}},{"type":"Feature","id":"S01-69c7ed611c-39823","properties":{"record_id":"S01-69c7ed611c-39823","source_id":"S01","source_row":39823,"source_hash":"69c7ed611ced1723e08414ff41cd56e9df41f78ab19d9a00b6920381c47ea4d7","theme":"coast","status":"DERIVADO","origin":"OFICIAL","name":"Costa de referencia","date":"2023–2025","clipped":false,"simplification_m":1,"OBJECTID":0,"CODIGO":204,"TIPO":"Insular","SUBTIPO":"Playa","CAL_POS":"APROXIMADA"},"geometry":{"type":"LineString","coordinates":[[-89.71966310035695,21.276502067649407],[-89.71933157648762,21.27655522927367]]}},{"type":"Feature","id":"S01-69c7ed611c-39824","properties":{"record_id":"S01-69c7ed611c-39824","source_id":"S01","source_row":39824,"source_hash":"69c7ed611ced1723e08414ff41cd56e9df41f78ab19d9a00b6920381c47ea4d7","theme":"coast","status":"DERIVADO","origin":"OFICIAL","name":"Costa de referencia","date":"2023–2025","clipped":false,"simplification_m":1,"OBJECTID":0,"CODIGO":205,"TIPO":"Insular","SUBTIPO":"Rompeolas","CAL_POS":"APROXIMADA"},"geometry":{"type":"LineString","coordinates":[[-89.71933157648762,21.27655522927367],[-89.71933487992982,21.276721282383185],[-89.71928430198435,21.27673456300908],[-89.71928729008076,21.27663456033186]]}},{"type":"Feature","id":"S01-69c7ed611c-39825","properties":{"record_id":"S01-69c7ed611c-39825","source_id":"S01","source_row":39825,"source_hash":"69c7ed611ced1723e08414ff41cd56e9df41f78ab19d9a00b6920381c47ea4d7","theme":"coast","status":"DERIVADO","origin":"OFICIAL","name":"Costa de referencia","date":"2023–2025","clipped":false,"simplification_m":1,"OBJECTID":0,"CODIGO":204,"TIPO":"Insular","SUBTIPO":"Playa","CAL_POS":"APROXIMADA"},"geometry":{"type":"LineString","coordinates":[[-89.71928729008076,21.27663456033186],[-89.71912966776082,21.276648037415885],[-89.71860918285061,21.276807478084205],[-89.71853881819953,21.276902060614507],[-89.71844378709345,21.276929114153848],[-89.7183420522444,21.27691707234636],[-89.71774483798566,21.27698385027226]]}},{"type":"Feature","id":"S01-69c7ed611c-39826","properties":{"record_id":"S01-69c7ed611c-39826","source_id":"S01","source_row":39826,"source_hash":"69c7ed611ced1723e08414ff41cd56e9df41f78ab19d9a00b6920381c47ea4d7","theme":"coast","status":"DERIVADO","origin":"OFICIAL","name":"Costa de referencia","date":"2023–2025","clipped":false,"simplification_m":1,"OBJECTID":0,"CODIGO":204,"TIPO":"Insular","SUBTIPO":"Playa","CAL_POS":"APROXIMADA"},"geometry":{"type":"LineString","coordinates":[[-89.71769434812201,21.27699050080848],[-89.71739972077008,21.277028577956255]]}},{"type":"Feature","id":"S01-69c7ed611c-39827","properties":{"record_id":"S01-69c7ed611c-39827","source_id":"S01","source_row":39827,"source_hash":"69c7ed611ced1723e08414ff41cd56e9df41f78ab19d9a00b6920381c47ea4d7","theme":"coast","status":"DERIVADO","origin":"OFICIAL","name":"Costa de referencia","date":"2023–2025","clipped":false,"simplification_m":1,"OBJECTID":0,"CODIGO":205,"TIPO":"Insular","SUBTIPO":"Rompeolas","CAL_POS":"APROXIMADA"},"geometry":{"type":"LineString","coordinates":[[-89.71774483798566,21.27698385027226],[-89.71774367821726,21.27714712642528],[-89.7176960183355,21.277151002832124],[-89.71769434812201,21.27699050080848]]}},{"type":"Feature","id":"S01-69c7ed611c-39828","properties":{"record_id":"S01-69c7ed611c-39828","source_id":"S01","source_row":39828,"source_hash":"69c7ed611ced1723e08414ff41cd56e9df41f78ab19d9a00b6920381c47ea4d7","theme":"coast","status":"DERIVADO","origin":"OFICIAL","name":"Costa de referencia","date":"2023–2025","clipped":false,"simplification_m":1,"OBJECTID":0,"CODIGO":205,"TIPO":"Insular","SUBTIPO":"Rompeolas","CAL_POS":"APROXIMADA"},"geometry":{"type":"LineString","coordinates":[[-89.71739972077008,21.277028577956255],[-89.71740632371959,21.277170103345263],[-89.71736496326079,21.277172558477666],[-89.71735078258486,21.27703645980938]]}},{"type":"Feature","id":"S01-69c7ed611c-39829","properties":{"record_id":"S01-69c7ed611c-39829","source_id":"S01","source_row":39829,"source_hash":"69c7ed611ced1723e08414ff41cd56e9df41f78ab19d9a00b6920381c47ea4d7","theme":"coast","status":"DERIVADO","origin":"OFICIAL","name":"Costa de referencia","date":"2023–2025","clipped":false,"simplification_m":1,"OBJECTID":0,"CODIGO":202,"TIPO":"Insular","SUBTIPO":"Construcción portuaria","CAL_POS":"APROXIMADA"},"geometry":{"type":"LineString","coordinates":[[-89.70361417549206,21.27997315468412],[-89.70377617971872,21.28081394991968],[-89.70381434200503,21.28086039925219],[-89.70384906246821,21.28096071265148],[-89.70382633342959,21.281024022368833],[-89.70371256149768,21.2810871494647],[-89.70362232832338,21.28106180746542],[-89.70358515312088,21.281004594025394],[-89.70361307283692,21.2808488217475],[-89.70356889056593,21.280579897564348],[-89.70345622266817,21.280071764177222],[-89.70340339881365,21.279896160281137]]}},{"type":"Feature","id":"S01-69c7ed611c-39830","properties":{"record_id":"S01-69c7ed611c-39830","source_id":"S01","source_row":39830,"source_hash":"69c7ed611ced1723e08414ff41cd56e9df41f78ab19d9a00b6920381c47ea4d7","theme":"coast","status":"DERIVADO","origin":"OFICIAL","name":"Costa de referencia","date":"2023–2025","clipped":false,"simplification_m":1,"OBJECTID":0,"CODIGO":203,"TIPO":"Insular","SUBTIPO":"Línea de cierre","CAL_POS":"APROXIMADA"},"geometry":{"type":"LineString","coordinates":[[-89.70340339881365,21.279896160281137],[-89.70229773170965,21.28070981577167]]}},{"type":"Feature","id":"S01-69c7ed611c-39831","properties":{"record_id":"S01-69c7ed611c-39831","source_id":"S01","source_row":39831,"source_hash":"69c7ed611ced1723e08414ff41cd56e9df41f78ab19d9a00b6920381c47ea4d7","theme":"coast","status":"DERIVADO","origin":"OFICIAL","name":"Costa de referencia","date":"2023–2025","clipped":false,"simplification_m":1,"OBJECTID":0,"CODIGO":202,"TIPO":"Insular","SUBTIPO":"Construcción portuaria","CAL_POS":"APROXIMADA"},"geometry":{"type":"LineString","coordinates":[[-89.70229773170965,21.28070981577167],[-89.70237819228848,21.281188095627396],[-89.70246012684562,21.28152820447083],[-89.70270745999767,21.282733722789636],[-89.70273803604115,21.282938603873358],[-89.7029226776343,21.283616639647935],[-89.7030861041444,21.284458755940697],[-89.70312520519086,21.284510925124],[-89.70312637927057,21.284602729403982],[-89.70309101810115,21.284671319566314],[-89.7030221020972,21.284708069361812],[-89.70296031466482,21.284710616654237],[-89.70290411679223,21.284679531472616],[-89.70285609566305,21.284611800858148],[-89.70284019361357,21.284516057751908],[-89.70287208072844,21.284434658355696],[-89.70272993281569,21.28383437509836],[-89.70267837486547,21.283555510577763],[-89.70264905798335,21.28335279283045],[-89.70265143968848,21.283263088378128],[-89.70267280535104,21.28320642218098],[-89.70261808999105,21.282895204287286],[-89.7025860299538,21.28279623232325]]}},{"type":"Feature","id":"S01-69c7ed611c-40101","properties":{"record_id":"S01-69c7ed611c-40101","source_id":"S01","source_row":40101,"source_hash":"69c7ed611ced1723e08414ff41cd56e9df41f78ab19d9a00b6920381c47ea4d7","theme":"coast","status":"DERIVADO","origin":"OFICIAL","name":"Costa de referencia","date":"2023–2025","clipped":false,"simplification_m":1,"OBJECTID":0,"CODIGO":204,"TIPO":"Insular","SUBTIPO":"Playa","CAL_POS":"APROXIMADA"},"geometry":{"type":"LineString","coordinates":[[-89.8146603226054,21.255085885592706],[-89.81466365637063,21.255105820870106]]}},{"type":"Feature","id":"S01-69c7ed611c-40102","properties":{"record_id":"S01-69c7ed611c-40102","source_id":"S01","source_row":40102,"source_hash":"69c7ed611ced1723e08414ff41cd56e9df41f78ab19d9a00b6920381c47ea4d7","theme":"coast","status":"DERIVADO","origin":"OFICIAL","name":"Costa de referencia","date":"2023–2025","clipped":false,"simplification_m":1,"OBJECTID":0,"CODIGO":204,"TIPO":"Insular","SUBTIPO":"Playa","CAL_POS":"APROXIMADA"},"geometry":{"type":"LineString","coordinates":[[-89.81547219181371,21.255055134390233],[-89.81547826045556,21.254942553865128],[-89.81536014204113,21.254927099759634],[-89.81517083937084,21.254945827113524],[-89.81509088932216,21.254967242151277],[-89.81506286117022,21.255172030084847],[-89.81502979654304,21.25516818547648],[-89.81504092119812,21.25505435295009],[-89.81485350737174,21.255043272629432],[-89.8146603226054,21.255085885592706]]}}]}