{"type":"FeatureCollection","features":[{"type":"Feature","id":"S50-04","properties":{"name":"Campeche","source_id":"S50","status":"DERIVADO","origin":"OFICIAL"},"geometry":{"type":"MultiPolygon","coordinates":[[[[-91.95649652,20.19699502],[-91.95546742,20.196527059999998],[-91.95546448,20.19611409],[-91.95627806,20.195958319999992],[-91.95774352,20.196741660000004],[-91.95649652,20.19699502]]],[[[-91.97847285,20.20404197],[-91.97765875,20.203466780000003],[-91.97649174,20.203141289999994],[-91.97664206,20.20265718],[-91.97698602,20.20246938],[-91.97761038,20.203290319999997],[-91.97896249,20.20403002],[-91.97847285,20.20404197]]],[[[-91.96311843,20.20171566],[-91.96381909,20.201973580000004],[-91.96410668,20.202405309999996],[-91.96346438,20.20319129],[-91.96271342,20.20502357],[-91.96231978,20.208619980000005],[-91.96100431,20.20752045],[-91.96136625,20.20687709],[-91.96147031,20.20543622],[-91.96100658,20.203477819999996],[-91.96145752,20.20215125],[-91.96311843,20.20171566]]],[[[-90.49715875,20.342300179999995],[-90.49808383,20.34245788],[-90.49883188,20.34306717],[-90.49900451,20.343552579999997],[-90.49869114,20.34418749],[-90.49719966,20.34442418],[-90.49630971,20.34371123],[-90.49616969,20.343075709999997],[-90.49715875,20.342300179999995]]],[[[-90.47039778000001,20.62146057],[-90.47114174,20.620868549999997],[-90.47233678,20.61831512],[-90.47351583,20.614228290000003],[-90.47471435,20.61201783],[-90.47474397,20.61074634],[-90.47473914,20.610282289999997],[-90.47310958,20.608138279999995],[-90.47269388,20.60525666],[-90.47120597,20.60436237],[-90.47085705,20.603780430000004],[-90.47058235,20.60002985],[-90.47090817,20.598392419999996],[-90.47286257,20.598818309999995],[-90.47435045,20.599712579999995],[-90.47511934,20.605637829999996],[-90.47730606,20.60983483],[-90.47833848,20.614304820000005],[-90.47800451000002,20.617213549999995],[-90.47826292,20.617332229999995],[-90.47825117,20.618260539999998],[-90.47595472,20.624113220000005],[-90.47509037,20.625493289999998],[-90.47457414,20.62737462],[-90.47387765,20.628410109999997],[-90.47284197,20.631870080000002],[-90.4714728,20.640377599999994],[-90.47051371,20.642969179999998],[-90.47023706,20.64523165],[-90.47105434,20.647564779999993],[-90.47078574,20.648535779999992],[-90.47104158,20.650470520000002],[-90.46965371,20.65306603],[-90.46947638,20.652502679999994],[-90.46737875,20.650726080000002],[-90.46666042,20.64966323],[-90.46479943,20.64588682999999],[-90.46476069,20.644212429999993],[-90.46513269000002,20.640798969999995],[-90.46838771000002,20.63223388],[-90.46917938,20.627969079999996],[-90.46898317,20.627648030000003],[-90.46980346,20.626147320000005],[-90.47015186,20.62461058],[-90.47039778000001,20.62146057]]],[[[-90.46124867,20.638329807],[-90.4618734,20.638584150000003],[-90.46239086,20.6393808],[-90.46258454,20.640503919999993],[-90.46208666,20.643422619999996],[-90.46298168,20.647546199999997],[-90.46427538,20.650543120000002],[-90.46668623000001,20.65246911],[-90.46806963,20.653173029999998],[-90.47040854,20.65610574],[-90.4694454,20.65842865999999],[-90.46601129,20.658367879999997],[-90.46336438,20.657048919999998],[-90.46158498,20.65551626],[-90.46129377,20.65239069],[-90.46070714,20.65030492],[-90.46123477,20.648393800000004],[-90.46044809,20.644145030000004],[-90.46137565,20.6414038],[-90.46148905000001,20.63922626],[-90.46124867,20.638329807]]],[[[-90.45246162,20.682339119999998],[-90.45308,20.67991222],[-90.45141778,20.676698859999995],[-90.45123928,20.67391597],[-90.45200522,20.67334406],[-90.45245703,20.673501400000003],[-90.45410045,20.67487875],[-90.45486858,20.676588979999995],[-90.45647606,20.676572310000005],[-90.45686248000001,20.67453085],[-90.45650149,20.67277868],[-90.45583097,20.672199620000004],[-90.45438238,20.673100569999995],[-90.45291894,20.672548859999996],[-90.45226635,20.67162662],[-90.45180032000002,20.670077149999997],[-90.4515548,20.664934089999996],[-90.45161663,20.664691399999995],[-90.45304825,20.66423452],[-90.45261826,20.66201889],[-90.45268458,20.660121579999995],[-90.45356991,20.65656229],[-90.45409894,20.655891629999996],[-90.45531,20.656929859999998],[-90.45640012,20.658715769999997],[-90.45749338,20.660804310000003],[-90.45767709,20.66199312],[-90.46191597,20.665207689999995],[-90.46570708,20.667367889999994],[-90.46572998,20.66958724999999],[-90.46677078,20.67280617],[-90.46680014,20.675650969999992],[-90.46666257,20.67686289],[-90.46563628,20.67921289],[-90.46305455,20.682505230000004],[-90.46338006,20.68288565],[-90.46380903,20.68290191],[-90.4637266,20.683225509999996],[-90.4625462,20.68519351],[-90.46046638,20.68727055],[-90.4590126,20.689765619999996],[-90.45845918,20.692252489999998],[-90.45860312,20.69374432],[-90.45544715000001,20.68915228999999],[-90.45408143,20.68559323],[-90.45252552,20.684396659999997],[-90.45246162,20.682339119999998]]],[[[-90.379357,20.84832729],[-90.38664878,20.555585799999996],[-90.34113811,20.55370112],[-90.33523611,20.576347709999997],[-90.33523611,20.54131231],[-90.23458338,20.545343179999996],[-90.23493611,20.544109030000005],[-90.22924097,20.543562889999997],[-90.23250803,20.519894049999994],[-90.223766654,20.51916496899999],[-90.23420799,20.470466619],[-90.1847879,20.461046138999997],[-90.18629757,20.436932319],[-90.17847951,20.437656019],[-90.16940061100001,20.440560229999996],[-90.16614059,20.441226218999997],[-90.16051482100002,20.441862769000004],[-90.147776911,20.44159935],[-90.13980467,20.440379550000003],[-90.13246053,20.439655168999998],[-90.13150396,20.442458918999996],[-90.13157125,20.443077579],[-90.131038211,20.442750289],[-90.12927337,20.44035242],[-90.11893345,20.436674909],[-90.10776562,20.43148911999999],[-90.105066881,20.428488349],[-90.10141842100002,20.426475418999996],[-90.10089154100001,20.425820618999996],[-90.100973512,20.425251770000003],[-90.067210652,20.425225888999996],[-90.06601856,20.433975478999997],[-90.05709876,20.432965879999998],[-90.05527217,20.444514378999994],[-90.05097245,20.452957019000003],[-90.05022702,20.452613539],[-90.04918965,20.454164258999995],[-90.050202241,20.45456537],[-90.05004768,20.456028568999994],[-90.04809072,20.459824259999994],[-90.04670377,20.46059862],[-90.04168845,20.466451489999997],[-90.03968994,20.46822083],[-90.03490437,20.46967218],[-90.03268175,20.47097471],[-90.0298902,20.471890620000003],[-90.02606785,20.473656689999995],[-90.02034149,20.47708306],[-90.00562472,20.4773672],[-90.00417368,20.487021879999997],[-89.83796388,20.287175879999992],[-89.87238231,20.28762809],[-89.87566069,20.253101950999998],[-89.840678169,20.251027510000004],[-89.846095659,20.213771201],[-89.84616490900001,20.209686980999997],[-89.802505279,20.201605080999993],[-89.80287086,20.164906602],[-89.79397478,20.136171942],[-89.787843819,20.14444797199999],[-89.77823448000001,20.150965322],[-89.77345318,20.153084140999997],[-89.75278666,20.176548741],[-89.74847417,20.179269721],[-89.59870389,19.99819738],[-89.604670079,19.938284969],[-89.59584174900002,19.937422049999995],[-89.59744588,19.921122340999997],[-89.58681034,19.92046003],[-89.58749975,19.87442005],[-89.57175751,19.852955289999997],[-89.57742986,19.853508859999998],[-89.54967868,19.816219229999998],[-89.53613009,19.797458030000005],[-89.52567237,19.77555465],[-89.51510852,19.774266279999996],[-89.50625582,19.773763229999997],[-89.47590946,19.771220200999995],[-89.47914943000002,19.740645549999993],[-89.49166182,19.742228449999995],[-89.47722008,19.711054949999998],[-89.46829548,19.700161289999997],[-89.44811299,19.698353511],[-89.41247852,19.64937629],[-89.14666685,19.42386165],[-89.14695143,19.13315666],[-89.13581978,19.132372659999998],[-89.14712175,18.995045579999996],[-89.14860155,18.877307059999996],[-89.14557306,18.808794619999997],[-89.14493838,18.79962695],[-89.14438185,18.755918739999995],[-89.15574225,18.75311475000001],[-89.15300211,18.740976829999994],[-89.15211512,18.73573074],[-89.15131363000002,18.72402126],[-89.15133263,18.70127085],[-89.14962074,18.549610889999997],[-89.15023782,18.4510594],[-89.12549018,18.450625419999994],[-89.12488705,18.44449363],[-89.1212292,18.385849629999992],[-89.13821406,18.385543890000005],[-89.13235954,18.29340265],[-89.15167366000001,18.29356263],[-89.15805868,18.22132698],[-89.14287263000001,18.224163830000002],[-89.14306597,18.1458196],[-89.20023665,18.144629340000005],[-89.20245778,18.08327622],[-89.14438286,18.082442940000004],[-89.14475354,18.057699080000003],[-89.16336069,18.057885119999998],[-89.16300383,18.018517309999996],[-89.20673894,18.02107995],[-89.20731086,18.007445369999996],[-89.20741428,17.9926486],[-89.20713695,17.973362259999995],[-89.20587205,17.95409972],[-89.19057385,17.95375838],[-89.15217009,17.95360998],[-89.15171385,17.81561425],[-89.32925392,17.815570649999994],[-89.49283986,17.81463582],[-89.68061423,17.81580786],[-89.773871,17.81604],[-89.84814595,17.815293199999996],[-89.92967931,17.81504669],[-90.1266982,17.816617890000003],[-90.28073971,17.815521540999995],[-90.36059578,17.812871169999998],[-90.43952257,17.814912460999995],[-90.586322799,17.816130140000006],[-90.875220987,17.815206889999995],[-90.987639504,17.81547345],[-90.987662547,17.87535655],[-90.995637364,17.875489460000004],[-90.995506415,17.902156649999995],[-90.987665998,17.901350679],[-90.987618686,17.950824341],[-90.987951717,17.96254505],[-91.120200304,17.963375259],[-91.118435917,17.96739655],[-91.113580647,17.975850480999995],[-91.130669145,17.982250198999996],[-91.133182257,17.958009721],[-91.151122965,17.96267345],[-91.149663735,17.96690328],[-91.144726737,17.975159860999998],[-91.170846013,17.978037289999996],[-91.172003276,17.977637851],[-91.172604856,17.978049198999997],[-91.173516475,17.977768000999998],[-91.174009476,17.97696123],[-91.175042545,17.97665223],[-91.175506736,17.975700230999998],[-91.176454286,17.974868781000005],[-91.178453334,17.974887571999997],[-91.17935191600002,17.975881259999994],[-91.180949225,17.976678718999995],[-91.18122297500001,17.976565402],[-91.18156050600001,17.974766939],[-91.182112166,17.974134539999998],[-91.185002317,17.972915511000004],[-91.185607845,17.97295017],[-91.186362975,17.973160079999996],[-91.187769946,17.97479606],[-91.188553345,17.975209110000005],[-91.188635917,17.976021289000002],[-91.189649167,17.975718621],[-91.190464306,17.975987061],[-91.191719617,17.977650599999997],[-91.192713576,17.978210448999995],[-91.193718107,17.977727172],[-91.194986734,17.978086719],[-91.195126146,17.976291290999992],[-91.197023486,17.977381199000003],[-91.198386485,17.977393860000003],[-91.198925046,17.976671621],[-91.199396426,17.974995218999997],[-91.200128346,17.97450932],[-91.200641485,17.97468798],[-91.201626967,17.976088120000004],[-91.202623904,17.976358198],[-91.202781167,17.975780080000003],[-91.203538415,17.97578709],[-91.204817946,17.974553091999997],[-91.206228646,17.976170889],[-91.208213596,17.975470661000003],[-91.209261905,17.975791749],[-91.210085675,17.975401],[-91.211108935,17.97605531],[-91.211691485,17.97584574],[-91.211702136,17.974788940999996],[-91.212343216,17.97434703],[-91.215289476,17.975556429],[-91.21647288600002,17.975173231],[-91.217032995,17.975339580000004],[-91.217459546,17.974986852000004],[-91.218421085,17.976195829000005],[-91.218692367,17.977147709999997],[-91.220372907,17.977610970999997],[-91.221061016,17.978083048999995],[-91.220916517,17.979425181],[-91.22195017600002,17.979040580999996],[-91.223440486,17.980601349999997],[-91.22375484700001,17.981325799],[-91.226232225,17.981579151000002],[-91.227258935,17.982377568999997],[-91.227794316,17.982347087999994],[-91.228465735,17.981769802],[-91.229556285,17.982166139000004],[-91.230848766,17.982124202],[-91.23157057600001,17.982972710000002],[-91.23189242700002,17.982617380999997],[-91.232710567,17.983198048999995],[-91.233480475,17.983118459999996],[-91.233944546,17.983388430999998],[-91.233745105,17.983910079],[-91.234049026,17.984177570000007],[-91.237401645,17.98527129],[-91.240013085,17.987003689999998],[-91.241507167,17.98871717],[-91.242064455,17.98889085],[-91.242541076,17.989680579999998],[-91.243462815,17.990308490000004],[-91.243781047,17.99112651099999],[-91.243266345,17.991462181000003],[-91.243747016,17.99292714],[-91.243524815,17.994939031],[-91.243957686,17.9953692],[-91.244805365,17.995550911],[-91.244874616,17.996417000999994],[-91.245665777,17.997070399],[-91.245558366,17.99748583],[-91.245867106,17.997865291],[-91.245649246,17.998162231000002],[-91.246033216,17.998822479000005],[-91.248321375,18.000694939999995],[-91.248650476,18.001702571],[-91.248012795,18.002613908999997],[-91.248371285,18.004534659999994],[-91.248982884,18.00497958],[-91.250140878,18.006793019],[-91.250873846,18.006604281999998],[-91.251291246,18.006886289999997],[-91.251869016,18.00792657],[-91.252821995,18.008522540000005],[-91.253223966,18.009278419000005],[-91.254043105,18.0092446],[-91.254793977,18.009881718999996],[-91.255587136,18.00963238],[-91.256022446,18.009929678999995],[-91.257806197,18.010134350000005],[-91.259732276,18.01099275],[-91.260348486,18.0118366],[-91.261398175,18.012045111000003],[-91.262009916,18.012862878999996],[-91.262416535,18.012730309000002],[-91.262747506,18.013613479000004],[-91.263859885,18.014136921],[-91.265537746,18.01551731],[-91.275885305,18.020815459],[-91.276664616,18.021796940000005],[-91.278419824,18.022057491],[-91.278556487,18.022656000999998],[-91.279082615,18.022629250999998],[-91.281419255,18.02400626],[-91.283381135,18.026203259],[-91.283603946,18.027215261],[-91.284093025,18.027628318999994],[-91.283826056,18.029313352],[-91.284476166,18.029842459999994],[-91.285437994,18.029804579999997],[-91.285752537,18.030867860000004],[-91.286790166,18.031515970999997],[-91.288545076,18.033548118999995],[-91.289948706,18.033891971],[-91.290985146,18.034659890000004],[-91.292482656,18.035252109],[-91.293702456,18.037537979999996],[-91.295433505,18.038852138999996],[-91.295545938,18.039929660000002],[-91.296069424,18.039954549999997],[-91.296147717,18.040801661],[-91.297052885,18.041171217999995],[-91.296743196,18.041940319],[-91.297898026,18.04226154],[-91.298573617,18.04297555],[-91.301973845,18.043974569999996],[-91.304818487,18.045616799000005],[-91.306539426,18.045938421],[-91.30776182700001,18.046927479],[-91.309346085,18.047200891],[-91.310202746,18.048043519999997],[-91.312303055,18.04802542],[-91.316168656,18.04912148],[-91.318400345,18.049380459999995],[-91.320738575,18.051272938999993],[-91.320693137,18.05220352],[-91.322897506,18.052933660000004],[-91.324150075,18.05408078],[-91.324415646,18.05473749],[-91.324144845,18.055367108999995],[-91.32357047600001,18.055339088999997],[-91.32375044700001,18.056628551],[-91.323274276,18.058401480999997],[-91.323413797,18.059101478999995],[-91.324626074,18.058972231999995],[-91.325119886,18.059586350000004],[-91.325946545,18.059718381000003],[-91.325805256,18.06025637],[-91.326317565,18.060783940000004],[-91.326676446,18.06242131999999],[-91.327024316,18.062665349999996],[-91.327675226,18.062899369999997],[-91.33009149,18.06288203],[-91.33070588,18.062498519999995],[-91.33210463,18.06314294],[-91.33211892,18.06359003],[-91.33281431,18.06374291],[-91.33306914,18.063327580000003],[-91.33408897,18.06311069],[-91.33785466,18.06402146],[-91.3398472,18.063487259999995],[-91.34117598,18.064297370000002],[-91.34174334,18.06392288],[-91.34310031,18.063954479999996],[-91.34378498,18.06362186],[-91.34451205,18.06402742],[-91.34516143,18.063813340000003],[-91.34570075,18.06419737],[-91.3471648,18.06395029],[-91.34947443,18.06482866],[-91.35079658,18.066357419999996],[-91.35297249,18.067220849999995],[-91.35404625,18.06852782],[-91.35513128,18.068616939999995],[-91.35712822,18.069452599999995],[-91.35803683,18.06934208],[-91.35942642,18.070372170000002],[-91.35999165000001,18.070217259999996],[-91.36035149,18.069701139999996],[-91.36183308,18.069813550000003],[-91.36248611,18.069200120000005],[-91.36309695,18.06932171],[-91.36335028,18.06902432],[-91.36420366,18.06933109],[-91.36454718,18.068315659999996],[-91.36515566,18.06800137],[-91.36595928,18.06691],[-91.36673131,18.066976399999994],[-91.36759477,18.06618506],[-91.36817814,18.06632975],[-91.36873254,18.06735272],[-91.36946134,18.06757852],[-91.37459268000002,18.067200059999998],[-91.37660843,18.06599903],[-91.37711632,18.065264519999992],[-91.37841565,18.064756310000003],[-91.37881775000001,18.06418063],[-91.38105854,18.064595949999998],[-91.38309068000001,18.063874199999997],[-91.38442535,18.064065049999993],[-91.38635523,18.065399019999997],[-91.38826015,18.06621948],[-91.38967786,18.06647091],[-91.39006531,18.067492449999996],[-91.3907896,18.06821731],[-91.39107194000002,18.06931785],[-91.39209294,18.06961118],[-91.39268695,18.070448079999995],[-91.39271586,18.07128989],[-91.39315677000002,18.07199085],[-91.39294700000002,18.075096919999996],[-91.39578958,18.07808485],[-91.39792995,18.079260689999998],[-91.39859151,18.08000502],[-91.401436831,18.08028797],[-91.40493069,18.079598060000002],[-91.40612506,18.07982982],[-91.40656425000002,18.07975106],[-91.40723588,18.07871854],[-91.40798078,18.079483479999997],[-91.40904154,18.07895213999999],[-91.41188137,18.07899554],[-91.4136498,18.07974886],[-91.41487345,18.080839080000004],[-91.41713257,18.08157672],[-91.42125685,18.08045243],[-91.42411694,18.080209079999996],[-91.42502458,18.08033711],[-91.42576815,18.081261629999997],[-91.42983605,18.081774000000003],[-91.43224791,18.081756490000004],[-91.43336623,18.082097819999998],[-91.43465566,18.083433349999996],[-91.43593043,18.083343849999995],[-91.43747186,18.08379558],[-91.43828032,18.08448105],[-91.43907997,18.086164779999997],[-91.43968063,18.086728710000003],[-91.43990754,18.08824074],[-91.44117909,18.090886739999995],[-91.44392634000002,18.09434331],[-91.44417977,18.09507574],[-91.44528046,18.095783489999995],[-91.4461564,18.09593032],[-91.44927897,18.09473743],[-91.45028794,18.09638286],[-91.45259352000001,18.09783905],[-91.45329386,18.098087279999998],[-91.45488583,18.097560940000005],[-91.45675935,18.098274820000004],[-91.45729328,18.099317370000005],[-91.4569316,18.10007329],[-91.45715682,18.100594230000002],[-91.4580568,18.10038178],[-91.45969077,18.10079978],[-91.46035006,18.10184338],[-91.46091149,18.1021274],[-91.46306412,18.101984850000004],[-91.46389746,18.10223109],[-91.46532192,18.10415929],[-91.46928668,18.10337523],[-91.47016182,18.1036218],[-91.47080251,18.104405599999996],[-91.47286088,18.10550017],[-91.4739874,18.107218110000005],[-91.47577415,18.108330459999998],[-91.47659097,18.1104934],[-91.47690912,18.11235294],[-91.47732303,18.11279546],[-91.47820115,18.112702549999998],[-91.47981377,18.113059249999996],[-91.48324803,18.112509489999997],[-91.48435302,18.112757799999997],[-91.48507566,18.11374189],[-91.48541511,18.115561630000002],[-91.48599328,18.116344889999993],[-91.48752342,18.116641449999996],[-91.48905418,18.116241570000003],[-91.48948417,18.11644474],[-91.48954743,18.11689695],[-91.48879257,18.11774725],[-91.48886791,18.118075030000007],[-91.49016038,18.11741786],[-91.49168478,18.117106319999998],[-91.49206,18.116405779999997],[-91.49444954,18.116763139999996],[-91.49504738,18.11535295],[-91.49520862,18.115923019999993],[-91.49647118,18.116380999999997],[-91.49682106,18.115456419999997],[-91.49814035,18.115237119999996],[-91.49868398,18.11565134],[-91.49914318,18.115620089999997],[-91.49910249,18.116223689999998],[-91.4993858,18.11655323],[-91.50112191,18.116369150000004],[-91.50104745,18.11694994],[-91.50059323,18.117306399999993],[-91.50140232,18.117687549999996],[-91.50200075,18.117596779999992],[-91.50255432,18.11688356999999],[-91.50371508,18.116837139999998],[-91.50403591,18.11645914],[-91.50423523,18.116776279999996],[-91.50385278,18.11753212],[-91.50428418,18.117836149999995],[-91.50423298,18.118438220000005],[-91.50221363,18.118144449999996],[-91.50177535,18.118363490000004],[-91.50359911,18.120366679999997],[-91.50197329,18.121993909999997],[-91.50194292,18.12234906],[-91.50315848,18.123095429999996],[-91.50482872,18.123399889999998],[-91.50469594,18.124235819999996],[-91.50266086,18.12625755],[-91.50301606,18.126615119999993],[-91.50466471000001,18.12667637],[-91.50530586,18.12722405],[-91.50578674,18.128232830000005],[-91.50573212,18.130002710000003],[-91.51653218,18.13048525],[-91.51521285,18.154952479999995],[-91.50233429,18.15434889],[-91.50186354,18.15556872],[-91.50240788,18.1578056],[-91.50408088,18.15971443],[-91.50485305,18.16122992],[-91.50466912,18.16279217],[-91.50334549,18.16430705999999],[-91.50324386,18.16507873999999],[-91.50507169,18.166151520000003],[-91.5058476,18.167183149999996],[-91.50679529,18.170244339999996],[-91.50933734,18.17105475],[-91.51006775,18.170780909999994],[-91.50963368,18.169510230000004],[-91.51126937,18.170015280000005],[-91.51280118,18.1688876],[-91.51376632,18.16924118],[-91.51313815,18.169945969999997],[-91.51336508,18.17026617],[-91.51479085,18.16985508999999],[-91.51583257,18.16987602],[-91.51606342,18.16871057],[-91.51665163,18.168163179999997],[-91.51650551,18.167270800000004],[-91.51775151000001,18.166485149999996],[-91.51709022,18.16596511],[-91.51727094,18.16520918],[-91.51829937,18.16450952],[-91.5199204,18.16399186],[-91.520465,18.16340485],[-91.52040698,18.16306081999999],[-91.51968491,18.16295771],[-91.52038242,18.162519350000004],[-91.51984109,18.162113140000002],[-91.52012055,18.16051395],[-91.52115671,18.160214780000004],[-91.52187057000002,18.159632179999996],[-91.52212282,18.1597678],[-91.52218640000001,18.160897339999998],[-91.52287382,18.160995149999998],[-91.52416105,18.159802939999995],[-91.52452277,18.159897109999996],[-91.53450514,18.146174369999997],[-91.55276106,18.158176230000002],[-91.55457358,18.15781591],[-91.55565425,18.156572],[-91.55845471,18.15783077],[-91.55899145,18.15789463],[-91.56015752,18.157437980000005],[-91.56154075,18.157576349999996],[-91.56280611,18.158482079999995],[-91.56462458,18.15879551],[-91.56513971,18.15860731],[-91.56561452,18.157885279999995],[-91.56608405,18.157803450000003],[-91.56705535,18.15917637],[-91.57000112,18.157169080000003],[-91.57168072,18.15716125],[-91.57274874,18.15670718],[-91.57377618,18.157582259999998],[-91.57511917,18.15718677],[-91.57537877000001,18.158212949999996],[-91.57662931,18.158200909999998],[-91.57802989,18.15895809],[-91.57876705,18.15892088],[-91.57996602,18.158179799999996],[-91.58053951,18.15628488],[-91.58125385,18.155661349999995],[-91.5806634,18.15477072],[-91.58118385,18.153920971],[-91.58104838,18.15332977],[-91.58179334,18.15271163],[-91.58272926,18.152461399999996],[-91.57219912,18.14201514],[-91.57983302,18.134530459999997],[-91.58123798,18.135247229999997],[-91.58739809,18.12918263],[-91.59199968,18.130501709999997],[-91.59152823,18.12934411],[-91.5917834,18.128854969999992],[-91.59227969,18.128347880000003],[-91.59342748,18.12816778],[-91.59365429,18.12642695],[-91.59495057,18.12575371],[-91.59534694000001,18.12517508],[-91.5949914,18.123825770000003],[-91.59508815,18.1225528],[-91.59277988000001,18.12027878],[-91.59161146,18.119931400000002],[-91.59149832,18.119639019999997],[-91.59206791,18.11854786],[-91.59196828,18.117462429999996],[-91.59141811,18.11612669],[-91.58990742,18.115013520000005],[-91.5899424,18.113942089999995],[-91.59074843,18.112157659999998],[-91.58936828,18.111479339999995],[-91.58929143,18.111188779999996],[-91.58945954,18.108423280000004],[-91.58975315000002,18.10800937],[-91.59137189,18.106899079999998],[-91.59244249,18.106679949999997],[-91.59446277,18.107307509999995],[-91.59597145,18.108415419999996],[-91.59773777,18.108655219999996],[-91.59884471,18.107834379999996],[-91.59954429,18.10805042],[-91.60061397,18.10778875],[-91.60131854,18.106983830000004],[-91.60176823,18.10687592],[-91.60322418,18.107744150000002],[-91.60381403,18.10673192],[-91.6037712,18.105842149999997],[-91.60412555,18.105177629999993],[-91.60497605,18.10483435],[-91.6052794,18.104312419999996],[-91.60519411,18.102858149999996],[-91.60599772000002,18.10213334],[-91.60749329,18.10145342],[-91.60950468,18.0984384],[-91.60965872,18.095949429999997],[-91.61066597,18.095440999999997],[-91.61095506,18.09498011],[-91.61028691,18.093892709999995],[-91.60916434000002,18.0938564],[-91.6091688,18.093291429999997],[-91.610001,18.09267591],[-91.61030337,18.091802369999993],[-91.60980463,18.0913468],[-91.60947808,18.09154214],[-91.60935518000001,18.092134519999995],[-91.60902886,18.092301660000004],[-91.60885332,18.09207442],[-91.60964429,18.08919866],[-91.60911714,18.088601599999997],[-91.60732012,18.087910629999996],[-91.60645135,18.085672649999996],[-91.60616929000001,18.083975659999997],[-91.60611897,18.082769430000003],[-91.60660423,18.081190949999996],[-91.60762015,18.079625569999997],[-91.60683557000002,18.078085179999995],[-91.60708083,18.07695697],[-91.60824689000002,18.07521386],[-91.60834182,18.074674339999998],[-91.60757854,18.07450528],[-91.60897322,18.070487380000003],[-91.61008388,18.07050083],[-91.61413089,18.06841209],[-91.61496882,18.067698880000002],[-91.61655863,18.065434339999992],[-91.61756298,18.06260817],[-91.61859892,18.061936999999997],[-91.61929491,18.060803690000004],[-91.61919577,18.05896831],[-91.6185598,18.05828517],[-91.61874905,18.05629734],[-91.61761034,18.05524203],[-91.61604771000002,18.055115169999997],[-91.61593263,18.054707019999995],[-91.61470583,18.05392115],[-91.61493946,18.05284609],[-91.61476925,18.05230083],[-91.61357522,18.05140888],[-91.61350214,18.04995832],[-91.61399817,18.048946689999998],[-91.612544,18.04809071],[-91.61243514,18.04676151],[-91.61296349,18.046553149999998],[-91.6129822,18.046101519999997],[-91.61226902,18.04502098],[-91.61364805,18.04374355],[-91.61427702,18.03885277],[-91.61503558,18.037540649999997],[-91.6152756,18.035932569999996],[-91.61516785,18.035170380000004],[-91.61426686,18.034032689999997],[-91.61401554,18.03259511],[-91.61499005,18.03115295],[-91.61451977,18.028685370000005],[-91.61525728,18.028109539999992],[-91.61752266,18.02422452],[-91.61718748,18.023600019999996],[-91.61621671,18.023023019999997],[-91.61636614,18.02123625],[-91.61808118,18.019243539999998],[-91.61845991,18.01815489],[-91.61926586,18.017511059999993],[-91.61894748,18.016750349999995],[-91.61955932,18.00992569],[-91.61932185,18.00817469],[-91.61973585,18.00759405],[-91.61890866,18.0072156],[-91.61708188,18.00429325],[-91.61817526,18.003426089999998],[-91.61824802,18.003002979999998],[-91.61698803,17.99990329],[-91.61727365,17.99701018],[-91.61659648,17.994863519999996],[-91.61652238,17.99210106],[-91.61582114,17.98908406],[-91.61653486,17.98469555],[-91.61934388,17.97880252],[-91.61896048,17.977720119999997],[-91.61998965,17.976440290000003],[-91.61946278,17.973119649999997],[-91.61918203,17.972854220000002],[-91.62075937,17.967237890000003],[-91.62151255000002,17.96158732],[-91.61977338,17.957574109999996],[-91.62073465,17.956832369999997],[-91.62089858,17.955765139999997],[-91.62047629,17.953578600000004],[-91.62078028,17.952811779999998],[-91.62474038,17.94907185],[-91.6220468,17.94257475],[-91.62026886,17.92223006],[-91.61962488,17.919189619999997],[-91.6127136,17.91291903],[-91.61751083,17.910820849999997],[-91.61936322,17.90921231],[-91.62773738,17.90745282],[-91.63308922,17.905016029999995],[-91.63154238,17.89814945],[-91.62910142,17.89712789],[-91.63431822,17.88509638],[-91.63274894,17.88419637],[-91.63880594000001,17.87395378],[-91.67472991,17.896385379999998],[-91.69775303,17.909614229999995],[-91.71282723,17.91892722],[-91.71240406,17.92164286],[-91.72510106,17.924494619999997],[-91.72508715,17.92667122],[-91.73702811,17.934216969999998],[-91.73869385,17.93618252],[-91.73953705,17.93521395],[-91.74511458,17.940805109999992],[-91.76048731,17.95762568],[-91.76138937,17.946001369999998],[-91.75710069,17.939733649999997],[-91.76226654,17.93901428],[-91.76800603,17.94854758],[-91.77118528,17.944366919999997],[-91.80464422,17.97255051],[-91.85555615000001,17.98106074],[-91.86720786,17.98326635],[-91.88811014,18.00633758],[-91.90035477,18.012147000000002],[-91.90972268,18.013786310000004],[-91.93535563,18.01020245],[-91.94012158,18.01256397],[-91.96674771,18.015988449999995],[-91.96961308000002,18.025229150000005],[-91.97295932,18.030185509999995],[-91.97459409,18.03335623],[-91.97540174,18.036941109999994],[-91.97877858000001,18.042829719999997],[-91.97967972,18.043445939999998],[-91.98064538,18.04368966],[-91.98168274,18.043600979999997],[-91.98280125,18.04310446],[-91.98546277,18.04036774],[-91.98736248,18.03888085],[-91.99079872,18.03873905],[-91.9921546,18.03925691],[-91.99379009,18.040666709999996],[-91.99960771,18.044259369999995],[-92.00734438,18.0499818],[-92.01181755,18.050944999999995],[-92.01302046,18.05148325],[-92.01442874,18.052613320000003],[-92.01693371,18.058089479999996],[-92.01874435,18.060675430000003],[-92.02286517,18.064705550000003],[-92.02446683,18.06776268],[-92.02580618,18.07371862],[-92.02663094,18.0758638],[-92.02824217,18.077172050000005],[-92.02998717,18.077980279999995],[-92.03215205,18.07823672],[-92.03484171,18.078148749999997],[-92.03797632,18.07736385],[-92.04002806,18.07756351],[-92.04209543,18.078318819999996],[-92.04258435000001,18.07892905],[-92.04272260000002,18.07991006],[-92.04246914,18.08126165],[-92.03729854,18.085200689999997],[-92.03598625,18.087363340000007],[-92.03590122,18.091140749999997],[-92.0370174,18.09495485],[-92.03875385,18.097081749999997],[-92.03993882,18.09795034],[-92.04166112,18.098076550000002],[-92.0439854,18.09689209],[-92.04578565,18.095278519999997],[-92.04915434,18.09432346],[-92.05260145,18.09408522],[-92.05503514,18.094738660000004],[-92.05814806,18.098023570000002],[-92.05922834,18.098494579999993],[-92.06217168,18.098163939999996],[-92.06802258000002,18.092113290000004],[-92.06941355,18.092089429999994],[-92.07296486,18.094008200000005],[-92.07481723,18.09444257],[-92.07679635,18.094286600000004],[-92.07776966,18.09258932],[-92.07883252,18.087937799999995],[-92.07954366,18.086941179999997],[-92.08044151000001,18.08605632],[-92.08155829,18.08568969],[-92.0829738,18.08568831],[-92.08414163,18.08586148],[-92.08552306,18.086736549999998],[-92.09062677,18.09113431999999],[-92.092231,18.092049969999994],[-92.10828146,18.093806820000005],[-92.11010835,18.094406199999998],[-92.11200626,18.095644090000004],[-92.11638145000002,18.100959059999997],[-92.11825568000002,18.102007719999992],[-92.11988712,18.10215698],[-92.121661977,18.101754631],[-92.12742457,18.10865786],[-92.12833569,18.12014986],[-92.13130386,18.12228355],[-92.14904346,18.13673037],[-92.14878205,18.149296379999996],[-92.160903,18.155424169999996],[-92.16056212,18.18866857],[-92.16172432,18.19374866],[-92.16442397,18.19786562],[-92.14893752,18.210406079999995],[-92.17925708,18.268665800000004],[-92.18010529,18.269973350000004],[-92.18181705,18.27101358],[-92.18119492,18.271161660000004],[-92.18324385,18.274063229999996],[-92.17295137,18.27533769],[-92.17495654,18.287043110000003],[-92.17530683,18.28753171],[-92.17425197,18.290101540000002],[-92.17442585,18.29330331],[-92.17519755,18.29404342999999],[-92.17722786,18.28874486],[-92.1791902,18.28848808],[-92.17955415,18.289633429999995],[-92.18042882,18.28982357],[-92.17135755,18.338954310000002],[-92.18194872,18.375902429999993],[-92.17736022,18.37588269],[-92.17647378,18.41578935],[-92.17614774000002,18.458233219999997],[-92.2045172,18.45685703],[-92.22340762,18.457858219999995],[-92.24106283,18.45808472],[-92.2762464,18.457823860000005],[-92.30819191,18.45716574],[-92.30819409000001,18.45662234],[-92.31028748,18.455579369999995],[-92.31055569,18.46052863],[-92.32155228,18.46752768],[-92.32149249,18.470687979999997],[-92.32252894,18.47308089],[-92.33157509,18.46029967999999],[-92.33733506,18.45782412],[-92.33894678,18.456469349999995],[-92.34160214,18.45353349],[-92.34464591,18.44944885],[-92.34800645,18.443783369999995],[-92.34871365,18.443093679999993],[-92.35019895,18.44246302],[-92.35163762,18.442155550000003],[-92.35380195,18.4422944],[-92.35547711,18.442852679999998],[-92.35831794,18.444350029999995],[-92.36013722,18.445863649999993],[-92.36070888,18.44682112],[-92.36111428,18.44866551],[-92.36098229,18.451115569999995],[-92.35965783,18.45694632],[-92.36030492,18.45898857],[-92.36222148,18.46178391],[-92.36549357,18.464622680000005],[-92.37541605,18.46938891],[-92.37791615,18.47160082],[-92.38241048,18.476317279999996],[-92.38481723,18.47814411],[-92.38824825,18.47930965],[-92.39798035,18.47892],[-92.40197091,18.4795342],[-92.40331078000001,18.47996454],[-92.41032938,18.48350048],[-92.41291758,18.485611420000005],[-92.41405172,18.487291749999997],[-92.41533283,18.49090706],[-92.41846311,18.496005119999996],[-92.42227075,18.506019979999998],[-92.42526594,18.51130518],[-92.42643103,18.51497357],[-92.42641195,18.52001891999999],[-92.42560134,18.524662949999996],[-92.42346975,18.53223582],[-92.42347862,18.54511657],[-92.42389045,18.549298110000002],[-92.42503543,18.553336769999994],[-92.42622965,18.55704145],[-92.42840862,18.56208232],[-92.43045505,18.565749779999994],[-92.43257148,18.56902517],[-92.43667118,18.57439862],[-92.43755429,18.577147220000004],[-92.44020742,18.581724119999997],[-92.44658952,18.58984735],[-92.44922115,18.594224829999995],[-92.45215292,18.600062660000003],[-92.45194425,18.60351522],[-92.45319182,18.60534305],[-92.45587614,18.60816766],[-92.4585062,18.61036431],[-92.46272554,18.61317018],[-92.46574505,18.61656342],[-92.46710306,18.621274080000003],[-92.467089,18.62578474],[-92.46507275,18.634587850000003],[-92.46582126,18.636681890000002],[-92.46879002,18.650964949999995],[-92.46713057,18.65123605],[-92.4666818,18.651553939999996],[-92.464206341,18.651577777999993],[-92.459130096,18.652354986999992],[-92.443653582,18.655411995000005],[-92.433327188,18.657801424999995],[-92.427585244,18.658718231],[-92.420145643,18.660425736],[-92.392730617,18.665606060999995],[-92.375253475,18.668274025999995],[-92.36377257,18.669642216],[-92.334664038,18.671781951999996],[-92.297567964,18.673314435],[-92.28535419100001,18.674142492000005],[-92.277422681,18.675476363],[-92.275349575,18.675465277000004],[-92.274392473,18.676030668999996],[-92.271064959,18.676669310999998],[-92.269380301,18.676379017],[-92.26629176,18.676426606],[-92.247062435,18.678991432],[-92.23087656500002,18.679654038000002],[-92.182449072,18.684935558999996],[-92.168647285,18.685933341],[-92.167995092,18.686108076],[-92.167463092,18.686755653999995],[-92.167288107,18.686509299000008],[-92.167632609,18.686113987],[-92.166633432,18.685719241],[-92.164865072,18.686401698999997],[-92.164717807,18.686640952],[-92.16511289700001,18.686838352],[-92.165083153,18.687177424999998],[-92.163732809,18.686291076000003],[-92.151080025,18.688074184000005],[-92.146945055,18.688964793],[-92.13090219600001,18.688906995999996],[-92.126238452,18.689573244999995],[-92.118267258,18.689953959],[-92.103300448,18.692190652],[-92.088761942,18.693594533999995],[-92.081004899,18.692428597999996],[-92.072938526,18.692856901],[-92.070745232,18.693342302000005],[-92.064360546,18.693123957],[-92.052218716,18.695544608],[-92.043760903,18.696817620000004],[-92.036961864,18.697241957000003],[-92.034107232,18.698119564],[-92.032371307,18.6980617],[-92.029343082,18.697270889000002],[-92.027144244,18.697810955000005],[-92.020943134,18.69787846299999],[-92.013227912,18.698621052999997],[-92.005204081,18.698987526],[-91.99727669,18.698900730000002],[-91.990197974,18.699334711],[-91.97596339,18.699363642999998],[-91.9711028,18.698794646000003],[-91.95964569500002,18.696161825999997],[-91.95659245,18.695825205999995],[-91.953740293,18.694926902],[-91.95094518,18.692907389],[-91.947478469,18.688123420000004],[-91.939523923,18.678481333999994],[-91.929546685,18.670209748],[-91.926994321,18.666800647],[-91.926846293,18.666133479000003],[-91.926026615,18.665262362],[-91.924771838,18.662933245999998],[-91.92323725300001,18.661140425999996],[-91.92208797300002,18.659138109999997],[-91.921595425,18.65663253699999],[-91.919429341,18.652569005999997],[-91.918019095,18.647641744],[-91.916388751,18.644262406999996],[-91.914917467,18.641991713999996],[-91.910745083,18.638008496],[-91.90087626800002,18.630159844],[-91.893232982,18.625179501],[-91.878534868,18.617742176999997],[-91.871175116,18.615717240999995],[-91.858900308,18.613511179000003],[-91.856686166,18.612631582],[-91.825873914,18.630197689999992],[-91.827155882,18.630369231],[-91.827413956,18.630164695999998],[-91.828460949,18.630476424000005],[-91.82874853,18.629726685000005],[-91.828557446,18.630476424],[-91.829780309,18.630656153999993],[-91.830251152,18.630449623000004],[-91.830044899,18.630976255],[-91.83058556,18.630659313],[-91.831141083,18.631324124],[-91.831398008,18.631394142],[-91.831180018,18.631034715999995],[-91.832031029,18.631618500999995],[-91.831435748,18.631438131999992],[-91.831861669,18.631904796000004],[-91.832342052,18.631960110999998],[-91.833315798,18.633262206999998],[-91.833530419,18.633058833999996],[-91.833788303,18.633866025999996],[-91.835414657,18.635046084],[-91.836084302,18.636071595],[-91.836358194,18.635806592],[-91.8361941,18.636047949],[-91.837442752,18.637627842],[-91.838113007,18.637352178],[-91.838105877,18.637669733],[-91.837487909,18.63770171299999],[-91.838216156,18.638226021],[-91.838545105,18.639658373],[-91.83908131,18.640251133000003],[-91.83960420700001,18.64053399799999],[-91.839790545,18.640359237],[-91.839722096,18.640651108999997],[-91.84015345000002,18.640843293],[-91.840203159,18.641204227000003],[-91.840629072,18.640989833],[-91.840300132,18.641281698999997],[-91.840990356,18.641602411000004],[-91.841524653,18.641126764],[-91.840994157,18.641717707],[-91.841218525,18.642117680999995],[-91.841703393,18.641535736],[-91.84132881,18.642202358],[-91.84249249,18.642636561],[-91.843268277,18.641627621999998],[-91.843047711,18.641346560000002],[-91.843665673,18.641768161999995],[-91.84329679900002,18.641651043999996],[-91.842568548,18.642629354],[-91.843180811,18.642883389999998],[-91.8435592,18.642335685999996],[-91.843890047,18.642081646000005],[-91.843018902,18.643190063],[-91.843519223,18.642930994],[-91.843254991,18.643368083999995],[-91.844007937,18.642705024999998],[-91.843928082,18.643286959],[-91.844342679,18.642992430999996],[-91.84468222,18.643330378],[-91.844255123,18.643184268000002],[-91.843884342,18.643485146000003],[-91.844614495,18.6445229],[-91.843708364,18.645094203999992],[-91.843922372,18.646335351],[-91.843627651,18.646663251999993],[-91.844002468,18.64706974],[-91.845253853,18.646140775000003],[-91.846284195,18.644330123000003],[-91.847515072,18.645036391],[-91.847039609,18.645743790999997],[-91.847396529,18.645963891],[-91.847027036,18.64649842],[-91.84801158,18.647246163999995],[-91.850198233,18.646053486000003],[-91.854044841,18.647280396000003],[-91.85393836,18.647529019],[-91.850200708,18.646274864999995],[-91.848283485,18.647181306999997],[-91.848162004,18.647368357000005],[-91.849468879,18.648220395000003],[-91.850413968,18.647875004],[-91.852709642,18.651149114],[-91.851579474,18.652571232],[-91.852868011,18.653510587999993],[-91.854894229,18.651005281999996],[-91.8551022,18.651162919],[-91.852284764,18.654692594000004],[-91.851443257,18.654135633000003],[-91.845137652,18.660783082],[-91.841340543,18.664257653],[-91.838991857,18.664967694999998],[-91.83705735500001,18.665206831000003],[-91.818888794,18.665368752999996],[-91.799626957,18.666510533999997],[-91.793697642,18.667106157999996],[-91.791777717,18.668150693999998],[-91.784437561,18.669057305999992],[-91.762151601,18.673928865],[-91.75423481000001,18.676308445],[-91.74356092,18.679067718],[-91.741370726,18.680360702],[-91.736611662,18.681756382999996],[-91.719646634,18.688305192],[-91.700859848,18.698576870999997],[-91.699307179,18.700898461999998],[-91.699715988,18.700898461999998],[-91.699544858,18.702213225],[-91.698993442,18.703176777999996],[-91.69921220500001,18.705376903],[-91.696927916,18.706785537],[-91.69057952,18.709322040999997],[-91.687071427,18.710173625000003],[-91.685417175,18.711551348999993],[-91.670720533,18.71486143],[-91.66623763400001,18.716460427],[-91.662471575,18.716994598],[-91.661778525,18.717588290999995],[-91.661734768,18.718025599],[-91.660424424,18.718143542000004],[-91.658387807,18.718841081999997],[-91.657110023,18.720248532],[-91.655461765,18.721492658000003],[-91.651247024,18.723627363],[-91.649790796,18.726040142],[-91.649372015,18.727348844],[-91.64784916,18.72766293],[-91.645821861,18.728557606999995],[-91.64529838,18.729247652000005],[-91.642347848,18.730751475],[-91.641524552,18.731627112],[-91.639306893,18.732935814],[-91.631126309,18.736176642],[-91.628670702,18.73773281],[-91.619024367,18.741054537],[-91.605454585,18.746805546],[-91.5902662,18.752661549],[-91.580347421,18.756055855],[-91.573589752,18.75937757899999],[-91.557809167,18.765545149],[-91.557066777,18.766297057999992],[-91.556048363,18.766487408999993],[-91.549395394,18.769342760999997],[-91.54819613800001,18.770389726],[-91.546066524,18.771541382999995],[-91.544597207,18.773159418000002],[-91.53917203900001,18.777127175],[-91.534359825,18.779765005999995],[-91.533634902,18.779978779999997],[-91.532707951,18.779753754999998],[-91.5308442,18.780265],[-91.530657963,18.780096918999998],[-91.530573172,18.778203371],[-91.530201972,18.777521656999998],[-91.529545242,18.777086212999997],[-91.529929055,18.777182583],[-91.530343522,18.77528944],[-91.529873584,18.774174059999996],[-91.529897373,18.773356121000003],[-91.528477252,18.771174404],[-91.528893191,18.770082966999993],[-91.52847131,18.768985897999997],[-91.527134361,18.767877568000003],[-91.525226982,18.767067414],[-91.524650608,18.766465421999992],[-91.522398593,18.765615878000002],[-91.498261676,18.781637988999996],[-91.499005959,18.783453013],[-91.499758154,18.783754137],[-91.500710618,18.78585745],[-91.499234978,18.789168062999998],[-91.497471395,18.791964961000005],[-91.485612862,18.800927696999995],[-91.478060451,18.807345102000003],[-91.468386336,18.816289267999995],[-91.463008082,18.82073810299999],[-91.449954129,18.830490399000002],[-91.448611465,18.831966597],[-91.448203114,18.832967859],[-91.448351831,18.833443752],[-91.447853322,18.834357614],[-91.443777317,18.837970675999998],[-91.441282107,18.841265376],[-91.437577566,18.845062533999997],[-91.434663366,18.848484777],[-91.434242203,18.849384262999997],[-91.426388613,18.858075624],[-91.4264691,18.858501636999996],[-91.421157143,18.864972551999998],[-91.415069746,18.871128218999996],[-91.402772002,18.884598075],[-91.396490225,18.890070835999996],[-91.386407259,18.896691686],[-91.360280777,18.912039209999993],[-91.329448911,18.928760872],[-91.31038348,18.937487545],[-91.298093564,18.943573015999995],[-91.28901592,18.947558613999995],[-91.277796762,18.951749438999997],[-91.269765389,18.955099228000005],[-91.24905692,18.962718772999995],[-91.236411986,18.968087414],[-91.227283779,18.972194958],[-91.205007027,18.983021477999998],[-91.201421011,18.985062511000002],[-91.20039604,18.985932009999996],[-91.191293096,18.990317772999997],[-91.18574556,18.993359451999996],[-91.18483396,18.994494749],[-91.185592352,18.995757966],[-91.184224644,18.993978507999998],[-91.185490419,18.996571377],[-91.183928171,18.996938016999998],[-91.179253427,18.998892664000003],[-91.167862914,19.004617915999997],[-91.163270308,19.006594878999994],[-91.15634792,19.010899502],[-91.148181174,19.015094678],[-91.14422244800001,19.017692612999994],[-91.133076487,19.023107930999995],[-91.118158508,19.031969947999997],[-91.11195404500002,19.036411259999994],[-91.110891285,19.03753586199999],[-91.110480756,19.039825025999992],[-91.111277037,19.043037295999998],[-91.111201524,19.044215292],[-91.107773255,19.046843128],[-91.099215873,19.051783486000005],[-91.092291356,19.056784916],[-91.088201063,19.060232754999998],[-91.08640219,19.062559867999997],[-91.08327558,19.065165376999996],[-91.08053444,19.067927931999993],[-91.069004763,19.075475441999995],[-91.062577228,19.079144381000003],[-91.057845727,19.082223549999995],[-91.039703641,19.092197594],[-91.034573396,19.096237679],[-91.025713077,19.100648406],[-91.021184962,19.103727428999996],[-90.993317576,19.119290501999995],[-90.99007351,19.121616215999996],[-90.987165808,19.124164618999995],[-90.979604565,19.129420366999998],[-90.967059363,19.136637754],[-90.964211148,19.138845894000003],[-90.962352789,19.140735186],[-90.93745173,19.15654908399999],[-90.91953364700001,19.169060903],[-90.913796908,19.173417374],[-90.908012928,19.177188463000004],[-90.89920256,19.183728285000004],[-90.897976989,19.185659597],[-90.897874816,19.186541997999996],[-90.898124664,19.187020272999998],[-90.897447819,19.187803133999992],[-90.883557603,19.199057962999994],[-90.855391137,19.223419804999995],[-90.854661351,19.224700193],[-90.855656964,19.224997878],[-90.855652205,19.225321484999995],[-90.853682107,19.224725870999997],[-90.85413042900001,19.225423951999996],[-90.855280962,19.225812352],[-90.855310711,19.226072910999996],[-90.85399780000002,19.225499542999998],[-90.852474358,19.226471196999995],[-90.844397704,19.233414133999993],[-90.842270471,19.235712695999997],[-90.837951747,19.239363979999997],[-90.83407861100001,19.24311448],[-90.82601967400001,19.24985836800001],[-90.81882326400002,19.254916435999995],[-90.796170795,19.271929576],[-90.78289331600001,19.283402301999995],[-90.77234783,19.293083782999993],[-90.768254045,19.297209588999994],[-90.768296236,19.297743297999997],[-90.76786621,19.297735546999995],[-90.767031832,19.298433951000003],[-90.762578945,19.303001237],[-90.762979657,19.303517724],[-90.762480505,19.303208514999998],[-90.762247018,19.303351199],[-90.762075741,19.303617532999994],[-90.762392332,19.303930123999997],[-90.761938587,19.303712784],[-90.758314142,19.307702079],[-90.74891818400002,19.319256618],[-90.747761421,19.32103537],[-90.748341193,19.321494066],[-90.748695502,19.321061163],[-90.74839852500001,19.321593049000004],[-90.747677757,19.32117488],[-90.747424447,19.321394298999998],[-90.743582242,19.326273651],[-90.740499647,19.329583865999997],[-90.736492981,19.336033977],[-90.734416616,19.339988318999996],[-90.734134201,19.340630391000005],[-90.734319689,19.340716378],[-90.733716887,19.341246006],[-90.73264257500001,19.343332562],[-90.73042367200001,19.348599032999996],[-90.728063512,19.3530796],[-90.728403394,19.353208542999997],[-90.72860185700002,19.353330758999995],[-90.728570958,19.353391305999995],[-90.728037367,19.353143511],[-90.727317079,19.354346335],[-90.727607831,19.354525517],[-90.727319058,19.354940562999992],[-90.727576589,19.354535684],[-90.727297834,19.354359071999998],[-90.726946349,19.354903457],[-90.727311627,19.355017909000004],[-90.726937961,19.354925026999993],[-90.726503145,19.355520537],[-90.72613174,19.356311657999992],[-90.726375402,19.356421478],[-90.726119773,19.356337270000004],[-90.725895697,19.356758996],[-90.726116509,19.35688540199999],[-90.726307996,19.356623214],[-90.726417197,19.356543618999996],[-90.72611857,19.356921621000005],[-90.725772279,19.356861523],[-90.725242491,19.357637463],[-90.725297633,19.358010603000004],[-90.724561296,19.358346572999995],[-90.723257351,19.358239972999996],[-90.722662766,19.358913790000003],[-90.72203584000002,19.365303310000005],[-90.722359103,19.365735507],[-90.722550406,19.369484586999995],[-90.72382405,19.376417600000003],[-90.724446976,19.376604834999995],[-90.725149731,19.378324917],[-90.725828944,19.38595443],[-90.725046219,19.401906567999998],[-90.723200179,19.407935346000002],[-90.71532731,19.423068298999997],[-90.71298619700002,19.429694463],[-90.712032938,19.433466783999997],[-90.711794992,19.436207918999997],[-90.710404261,19.439505064],[-90.709634438,19.444502725],[-90.710294822,19.446601235],[-90.708730245,19.451869534],[-90.708216282,19.454996141999995],[-90.706852057,19.458238157999993],[-90.706543532,19.45976316],[-90.706877665,19.460059198999993],[-90.706568518,19.46008795099999],[-90.706390437,19.460451059],[-90.7066772,19.460712425],[-90.706375783,19.460576931],[-90.706437346,19.461062679999998],[-90.705957381,19.461388563999996],[-90.706070051,19.461663079999997],[-90.70653954,19.461674502],[-90.707132026,19.463133588],[-90.707179709,19.466238380999997],[-90.707710235,19.468001965],[-90.70700839200002,19.46977797],[-90.706919302,19.471348439],[-90.704263277,19.478539692],[-90.703394369,19.482638505],[-90.702956408,19.486574815],[-90.704079404,19.500536432999997],[-90.705771659,19.503853819],[-90.708156241,19.505566673],[-90.708559022,19.507246738999996],[-90.709661251,19.508704586999997],[-90.709589955,19.511931054],[-90.710758777,19.514555331999993],[-90.708812986,19.52061368],[-90.708548489,19.523111440999998],[-90.708675583,19.523516456000003],[-90.70937276500001,19.523525973999995],[-90.709420215,19.523744466999997],[-90.70861448,19.523735506999998],[-90.708586937,19.523942546],[-90.708807741,19.524878132999998],[-90.709178969,19.525042622000004],[-90.709009622,19.525277834999994],[-90.709523605,19.525583051],[-90.710040559,19.523494131999996],[-90.70977911,19.525717458],[-90.710569396,19.526364288999993],[-90.71110148,19.527526211000005],[-90.710906903,19.528373698],[-90.709534911,19.530699316],[-90.709309388,19.531764913000004],[-90.708478525,19.532977815999995],[-90.708030729,19.534554346999997],[-90.707347533,19.535542206],[-90.707153304,19.537341288999993],[-90.707902836,19.539090189],[-90.706891809,19.541624062999993],[-90.706441168,19.542077417],[-90.706623707,19.542321117],[-90.705768059,19.543586196],[-90.705351645,19.544783174999996],[-90.705595028,19.544892479000005],[-90.705536084,19.54502687],[-90.705317418,19.544887104],[-90.705151993,19.545177386999995],[-90.705460026,19.545317153],[-90.705138422,19.545349559],[-90.704466303,19.548250433],[-90.70411419,19.553569066],[-90.705317627,19.559034052999994],[-90.706349121,19.560843260999995],[-90.70728477,19.560589837],[-90.70973598600001,19.560646548999998],[-90.71065479,19.561720278999996],[-90.711455962,19.561855710999996],[-90.711916223,19.562286184000005],[-90.708828332,19.565864825999995],[-90.708885438,19.566400204],[-90.70786107300002,19.567420997],[-90.707838583,19.567955434],[-90.70821887,19.567906163999996],[-90.707143671,19.568527443999994],[-90.700697787,19.580608403],[-90.69377546700001,19.595463741999996],[-90.69035827300002,19.604266698000004],[-90.687308092,19.614705254],[-90.685926962,19.621889999],[-90.685556108,19.625363711999995],[-90.68570228,19.629232185],[-90.686226365,19.631905137999997],[-90.687566878,19.635639137999995],[-90.688403678,19.637115243999993],[-90.68890196,19.636934049999997],[-90.688403678,19.637215181999988],[-90.689664714,19.639612191000005],[-90.69066483500002,19.639549334999998],[-90.690873994,19.64013806699999],[-90.694952578,19.638322616999996],[-90.695199765,19.637682392],[-90.694648348,19.637480921],[-90.694700638,19.637286167],[-90.695282953,19.637454059],[-90.695547396,19.636822102999997],[-90.6951142,19.635992274000003],[-90.695330489,19.635920638999995],[-90.695741675,19.636733240999998],[-90.695069041,19.638436782999992],[-90.690633938,19.640404451],[-90.690549866,19.641104116999998],[-90.691524443,19.642743684],[-90.693870856,19.645560701000004],[-90.695885588,19.646352191],[-90.697867522,19.64774382],[-90.69908049,19.648200679999995],[-90.699404483,19.648703391],[-90.707435655,19.649155596],[-90.707416641,19.649442111],[-90.706348097,19.649265984000003],[-90.70627253,19.654393205999995],[-90.707356349,19.654330533],[-90.70967616,19.649670792000006],[-90.710622069,19.650149292000002],[-90.710555518,19.654402159],[-90.737674775,19.654755812999998],[-90.737974252,19.652213065],[-90.740084847,19.652284692],[-90.740384324,19.654796103],[-90.743664305,19.654827439],[-90.743680828,19.655088860999996],[-90.706360379,19.654667339999996],[-90.705729822,19.655500151999995],[-90.704076097,19.660508916999994],[-90.703617456,19.663322034999997],[-90.703680302,19.665261125999997],[-90.70409227,19.666743067999995],[-90.704598691,19.668057557],[-90.705682745,19.667766490000005],[-90.70603398,19.668113563],[-90.706011195,19.668926229],[-90.706884614,19.668986990000004],[-90.707190216,19.671333681],[-90.707972507,19.671357874999998],[-90.708131293,19.670325978999998],[-90.708388584,19.670436478000003],[-90.708372809,19.671366994000003],[-90.709491373,19.671408422],[-90.709562618,19.670498909],[-90.710195136,19.670552127999997],[-90.71054202,19.670634354999997],[-90.710538118,19.67138365],[-90.71215187800001,19.671389650999995],[-90.71236210700002,19.671705623999994],[-90.71213975000002,19.671964492999997],[-90.707441951,19.671686589999993],[-90.707114476,19.672018561],[-90.7067453,19.673719667],[-90.706977656,19.675694836],[-90.704050912,19.677967216],[-90.700348172,19.681604035],[-90.697679912,19.683547049],[-90.694799315,19.686439149000005],[-90.692402001,19.690316968999998],[-90.691052703,19.691062383],[-90.689719975,19.692274515],[-90.688242377,19.694797673],[-90.687388331,19.695506021999996],[-90.687147517,19.696643246],[-90.685079069,19.699829216999998],[-90.685084834,19.70053374499999],[-90.68399642,19.703080453000002],[-90.682888161,19.703563039999995],[-90.679384002,19.706354311],[-90.67675929,19.709534742000002],[-90.676543402,19.710372459],[-90.674853984,19.711865570999997],[-90.670978317,19.71743166],[-90.668384448,19.722603042999996],[-90.668224171,19.723028267999997],[-90.668492389,19.72327686],[-90.668018101,19.723482931],[-90.66671626,19.728762256],[-90.667955952,19.733076647999997],[-90.668701731,19.733501873],[-90.670248893,19.735385944000004],[-90.669905443,19.736615823999998],[-90.669378106,19.737318900999995],[-90.669189034,19.738566547999998],[-90.667965765,19.740079767],[-90.666280814,19.744545457999997],[-90.665698992,19.748773972],[-90.665885437,19.750801965],[-90.664109288,19.752551933999996],[-90.664417335,19.753114701999998],[-90.665097099,19.752752317],[-90.664845158,19.753047593],[-90.664417818,19.753211533],[-90.664161583,19.753065225999993],[-90.66312802,19.753719658999994],[-90.662376638,19.755580884999997],[-90.66220561,19.757386402000005],[-90.661306096,19.758897584],[-90.651241361,19.766044626],[-90.649399812,19.767889445],[-90.648284416,19.769609968999994],[-90.641049258,19.774945182],[-90.640702313,19.775365079],[-90.640890369,19.775590907],[-90.640654837,19.77542612],[-90.639792181,19.776580529000004],[-90.639916522,19.776847627],[-90.639867643,19.776895236999994],[-90.63975513,19.776628074],[-90.63846012700002,19.777407451999995],[-90.63741945,19.778563116000004],[-90.637646248,19.778889964],[-90.63671689600001,19.778959179999994],[-90.63658483,19.779546008],[-90.634189645,19.781385548000003],[-90.631699912,19.784420387],[-90.628942238,19.787010839],[-90.629641738,19.787594442],[-90.630047584,19.787249444],[-90.62967081500001,19.787620443999998],[-90.629855462,19.787782275],[-90.630311365,19.787391967],[-90.629890476,19.787819307999996],[-90.630154345,19.788060709000003],[-90.630585521,19.787681891999988],[-90.63022624,19.788177615],[-90.629102637,19.787354906000004],[-90.63053821100002,19.788644632999997],[-90.630484696,19.788408809],[-90.631321912,19.787878445000004],[-90.631295643,19.787293952999992],[-90.631641522,19.787302709999995],[-90.631444856,19.788116443],[-90.63065071100002,19.788833262999997],[-90.631147419,19.789686887999995],[-90.629728241,19.788149895000004],[-90.629148127,19.788340347],[-90.627383705,19.789572816000003],[-90.627451568,19.790391542],[-90.627906902,19.790152928999998],[-90.627946306,19.790400298999995],[-90.626772944,19.791065788],[-90.626934938,19.790448459],[-90.626155615,19.790641101],[-90.623248479,19.793651126],[-90.623414793,19.794188083999998],[-90.623062695,19.793720003999994],[-90.622152714,19.793912114999994],[-90.617085224,19.795876529],[-90.616562328,19.796312614999998],[-90.61678043800002,19.796901874999996],[-90.616132128,19.796256707],[-90.614923526,19.796838432999998],[-90.614306748,19.797442238999995],[-90.614347153,19.798871241],[-90.614240197,19.79724879799999],[-90.613982919,19.797147370999998],[-90.613970787,19.798909706],[-90.614296646,19.799151898],[-90.61471985400001,19.798960556],[-90.614427132,19.799176719000002],[-90.614214646,19.799178732999998],[-90.613952248,19.798999604999995],[-90.613740523,19.797608935],[-90.612251459,19.79824606],[-90.611855019,19.79863398],[-90.612035875,19.798815186],[-90.61172345,19.798710520000004],[-90.611278161,19.799390373999998],[-90.611642524,19.799795813999996],[-90.613467667,19.799468643999997],[-90.611778952,19.800013404],[-90.611204955,19.799694062],[-90.610296543,19.800714700999997],[-90.60760654,19.801939664],[-90.60525306,19.80369416999999],[-90.60413497,19.804767600999998],[-90.60424441,19.805374596],[-90.604589432,19.805273466999996],[-90.604190416,19.805478781],[-90.603808321,19.804964877],[-90.602985028,19.80525755],[-90.600389682,19.807465545999992],[-90.598857905,19.808191282],[-90.598584267,19.808527379999997],[-90.599072056,19.809273935999997],[-90.597983423,19.810092944],[-90.598644375,19.811040475],[-90.598268165,19.811495885999992],[-90.597320964,19.812087810000005],[-90.596533666,19.810989584999994],[-90.594901091,19.811989453999995],[-90.595800297,19.813143535],[-90.598057811,19.812626003],[-90.598132169,19.813015638999996],[-90.59564882,19.813350769999992],[-90.595013246,19.812587093000005],[-90.591618749,19.814528654999997],[-90.591442445,19.814730295],[-90.593226224,19.817060525],[-90.592603975,19.816803600999997],[-90.590834024,19.814055450000005],[-90.59005102800002,19.814016423000005],[-90.585937274,19.816829619],[-90.58583011,19.817332084999993],[-90.586464457,19.818226440000004],[-90.585641707,19.817465424999998],[-90.584895823,19.817946676],[-90.584931514,19.818310732999993],[-90.584595416,19.817917348],[-90.58398618,19.818602602],[-90.581472623,19.819674046999996],[-90.576285596,19.82262445],[-90.576425294,19.822878271999997],[-90.57204754,19.824816579999997],[-90.57152062,19.82524449],[-90.57242891,19.826926926999995],[-90.57261143,19.826853980999992],[-90.572453579,19.827112710999998],[-90.571409858,19.825219245999996],[-90.5713588,19.82559211],[-90.57078071,19.82594812],[-90.57147452,19.82719948],[-90.57170858,19.827155089999998],[-90.571614856,19.827376903000005],[-90.571552466,19.827402056],[-90.57070275,19.826067571],[-90.57015663200002,19.82593295199999],[-90.569049399,19.826589989999988],[-90.569115437,19.826824132999995],[-90.568549442,19.826875165999997],[-90.565536374,19.828668798000002],[-90.56537731,19.829015059999996],[-90.565262819,19.828860128999995],[-90.563581096,19.829819678],[-90.563630794,19.830070070000005],[-90.562831972,19.830317531999988],[-90.56273896700002,19.830620458999995],[-90.56152429,19.83078211],[-90.56036706,19.831638570000003],[-90.56002295,19.831353829999998],[-90.55997595,19.8317268],[-90.559015328,19.832121087999997],[-90.55950023200002,19.832565556999995],[-90.55938011,19.832934184],[-90.557931624,19.833678672999998],[-90.557383323,19.833457955999997],[-90.55737503600001,19.833864955],[-90.55682606800002,19.8340794],[-90.557288126,19.834741922000003],[-90.557656943,19.834679461],[-90.557341664,19.834982842999995],[-90.556051144,19.834103525],[-90.554733171,19.835114322999992],[-90.553831959,19.835437914],[-90.55179750100001,19.836964156],[-90.551440601,19.837677581999994],[-90.549819593,19.838665057999997],[-90.549798773,19.839060645000004],[-90.550165569,19.839227902],[-90.55051208,19.839032081],[-90.55017648000002,19.839347770999996],[-90.54931205000001,19.839054980999993],[-90.5486818,19.83945797],[-90.54830166,19.840135290999996],[-90.546662447,19.841315648999995],[-90.546161577,19.842151579],[-90.545261659,19.842641630999996],[-90.543633506,19.844496688999996],[-90.542139819,19.845574993],[-90.541687355,19.846714004999995],[-90.539921738,19.847626074],[-90.539648372,19.848017791999997],[-90.53989183900002,19.848501914000007],[-90.53958865,19.848105100999998],[-90.53805286000001,19.84941003],[-90.53707132600002,19.850720692999996],[-90.53502205100001,19.852317429],[-90.53462234,19.853098681],[-90.530989815,19.854981384999995],[-90.527210853,19.856479853000003],[-90.525216152,19.856779482],[-90.522111096,19.858361260000002],[-90.523007224,19.859226519999996],[-90.523821844,19.858488516000005],[-90.52573017,19.860320701999996],[-90.524715705,19.861245423],[-90.527995549,19.864418967999995],[-90.53048386200001,19.862274480999996],[-90.531342099,19.86327886899999],[-90.530667212,19.862856568999998],[-90.528658676,19.864649714],[-90.52943163,19.86542388],[-90.531883427,19.863253885],[-90.529126821,19.865952194000002],[-90.521492198,19.85879884299999],[-90.518037656,19.861063804999997],[-90.51879226,19.86116948],[-90.51758494,19.86185254],[-90.51802098,19.861306020000004],[-90.517372827,19.861378488999996],[-90.510915494,19.865397087999998],[-90.510341533,19.865272497],[-90.50887808,19.866247745999992],[-90.507151912,19.867971878999995],[-90.50725443,19.868818063999996],[-90.506609394,19.869884968000004],[-90.504596371,19.871801628],[-90.504560678,19.872372692999996],[-90.504081408,19.872478039000004],[-90.501182355,19.875960086000003],[-90.501247164,19.876411963],[-90.500825543,19.876650393],[-90.500778705,19.877768975999995],[-90.500245526,19.878461732999995],[-90.499979329,19.880039180000004],[-90.50004595700001,19.880419894],[-90.500477518,19.880599677999992],[-90.500306203,19.880928043000004],[-90.499363933,19.881584781000004],[-90.499106945,19.882173690000002],[-90.497210593,19.883742890999997],[-90.49651571,19.884726164],[-90.49602078200002,19.884931749],[-90.495603376,19.884523461],[-90.494972711,19.884424606999996],[-90.493762748,19.884824356],[-90.49360571000001,19.884513835999996],[-90.493430815,19.884942145999993],[-90.49296079800001,19.885054027999995],[-90.492559939,19.886583968000004],[-90.491549349,19.88739569299999],[-90.49131183200001,19.888344828999998],[-90.490958485,19.888566113],[-90.490951658,19.889189722],[-90.490082507,19.890171342],[-90.490052223,19.890952901],[-90.489659294,19.890993168999998],[-90.489573951,19.891880893],[-90.488900501,19.892265232],[-90.489092111,19.892419835999995],[-90.488424364,19.893266738],[-90.488295863,19.894134051],[-90.48776049,19.894237557000004],[-90.487817902,19.894657716999994],[-90.487175141,19.895179827],[-90.486232871,19.897096487999995],[-90.485922357,19.897217832],[-90.48609725,19.897553341],[-90.48556901,19.898320719000004],[-90.485171175,19.900011974],[-90.48412022,19.902081637999995],[-90.483895361,19.902081633999998],[-90.482686965,19.904979844999996],[-90.481778836,19.905583017999998],[-90.480682469,19.907335517],[-90.480106377,19.907776816999995],[-90.480018423,19.907430171],[-90.479894394,19.907446734999997],[-90.479803338,19.907911357000003],[-90.478838819,19.908444221],[-90.477702817,19.909955270000005],[-90.477435123,19.910979626999996],[-90.476963997,19.911118827999996],[-90.476909029,19.911641573999994],[-90.477342324,19.911725588999996],[-90.476805546,19.912184815999996],[-90.476960422,19.912885582999998],[-90.476623211,19.913846661],[-90.476285849,19.914034860999994],[-90.476417522,19.91493723],[-90.476070887,19.914978622],[-90.476388766,19.916096832],[-90.47534735200001,19.916763539999998],[-90.474994753,19.916691121],[-90.47525343900001,19.916960158999995],[-90.474653281,19.91730162],[-90.475181008,19.91731714499999],[-90.473784104,19.91890547],[-90.473632052,19.919681597999993],[-90.473138855,19.920203349],[-90.472288629,19.920065218999994],[-90.473092725,19.921044688],[-90.473313288,19.922408083],[-90.473013355,19.923631935],[-90.472182887,19.925125359000003],[-90.471733177,19.925653598999997],[-90.470377934,19.926258677000003],[-90.470355468,19.926959922999995],[-90.469331103,19.928166308999995],[-90.467093222,19.929365556999993],[-90.466686336,19.930379207999994],[-90.465661973,19.931000247],[-90.464572053,19.931526888000004],[-90.463754735,19.931581043999998],[-90.463056769,19.930897162999997],[-90.462206996,19.930771819],[-90.462067806,19.930325671],[-90.461954703,19.931005158],[-90.462377924,19.932091220999997],[-90.462141724,19.932910569],[-90.46168514000001,19.932934371],[-90.461835806,19.934216090000003],[-90.460440253,19.935365375999996],[-90.460255457,19.936451877],[-90.459529987,19.936566440000004],[-90.460096154,19.93741199500001],[-90.459720708,19.939003546000002],[-90.458894794,19.940001747999993],[-90.45877373900001,19.940919459],[-90.457234593,19.942105951],[-90.457838383,19.942801942999996],[-90.457612335,19.943709113999994],[-90.458013204,19.945833806999996],[-90.45685738700001,19.947123607999995],[-90.456517709,19.947054474],[-90.456639362,19.947658087000008],[-90.455711739,19.947870195999993],[-90.454264819,19.949188305000003],[-90.454024494,19.950454178],[-90.452484982,19.95212694],[-90.452403926,19.952566659999995],[-90.453240066,19.952831377999996],[-90.45326828100002,19.954461442000003],[-90.452727222,19.955218994999996],[-90.452851419,19.956631258999998],[-90.452116166,19.957387928],[-90.451897762,19.958585039999996],[-90.451267636,19.958639701999992],[-90.44908249,19.96123943],[-90.44846489,19.961075400000002],[-90.44730497,19.959472819999995],[-90.44763863,19.960276309999994],[-90.44743414,19.9609616],[-90.44862642,19.961520539999995],[-90.44939295,19.96138965999999],[-90.45074086,19.959906169999996],[-90.451628101,19.959564809],[-90.453751402,19.96190464299999],[-90.45361269000001,19.963205485999993],[-90.45410207200001,19.963691697999998],[-90.454576143,19.965001959999995],[-90.453773461,19.968137143],[-90.453052691,19.969080119999997],[-90.45226152,19.969026585],[-90.452513078,19.970002587999996],[-90.452006711,19.970394656999996],[-90.453040785,19.971382250000005],[-90.452943382,19.972153263999992],[-90.452151956,19.972974968999996],[-90.452092217,19.974148631999995],[-90.453641238,19.974541236000004],[-90.454219456,19.97429139899999],[-90.45922346,19.974191462999997],[-90.460406208,19.974534918999996],[-90.460438926,19.974186923000005],[-90.459971956,19.973972771000003],[-90.460099852,19.973404674999994],[-90.460828562,19.972860372999996],[-90.461186517,19.972949377],[-90.461393522,19.973427647999998],[-90.46227869,19.973941617],[-90.462570326,19.975122298],[-90.463318648,19.975626135],[-90.463533754,19.976735497],[-90.46462721,19.978967032999996],[-90.466925775,19.98072308],[-90.466707197,19.981652448999995],[-90.465882563,19.981763886],[-90.466118258,19.982228274000004],[-90.466825833,19.982179305999995],[-90.467932415,19.982718461],[-90.468903103,19.984620636],[-90.468738925,19.985263088],[-90.468994957,19.985411945],[-90.470002418,19.984320828999998],[-90.470109494,19.985156012999997],[-90.470666287,19.985769914999995],[-90.470052387,19.987126207],[-90.470138045,19.989053569],[-90.469816815,19.989995838999995],[-90.470223708,19.991295022],[-90.470016694,19.991644805999996],[-90.471136133,19.991738001999998],[-90.472408053,19.993308046],[-90.47313711300002,19.994802017999998],[-90.472791658,19.995136329],[-90.471955881,19.995052751],[-90.47069664200001,19.995414922],[-90.465633728,19.998169290999996],[-90.463045958,20.000637181999995],[-90.461847621,20.002519752],[-90.461283203,20.002647003],[-90.462442872,20.003109047999995],[-90.462554697,20.004406358],[-90.462855607,20.004646579000003],[-90.462478555,20.005586064999996],[-90.462539426,20.006388812],[-90.463285191,20.007556266],[-90.463071047,20.008177298000003],[-90.463249507,20.009440799],[-90.462435732,20.009683502],[-90.463021079,20.009861963999995],[-90.463363721,20.010561516999996],[-90.46323523,20.0131242],[-90.46256421500001,20.014030774],[-90.46313529300001,20.014580432999995],[-90.465440983,20.015130087],[-90.467768094,20.018470846999996],[-90.467990808,20.019466807],[-90.468850333,20.020270502],[-90.468790846,20.021082492999998],[-90.46807852,20.021433677000005],[-90.46864213,20.021436438],[-90.470243834,20.022730483],[-90.470844746,20.024281491999997],[-90.472016531,20.025752394],[-90.473735788,20.026408728999993],[-90.474502703,20.027661160999997],[-90.474164824,20.028227472],[-90.474476536,20.028129913999994],[-90.475158879,20.028774101000003],[-90.475744821,20.028899023000008],[-90.476381327,20.029684245],[-90.476187996,20.030517056000004],[-90.477733276,20.030184932000004],[-90.478571511,20.030972441999996],[-90.478739795,20.033033148999998],[-90.47938225,20.033475728999996],[-90.479024036,20.034068614999995],[-90.479367966,20.03650954],[-90.479132407,20.038101400999995],[-90.479702936,20.041554308999995],[-90.480270976,20.041063281],[-90.481195397,20.042106036999996],[-90.481516627,20.043026884],[-90.483322629,20.045211227999996],[-90.483458265,20.046032142999998],[-90.485335652,20.048530580999998],[-90.485378664,20.048969776000003],[-90.484557577,20.049108789],[-90.48535722000001,20.050536618999992],[-90.485312442,20.051107941999998],[-90.485753111,20.050534728000002],[-90.486270789,20.050793446],[-90.4880411,20.05508362],[-90.488683562,20.055826005999997],[-90.488640732,20.056275724999995],[-90.490353935,20.059280982999994],[-90.490206514,20.059867593999993],[-90.489789636,20.060096023],[-90.490737606,20.060507195000003],[-90.491234445,20.061255296],[-90.491108808,20.062448833],[-90.490143422,20.063102734],[-90.489293955,20.064616072],[-90.489072659,20.065644005000003],[-90.487702096,20.066607686999998],[-90.487748432,20.066940467],[-90.487173857,20.067057398],[-90.486688445,20.068492220999996],[-90.486085189,20.069281857999997],[-90.485936365,20.070051052],[-90.486348009,20.070344088999992],[-90.486035829,20.072076333000002],[-90.486283115,20.072650237000005],[-90.486301148,20.074848019999994],[-90.485325015,20.078921391],[-90.486063393,20.080185639999996],[-90.486449283,20.081874006000003],[-90.486534944,20.082473630000003],[-90.486151989,20.08301094000001],[-90.48574234600001,20.08307329799999],[-90.485722505,20.083794221],[-90.486420729,20.083827063999998],[-90.486058668,20.084289626999997],[-90.486613172,20.085557403999996],[-90.48633295000002,20.086715434999995],[-90.486614802,20.087513322999996],[-90.48634723,20.087704108],[-90.486259939,20.088806533999996],[-90.485387112,20.090041920999997],[-90.48535487,20.091205407999997],[-90.484926692,20.091669479999997],[-90.484667806,20.092661712],[-90.483459753,20.0933113],[-90.483060003,20.093918064999997],[-90.481635897,20.09432495],[-90.480147428,20.096336355999995],[-90.48006314200002,20.098573690999995],[-90.48105055,20.099775108999996],[-90.479979786,20.101095709999992],[-90.48027603,20.101520446],[-90.479950284,20.102333349000002],[-90.479226684,20.103037354],[-90.478659185,20.104661328],[-90.478928382,20.105729382000003],[-90.480547169,20.107536479],[-90.479369089,20.108837319999992],[-90.47932591,20.110339049999993],[-90.478727185,20.110475039999997],[-90.479490917,20.111165381999996],[-90.47877447000002,20.113206741],[-90.47934554,20.114448819999993],[-90.480300385,20.114756551999996],[-90.48020044,20.115689304],[-90.481201108,20.117902257000004],[-90.480969112,20.118503068999996],[-90.481192178,20.118752914],[-90.481055365,20.120335258],[-90.48138849100002,20.120596995999996],[-90.481323056,20.122354821999995],[-90.481902056,20.12358896],[-90.48184951,20.124062091999996],[-90.481459869,20.123999632],[-90.481959067,20.124477057],[-90.481733511,20.126048943],[-90.482301605,20.126652732000004],[-90.482239146,20.127423078999996],[-90.48297919,20.128341297999995],[-90.483190092,20.129623913],[-90.484556244,20.130614589999997],[-90.485043934,20.132833380000005],[-90.485924336,20.133669164999997],[-90.486200943,20.134671513999997],[-90.487405545,20.135584627000004],[-90.487679087,20.136234755000004],[-90.487955801,20.137607168],[-90.487545342,20.137967060999998],[-90.488116407,20.138279371],[-90.488619071,20.139823041],[-90.488245401,20.140731944999995],[-90.488862967,20.142609985],[-90.488797536,20.144498682],[-90.489029698,20.144064604000004],[-90.489906958,20.144135819999995],[-90.490902763,20.146228138],[-90.491386803,20.148591860000003],[-90.492130385,20.148945804999993],[-90.492619543,20.151518092],[-90.493113276,20.151830394999998],[-90.493703285,20.152945468],[-90.494141699,20.156238886999997],[-90.494490393,20.156288912999997],[-90.494906205,20.156897021000002],[-90.494799725,20.158254941],[-90.49515069400002,20.160099023],[-90.49484136,20.161601057],[-90.493877678,20.162814583000003],[-90.493821163,20.163540322],[-90.490216286,20.167320695],[-90.48930394,20.1690654],[-90.488461435,20.169988662],[-90.483889893,20.171291413999995],[-90.482684794,20.172285836],[-90.48202747000002,20.172333423999998],[-90.481221752,20.172966292999995],[-90.479834736,20.173428836],[-90.479697701,20.174593419999997],[-90.480138769,20.176057273999998],[-90.479850662,20.176751032000002],[-90.479237553,20.176997162999996],[-90.478977073,20.177861641999996],[-90.479674255,20.179141792],[-90.479656917,20.180268955],[-90.478529912,20.179815414],[-90.479518749,20.180661769],[-90.47957958,20.181509251999998],[-90.478925232,20.181729352999998],[-90.478511801,20.182309338999996],[-90.47820424,20.183300799000005],[-90.477443249,20.184257270999996],[-90.477640192,20.184654239],[-90.477432112,20.185206339],[-90.47805987,20.186459254999995],[-90.479299997,20.187698818],[-90.478967872,20.188601244999997],[-90.479469535,20.189266289],[-90.479085846,20.189959314000003],[-90.478360109,20.190417359],[-90.477869835,20.191714197],[-90.477943385,20.192233236],[-90.478465806,20.192660605999997],[-90.478382525,20.193333993],[-90.479139381,20.194322643999996],[-90.4787428,20.19494467199999],[-90.47940707,20.196068576999995],[-90.479148711,20.196443948999995],[-90.479255787,20.197424286999997],[-90.480164741,20.199301681],[-90.480671566,20.199689533999997],[-90.48037461,20.200528294],[-90.480620597,20.201306366],[-90.480114042,20.201533723999997],[-90.480715775,20.202983883],[-90.478435874,20.205153698],[-90.47981412800002,20.206924516],[-90.479362036,20.208030966],[-90.480388294,20.20842122],[-90.479914553,20.207852973000005],[-90.480696313,20.206830057999998],[-90.479485643,20.206091949],[-90.479238655,20.205482330999995],[-90.480319406,20.204348756],[-90.481669606,20.204212099],[-90.482078304,20.203583521999995],[-90.483384785,20.203993515999997],[-90.484765191,20.203809093999997],[-90.485576111,20.204265951000004],[-90.48575235,20.205055353],[-90.486747349,20.206004534000005],[-90.48653459,20.206480053],[-90.48690377,20.206551658],[-90.486783926,20.207159850999997],[-90.487372049,20.207929850999992],[-90.487257358,20.208237878999995],[-90.487543365,20.208314369999997],[-90.487440657,20.209070083],[-90.486909362,20.209769657999995],[-90.487227617,20.209971915999997],[-90.487014239,20.210022496],[-90.487075917,20.210843390999994],[-90.486579213,20.211212206999992],[-90.486754697,20.211804102],[-90.48604383400001,20.211804097],[-90.485950508,20.211550674999994],[-90.48531215,20.211931993999997],[-90.483955857,20.211664305999992],[-90.482502168,20.209903366000002],[-90.481282039,20.209762271],[-90.480815663,20.208634405],[-90.480515853,20.208615369],[-90.480484641,20.208903328],[-90.480992655,20.210077585999997],[-90.482133891,20.210623639000005],[-90.482671647,20.211637289],[-90.485340213,20.213646746999995],[-90.485404458,20.214060767],[-90.489099607,20.215627077],[-90.487927396,20.21963751499999],[-90.486814,20.220521037999998],[-90.486872395,20.221308290999996],[-90.486503295,20.221632693999993],[-90.487120217,20.221598456],[-90.487460639,20.222489165999995],[-90.487556198,20.225805075999993],[-90.486856646,20.226715216],[-90.487397614,20.227592415999997],[-90.48715645700001,20.228135759],[-90.487856016,20.228556923999996],[-90.487585552,20.22892085],[-90.487877427,20.228974513999994],[-90.487916695,20.229363554999992],[-90.487524875,20.229566872999992],[-90.488058745,20.229874698],[-90.487577619,20.230584219000004],[-90.487909553,20.232454476],[-90.48763909600001,20.233064681999995],[-90.487798902,20.233400315999994],[-90.48754629,20.233546521999997],[-90.487881003,20.234703067],[-90.487681927,20.235024168],[-90.488177244,20.235645338],[-90.487835397,20.236191293000005],[-90.488052323,20.236783904999992],[-90.487503462,20.23740482599999],[-90.488377115,20.240710016],[-90.48780328,20.241316658999995],[-90.488227214,20.241413148999996],[-90.488757892,20.242356954],[-90.489448654,20.245174721],[-90.489094525,20.246681275],[-90.48965845600002,20.247523603],[-90.489430023,20.248815657],[-90.488944618,20.248822794],[-90.489021751,20.249408865999996],[-90.488398533,20.251260546000005],[-90.48902671,20.253016587999998],[-90.48885539,20.253780395],[-90.48946572200002,20.255554283],[-90.489497842,20.256960545],[-90.489626327,20.257371002],[-90.490393702,20.257842132999997],[-90.490788217,20.259082582999998],[-90.491332406,20.263006754999996],[-90.490964781,20.265858541999997],[-90.49119137,20.265985111000003],[-90.491190139,20.267609004],[-90.49061856400002,20.268075006999997],[-90.491575112,20.268528301999996],[-90.49212119,20.272258099],[-90.49173929500002,20.275152715000004],[-90.491339543,20.275970062999992],[-90.49055529,20.276699619999995],[-90.490324233,20.276567750999998],[-90.490811497,20.27746868],[-90.490233089,20.278591036],[-90.490333033,20.279490472000003],[-90.49001843,20.280014749999996],[-90.489764342,20.279873573000003],[-90.489866565,20.280871055],[-90.48936697000002,20.282129294000004],[-90.489700089,20.282786025999997],[-90.490314055,20.282902474],[-90.490106983,20.283252404000002],[-90.489757196,20.282978759],[-90.489569225,20.282912135999997],[-90.489279451,20.282885161],[-90.48967154100002,20.283699745000003],[-90.49029972,20.284194665],[-90.490516714,20.285541919000003],[-90.490385382,20.286093475000005],[-90.489581122,20.286916768],[-90.490018944,20.286835867999997],[-90.489776239,20.287164238999996],[-90.490053637,20.287470745],[-90.490366346,20.287226098],[-90.489909484,20.289755465],[-90.490136916,20.289902553000005],[-90.489961828,20.290612071999995],[-90.490485314,20.292636993],[-90.490147426,20.293060536999995],[-90.490244985,20.294440628],[-90.48996895000002,20.295628950999998],[-90.489619194,20.296398921000005],[-90.489257507,20.296472690999998],[-90.489645558,20.300112821],[-90.489336038,20.300365482000004],[-90.488615061,20.30016798799999],[-90.489052882,20.300798543999996],[-90.489700087,20.300984149],[-90.48953512500002,20.302307517999996],[-90.48998424900002,20.304862468999996],[-90.489716561,20.304963599999994],[-90.490517881,20.305303422],[-90.490888446,20.306634571],[-90.491407258,20.307206683],[-90.491842133,20.309137287],[-90.492155172,20.309376045],[-90.492259596,20.31132179],[-90.491182544,20.315805971],[-90.491458088,20.317098011],[-90.48998900000001,20.320635796],[-90.489931901,20.321482405000005],[-90.490582919,20.323165642999996],[-90.49078350900001,20.32477725],[-90.489575395,20.327174138999997],[-90.489862355,20.327333008999993],[-90.489643786,20.327470635],[-90.490163402,20.328650945],[-90.489805582,20.329036314],[-90.490340334,20.329370752000003],[-90.489905523,20.330135631999994],[-90.489897677,20.330862460999995],[-90.488793678,20.330857907],[-90.490578272,20.331878101000004],[-90.491223706,20.331741287],[-90.49126534900002,20.33244322499999],[-90.491753139,20.333237368999992],[-90.491646056,20.333722191],[-90.493151065,20.336898771999998],[-90.493002356,20.337080198000006],[-90.495001674,20.339805797999997],[-90.49455196,20.339830784],[-90.494629946,20.340695284999995],[-90.496211653,20.340542318],[-90.496683959,20.340921773],[-90.496664525,20.341338786999994],[-90.496214659,20.341644681000002],[-90.496595339,20.342317987999998],[-90.495136765,20.342018259],[-90.493793338,20.344161493999998],[-90.49308861,20.344081766999995],[-90.493032098,20.344572526999997],[-90.492630562,20.344843190999992],[-90.491524747,20.344680880999995],[-90.49178883,20.345277448],[-90.491453904,20.345269040999998],[-90.49075775000001,20.346027361],[-90.489763948,20.34600862],[-90.488002508,20.346764604],[-90.489233876,20.347502242999997],[-90.48930947000001,20.348062088],[-90.490438486,20.347656908],[-90.490706176,20.347157216],[-90.49195539,20.347249422999994],[-90.493320456,20.348603457],[-90.493389016,20.34901617],[-90.493156256,20.349340185999996],[-90.492248105,20.349513559],[-90.491815598,20.351095225999998],[-90.4912475,20.351794197999993],[-90.490963195,20.351688393],[-90.491349547,20.351959694],[-90.49130104,20.352588336999997],[-90.49047045900001,20.354116485],[-90.49058505,20.354657924999998],[-90.49026601,20.355469357],[-90.489480791,20.355336105999996],[-90.489157177,20.355578804],[-90.489842154,20.355951977999997],[-90.489822801,20.357567358],[-90.489235704,20.358248562000004],[-90.48910598,20.359131852],[-90.488103638,20.359610723999996],[-90.488293995,20.360214507],[-90.487315442,20.361166298999997],[-90.487496872,20.361865258],[-90.48699718100002,20.361829565999997],[-90.487083438,20.36225192199999],[-90.486680165,20.362350754999998],[-90.486449914,20.362814067999995],[-90.486568886,20.363685551],[-90.486223861,20.364078163000002],[-90.486435042,20.364595698000002],[-90.485376182,20.365901419999997],[-90.485724633,20.365986332999995],[-90.485596144,20.366771559000004],[-90.485884791,20.36726069],[-90.485631967,20.368402833],[-90.484692087,20.368596158999996],[-90.484638546,20.368875745],[-90.485569506,20.368804361000002],[-90.485643868,20.369095853],[-90.484805151,20.370095895999995],[-90.484757516,20.370574084],[-90.483693936,20.371466465],[-90.484053796,20.372886924],[-90.48367728500001,20.373660328000003],[-90.48386581,20.374307461],[-90.483594557,20.374633446999997],[-90.482864064,20.374512099999997],[-90.483028242,20.374883295000004],[-90.484046652,20.37497846899999],[-90.484203702,20.375266383999996],[-90.483635003,20.376013533],[-90.48367784,20.377010533999997],[-90.48432764,20.378135379000003],[-90.48480441700002,20.378277597000004],[-90.484912988,20.378806386],[-90.484664761,20.379054571],[-90.485137839,20.379841453000004],[-90.484955056,20.380558387000004],[-90.485227071,20.380712338999995],[-90.48486301800001,20.381140641999995],[-90.485658944,20.381265559],[-90.48556971,20.382004382],[-90.485930206,20.382582598000003],[-90.486155058,20.384477832],[-90.487087749,20.38637689],[-90.486726133,20.387483098999994],[-90.486979544,20.388089853999997],[-90.486483425,20.388129117000002],[-90.487619626,20.388956685999997],[-90.486946229,20.390607089999996],[-90.48753136,20.391326634999995],[-90.487332355,20.392086268000003],[-90.487568702,20.39341866199999],[-90.487947508,20.393338709999995],[-90.487740602,20.392658352999995],[-90.488085349,20.392350139],[-90.488349166,20.393287312999995],[-90.48820259,20.395089989],[-90.488642313,20.395305096],[-90.48852999700001,20.395577310000004],[-90.489030643,20.396321605],[-90.488925946,20.396763229000005],[-90.489335215,20.397627447],[-90.489125819,20.397991028999996],[-90.489451331,20.398946623],[-90.489967199,20.399131271],[-90.490119484,20.400566557],[-90.49057063,20.401583064000004],[-90.490052851,20.402380658999995],[-90.49025083,20.402928892],[-90.49001657,20.403191208999996],[-90.490631539,20.404444133],[-90.489906281,20.405260757999997],[-90.487314764,20.405206036999996],[-90.48615377900002,20.406296919],[-90.486468861,20.406669405999995],[-90.48692472,20.406232674999995],[-90.487460102,20.406418272],[-90.487818845,20.40684795],[-90.487538625,20.407446204000003],[-90.488238185,20.407974446],[-90.491757143,20.405607013999994],[-90.492656581,20.405810459999998],[-90.492480284,20.408207626],[-90.49192064,20.409237458],[-90.492242335,20.410227311000003],[-90.492029143,20.410375794999997],[-90.492447723,20.410978254],[-90.492097177,20.412374126],[-90.492333713,20.412732408],[-90.49186543600001,20.413240668],[-90.492400165,20.413314080999992],[-90.492507649,20.413634863],[-90.492449572,20.414794115000003],[-90.492852196,20.416155189999998],[-90.492635183,20.41721547299999],[-90.493192938,20.417695170000002],[-90.49328240600002,20.418804952999995],[-90.493807787,20.418924876],[-90.494190627,20.420623083],[-90.493824921,20.421287206999995],[-90.49422847,20.421296723999998],[-90.494015272,20.421603196999996],[-90.49286171400001,20.421540379999993],[-90.492379318,20.421883453],[-90.492819838,20.422633029],[-90.493387098,20.422305613999995],[-90.493944845,20.422454093],[-90.494378852,20.423493440999998],[-90.495113183,20.423819069],[-90.495724675,20.426091814999996],[-90.495653776,20.427312058],[-90.496494669,20.429170892],[-90.495932164,20.430150279],[-90.495800817,20.4313481],[-90.495418204,20.431488019],[-90.495625817,20.431883004000003],[-90.496133831,20.432024588999997],[-90.496568182,20.433020287999998],[-90.496688343,20.433687731999996],[-90.496305747,20.434820050999992],[-90.495047008,20.435015165999996],[-90.494837619,20.435362569],[-90.495133266,20.435820019],[-90.494297478,20.437006778],[-90.493265763,20.436801323],[-90.493544978,20.437405334],[-90.493188058,20.437381544999997],[-90.493146417,20.43784554299999],[-90.492601896,20.437872989999995],[-90.493024461,20.438345226999996],[-90.492298735,20.438122148000005],[-90.492373468,20.438679618],[-90.492059381,20.438520782],[-90.49201617,20.439029319],[-90.491620587,20.438990651],[-90.491934944,20.439142834],[-90.49220950400002,20.440007878999996],[-90.49191545,20.440408973999997],[-90.491307511,20.440558977999995],[-90.491615638,20.440773029],[-90.491537108,20.441094251999996],[-90.492819613,20.441966843999996],[-90.49335383,20.443567706],[-90.493050452,20.445491501],[-90.49354790800001,20.445776315999993],[-90.493553707,20.446951304999995],[-90.493318143,20.447390308000003],[-90.492657019,20.447544229],[-90.493054022,20.448268331999994],[-90.493935613,20.447986362],[-90.494356772,20.448521744],[-90.494142624,20.448835838],[-90.494568708,20.4492539],[-90.494317508,20.449531822000004],[-90.494561127,20.449912798],[-90.494359148,20.450514542],[-90.494692272,20.450778665999998],[-90.494585204,20.451202206999998],[-90.49485894,20.451244762],[-90.494780322,20.451799448999992],[-90.495496535,20.452408598000005],[-90.495482262,20.452848795000005],[-90.496274018,20.453984754],[-90.49633172400002,20.454761876999996],[-90.495868459,20.45538701],[-90.497354896,20.455804676],[-90.498238272,20.454864791],[-90.498143086,20.454067676000005],[-90.499026461,20.453609624],[-90.50071529,20.455799322],[-90.500746217,20.458342967],[-90.50124829,20.459989553999996],[-90.501048416,20.460301264999995],[-90.501272082,20.461947851000005],[-90.502616479,20.464120298000005],[-90.502390424,20.464382045000004],[-90.502535573,20.465060185],[-90.501180581,20.466346118999997],[-90.501229246,20.467458681],[-90.500560618,20.468933954],[-90.50005617300002,20.469231380999997],[-90.499313788,20.469038643999998],[-90.498221249,20.469211122],[-90.496832248,20.468580561999993],[-90.496071414,20.467530226],[-90.495581244,20.467501678999998],[-90.494857886,20.466668860999995],[-90.494082186,20.466640311999996],[-90.493549179,20.466207243999992],[-90.492297588,20.46633574299999],[-90.492330139,20.466768566],[-90.49192163,20.467278004],[-90.490793772,20.467320832999995],[-90.49037029,20.466622136],[-90.489814572,20.466525900999997],[-90.489032208,20.465842521999996],[-90.488649868,20.46528878],[-90.488930652,20.464622525],[-90.487667151,20.46395152],[-90.487266765,20.463022693999996],[-90.485497044,20.46286506],[-90.484682078,20.463082188],[-90.484357871,20.463638386],[-90.482945068,20.464141043999998],[-90.482701168,20.463962578999997],[-90.48218958600002,20.464492009000004],[-90.482100357,20.465211796],[-90.481032579,20.466089223000004],[-90.479447263,20.466737634000005],[-90.479304494,20.467368184999998],[-90.478284303,20.467148082999998],[-90.477046983,20.46822777],[-90.476886368,20.469176572999995],[-90.476056531,20.469280676000004],[-90.476273656,20.470354412999995],[-90.474983981,20.470582239],[-90.47575135800001,20.470873724999997],[-90.475995257,20.471456692],[-90.47549557400002,20.471992070999995],[-90.475882229,20.473580359999996],[-90.476554425,20.471670844],[-90.477869086,20.470320503999996],[-90.478868455,20.470368087999994],[-90.47942168400002,20.470034965],[-90.482372213,20.470177731999993],[-90.483674969,20.471141413],[-90.483984293,20.471688695999998],[-90.48458511,20.471861202000003],[-90.485316799,20.471599459],[-90.486185297,20.472045610000002],[-90.486161507,20.472402529],[-90.486756369,20.47303309],[-90.4888384,20.473871848999995],[-90.490242279,20.476025260000004],[-90.489986482,20.476530891999996],[-90.490075719,20.477595702999995],[-90.491122681,20.478363078999998],[-90.491176218,20.478714049],[-90.491759181,20.479100711000005],[-90.49379957,20.479320819],[-90.493983984,20.478196523],[-90.494769205,20.477916934],[-90.496042218,20.478505854],[-90.49682744,20.477958572999995],[-90.494870327,20.476352441999996],[-90.494965509,20.475757574999996],[-90.496339644,20.475424448],[-90.49639319,20.4747344],[-90.496976149,20.47421092],[-90.498510901,20.473925391],[-90.499206894,20.47296765],[-90.500355491,20.472138332000004],[-90.500754548,20.471251474999992],[-90.502154371,20.471821865999992],[-90.502740392,20.473187758],[-90.502484609,20.474234716],[-90.502682008,20.474923546999996],[-90.502294251,20.475489880000005],[-90.501996815,20.477405351999998],[-90.502304277,20.479467078],[-90.502112722,20.481865577000004],[-90.502404103,20.481913737999996],[-90.502199469,20.482603777999994],[-90.50261241200002,20.483850610999998],[-90.502262628,20.485946344999995],[-90.502537463,20.488761255],[-90.50153322,20.491231704],[-90.501033533,20.491146039999997],[-90.50137141400002,20.491464887],[-90.500280541,20.492358992],[-90.500414873,20.493463639999998],[-90.499439285,20.493744412000005],[-90.499729587,20.494129884999996],[-90.50046722,20.493996634],[-90.501102777,20.492879085999995],[-90.502004465,20.493308399000004],[-90.502345917,20.494132884],[-90.502312602,20.49756406399999],[-90.502094027,20.498860709999995],[-90.501089894,20.501106921000005],[-90.499214544,20.50291904399999],[-90.498868223,20.504537646],[-90.497929521,20.506520933],[-90.497864979,20.507396719],[-90.497166486,20.50772651],[-90.497815423,20.508165751999996],[-90.497466899,20.508728858999994],[-90.497774443,20.508912671999994],[-90.496927351,20.509759759],[-90.497049236,20.510172832],[-90.496512733,20.510664946],[-90.496729714,20.512364153],[-90.49627939,20.514055791999997],[-90.495905963,20.514472084999998],[-90.495888125,20.515640993],[-90.495242689,20.517095438],[-90.494383108,20.517990714000003],[-90.49449613200001,20.518731325000005],[-90.49318936100002,20.519330549],[-90.49329748000001,20.519778282999994],[-90.49483504,20.520400899000002],[-90.494992852,20.520825244999997],[-90.494850077,20.522812101],[-90.494380135,20.522773427999997],[-90.494650805,20.523597319000004],[-90.493815517,20.525435516999995],[-90.493907223,20.525976777000007],[-90.493452152,20.526402105999995],[-90.493452149,20.527166507999997],[-90.492527136,20.527865473999995],[-90.492188062,20.528659624999996],[-90.491646728,20.528903522],[-90.491233305,20.530334165999996],[-90.49056996300001,20.530709954999992],[-90.490605722,20.531223489999995],[-90.48983536300001,20.532796911000002],[-90.489767698,20.534997908999998],[-90.489000566,20.535279522999993],[-90.489302814,20.535457617999995],[-90.488851844,20.53698298],[-90.488118798,20.537884053],[-90.487761579,20.538960073],[-90.487151486,20.539422634],[-90.48681534500001,20.540410665999996],[-90.486434627,20.540470151999997],[-90.486895648,20.540725946],[-90.486987857,20.541139382],[-90.486449498,20.541877015999997],[-90.485728333,20.54208714],[-90.48563915,20.542719748999996],[-90.486101507,20.543536684],[-90.485848687,20.544060165],[-90.485263563,20.543791240999997],[-90.485200288,20.543994731999998],[-90.486042021,20.544399238000004],[-90.484935567,20.546534808],[-90.484015168,20.550306663],[-90.484147369,20.551299673999996],[-90.483719072,20.551686337999996],[-90.483796406,20.552370432000004],[-90.4824245,20.553746167],[-90.482395411,20.554374175999993],[-90.481939038,20.554314212999998],[-90.482385892,20.55719527],[-90.48197044,20.558117544],[-90.481242326,20.557926240999997],[-90.481609243,20.558351683999998],[-90.481553558,20.558857079],[-90.48001024,20.561653899],[-90.478593991,20.562846014999998],[-90.477219139,20.564667732],[-90.476767994,20.565070331000005],[-90.476522433,20.564933272],[-90.476748183,20.565282332000002],[-90.474682151,20.566616505],[-90.474640754,20.566907749999995],[-90.475107601,20.567021970999996],[-90.473744174,20.568666645],[-90.473559996,20.569835915],[-90.473053178,20.570162850999996],[-90.472464847,20.570066985],[-90.472936109,20.570725356],[-90.47249210300001,20.573051039999996],[-90.472050904,20.573516647],[-90.471775401,20.574538679999993],[-90.470484782,20.576026317999997],[-90.470601855,20.576453195000003],[-90.469910856,20.577366907],[-90.469584958,20.577256116],[-90.469231099,20.577649755999996],[-90.469161047,20.577928163],[-90.469765238,20.578154991999998],[-90.469839044,20.578499226999995],[-90.46946882,20.578840454],[-90.46932837,20.580891841],[-90.468787281,20.581798416999998],[-90.467582315,20.582597913],[-90.46697698,20.582595057],[-90.466891321,20.583705791],[-90.466197474,20.584419629],[-90.466038995,20.585133475],[-90.464486959,20.584760616999993],[-90.465183637,20.585593184999997],[-90.464635596,20.586888083],[-90.464231559,20.586912358999996],[-90.464999647,20.587611917999997],[-90.46453994,20.588699803999997],[-90.463777555,20.589486459999996],[-90.463412075,20.589552127],[-90.46321504900001,20.589193785000003],[-90.462849991,20.589349395],[-90.462995197,20.589979006999997],[-90.46440430500002,20.590875590000003],[-90.464425726,20.591312453],[-90.46404311,20.592780105000003],[-90.463517722,20.593533915000002],[-90.463837405,20.593951498],[-90.463646208,20.594568988999992],[-90.462736778,20.595414166999998],[-90.462554044,20.596303616],[-90.462085758,20.596494924],[-90.462484088,20.596911803999998],[-90.46201895,20.598619942000003],[-90.462479803,20.598913408999998],[-90.461127788,20.600054113999995],[-90.460964655,20.601334585999997],[-90.459550204,20.602329831999995],[-90.45971582,20.602475461999997],[-90.459428852,20.602875202],[-90.457638544,20.603860299],[-90.457989825,20.604324646000002],[-90.457974057,20.605099527999993],[-90.457645691,20.605463580999995],[-90.457465347,20.607037800999997],[-90.457170293,20.607099660000003],[-90.4574939,20.607273368999998],[-90.45787936500001,20.608620142000003],[-90.457227394,20.609360147999997],[-90.45690953000002,20.610485325],[-90.456578065,20.61033073899999],[-90.457096524,20.611025770999998],[-90.45620367,20.611279797999998],[-90.456223263,20.611665848999998],[-90.45519534,20.612153641],[-90.455085878,20.612712814],[-90.454714686,20.612677115],[-90.454778936,20.613012619999996],[-90.454545746,20.612900785999994],[-90.453817633,20.613426653999998],[-90.45308476,20.613288645000004],[-90.453379814,20.614038166999993],[-90.453917568,20.614383188999998],[-90.45324521,20.614847843999996],[-90.453265594,20.615108926],[-90.454705173,20.614706799],[-90.456501666,20.615649061999996],[-90.456663467,20.617345623999995],[-90.455545115,20.619622769],[-90.454701485,20.620046284],[-90.453862842,20.621395468999996],[-90.453322703,20.621659582],[-90.45419173,20.622010512000003],[-90.454034156,20.623277613999996],[-90.453617756,20.623584572],[-90.45364868400002,20.624041421999994],[-90.453018129,20.624334097000002],[-90.452794458,20.625773677],[-90.452097276,20.626113937999996],[-90.451795084,20.627482120999996],[-90.452237662,20.627931842],[-90.45210204,20.629181062999997],[-90.451597594,20.629580810999997],[-90.451383445,20.630634908000005],[-90.450610119,20.631341608999996],[-90.450519692,20.63196264799999],[-90.45011519,20.632138734999998],[-90.45055539000002,20.63240523],[-90.449315684,20.633264210999997],[-90.448839793,20.632938227999993],[-90.44889690000001,20.633502157000002],[-90.44844783500001,20.633474698],[-90.448173544,20.633775796000002],[-90.448428152,20.634377798999996],[-90.448202104,20.634963145999997],[-90.448901661,20.636557392999997],[-90.448168792,20.637209360000003],[-90.448675617,20.637280743000005],[-90.448828578,20.637576164],[-90.447819009,20.639260462000003],[-90.44720618,20.639609023999995],[-90.447443055,20.640005223999996],[-90.446957645,20.640578673999993],[-90.447023176,20.642849204999997],[-90.44681487,20.643267464],[-90.446393706,20.643338850000003],[-90.44711065,20.643909110000003],[-90.446800602,20.644557136999996],[-90.44693968,20.64645473299999],[-90.446636418,20.647181686999996],[-90.446231793,20.647254231],[-90.446827156,20.647708237999996],[-90.445605391,20.647722029],[-90.447300287,20.649216119999995],[-90.446469854,20.650470094999996],[-90.446308053,20.65146233],[-90.446481751,20.652530714999994],[-90.446791752,20.652772977],[-90.446496028,20.655014864999995],[-90.446848999,20.655364338999995],[-90.446869088,20.655983964],[-90.446673181,20.656785188],[-90.446183484,20.657118464999996],[-90.44674587,20.657225387],[-90.446122447,20.658455567],[-90.446388952,20.659809479],[-90.445815384,20.660429311],[-90.446289525,20.660395715999996],[-90.445622764,20.662160386],[-90.445860706,20.663999709999995],[-90.445199223,20.664673096],[-90.445390867,20.66690975],[-90.444958897,20.667528458],[-90.445429011,20.66760770999999],[-90.445149253,20.668375542],[-90.445489389,20.669818840999998],[-90.444982691,20.670709793000004],[-90.445418132,20.671311797999998],[-90.445096906,20.673246294999995],[-90.445551376,20.673964892999997],[-90.444414,20.675663831],[-90.444571045,20.676001714999998],[-90.443167043,20.677077213000004],[-90.442805164,20.678298619],[-90.442305797,20.678709544999997],[-90.441977431,20.679839783000002],[-90.442603222,20.680793946],[-90.442104647,20.681303857],[-90.442932969,20.681541805000002],[-90.442933973,20.681838529000004],[-90.442435479,20.681980105999994],[-90.44348482,20.682289441999995],[-90.442262727,20.684325064999992],[-90.441488206,20.684792630999997],[-90.441922412,20.685088849999996],[-90.441852271,20.685784865000002],[-90.442409065,20.686434459999994],[-90.443022967,20.686652179],[-90.443151447,20.688468904],[-90.443551205,20.689222002],[-90.443401292,20.689803777],[-90.443772491,20.690628260000004],[-90.443515505,20.691763259],[-90.442792157,20.691410505],[-90.442604768,20.691704962999996],[-90.442878404,20.692347417999997],[-90.443601174,20.692531827],[-90.443827215,20.693513355999997],[-90.44287246600001,20.694090374],[-90.44183145100001,20.695294976999996],[-90.441310943,20.697171775999998],[-90.441629188,20.698180074],[-90.442033698,20.698394226999998],[-90.441861188,20.700508971999998],[-90.442176471,20.700907536999992],[-90.441947448,20.701368548000005],[-90.442274617,20.701657064],[-90.442111028,20.702751617],[-90.441798733,20.703049044],[-90.442125907,20.703706375],[-90.441465609,20.704271494],[-90.441450727,20.705336306000003],[-90.441929598,20.706966232999996],[-90.44159053,20.707412379],[-90.441971235,20.708530727],[-90.441590529,20.709396256999998],[-90.44195636300002,20.710377787],[-90.441733293,20.711948227999997],[-90.442087235,20.712995189],[-90.441654995,20.713670339999997],[-90.442396846,20.713885599000005],[-90.442637712,20.714688742999996],[-90.442318861,20.715428756],[-90.442640084,20.715538210999995],[-90.44274478,20.716023621],[-90.44227364700001,20.716406716],[-90.44295656,20.716613728],[-90.444058249,20.717812976],[-90.443320617,20.719188311],[-90.4441796,20.718781419],[-90.444629321,20.717339462999995],[-90.445114725,20.717061067],[-90.445999888,20.717284735999996],[-90.446794629,20.716932575999994],[-90.44804146700001,20.715359752999998],[-90.447860618,20.714217618999996],[-90.44824376,20.709974445],[-90.449837999,20.707672308],[-90.450807592,20.702895777999995],[-90.451171648,20.702471050999996],[-90.451168072,20.701764353000005],[-90.452103207,20.700440182999998],[-90.452049672,20.699026776],[-90.452728231,20.698346422999997],[-90.453200264,20.696050538999998],[-90.452949274,20.693245002999998],[-90.45217063500002,20.692088354999996],[-90.45222645,20.691308141],[-90.45130500500001,20.690419403999996],[-90.451403404,20.690251306999997],[-90.451815541,20.690582164],[-90.452072236,20.690356701000002],[-90.452130391,20.689581032],[-90.451771603,20.689429041000004],[-90.452079619,20.689488149],[-90.452345889,20.688023108],[-90.451816734,20.686814543999997],[-90.45254672,20.685732633],[-90.453170649,20.686422945999993],[-90.452938227,20.686396557999995],[-90.452718216,20.687405632999997],[-90.45308949,20.689257619999996],[-90.453421123,20.689272827000003],[-90.453097312,20.689305546999996],[-90.453215779,20.690047562999993],[-90.454798732,20.689410042],[-90.454878839,20.689581033],[-90.453361706,20.690151185000005],[-90.454424878,20.693010585],[-90.45407127,20.69477652599999],[-90.454222762,20.697864837000004],[-90.454388186,20.698179669999995],[-90.455012809,20.698108964999996],[-90.455018513,20.698191675000004],[-90.454402447,20.69820101399999],[-90.454519385,20.698371769999998],[-90.454940079,20.69829573000001],[-90.454942931,20.698414459],[-90.454523664,20.698391779999998],[-90.45482171400002,20.699292249],[-90.454488012,20.700051306],[-90.454579281,20.701157201],[-90.453900468,20.702732653999995],[-90.454013128,20.703311605],[-90.45079694,20.709729385],[-90.450963909,20.710104294],[-90.450441007,20.710711065000005],[-90.450457091,20.711251196999992],[-90.450226279,20.711213125999997],[-90.450392845,20.711574801],[-90.449557654,20.713161897],[-90.449562405,20.713861458999997],[-90.448656403,20.715048628],[-90.448505925,20.716276612],[-90.445812381,20.718801222999996],[-90.445058093,20.719086755999992],[-90.443799357,20.721216372999997],[-90.441356587,20.722468409999994],[-90.440743718,20.723119801999996],[-90.440656089,20.723769534000002],[-90.439935997,20.723848202999992],[-90.439283133,20.724830773999997],[-90.435183474,20.726467417000002],[-90.433886673,20.728178247999995],[-90.433957565,20.72876357599999],[-90.433375089,20.729872426],[-90.433465508,20.731133544999995],[-90.432404457,20.732656246999998],[-90.432399806,20.732865315999998],[-90.432647602,20.732652518],[-90.433114495,20.732838473999998],[-90.431482958,20.734315108999997],[-90.430455491,20.737434037],[-90.430717231,20.740893774999996],[-90.430500701,20.741714685],[-90.431528619,20.745217255999993],[-90.430829716,20.746133453],[-90.431171703,20.746580684999994],[-90.430826686,20.746935221999998],[-90.429822553,20.747023270000003],[-90.42508927,20.746290507000005],[-90.423798184,20.746374507],[-90.423124362,20.747067288999993],[-90.42184817,20.747645248999998],[-90.421391526,20.748472354999997],[-90.419864937,20.749815207999994],[-90.419830009,20.750450281],[-90.419464167,20.750551408000003],[-90.418780061,20.751961239000003],[-90.418301627,20.752035243000005],[-90.417929412,20.752686974],[-90.415809015,20.753791675999995],[-90.415243598,20.754391261999995],[-90.414837185,20.754544374],[-90.414416734,20.754203880999995],[-90.414666569,20.755194329999995],[-90.413395667,20.756473903999996],[-90.41312885,20.757118723999998],[-90.412340649,20.757425076000004],[-90.411537537,20.758320653999995],[-90.411541583,20.758788154000005],[-90.410707748,20.760179309],[-90.410435125,20.762155092000008],[-90.410585801,20.76271046],[-90.410927848,20.762784809999996],[-90.410924874,20.763724698],[-90.410576872,20.765006638999996],[-90.410059344,20.765884065000005],[-90.408781736,20.766984543],[-90.40812474,20.768242519999998],[-90.407478339,20.768274353000002],[-90.407698206,20.768530102],[-90.407488427,20.770411894],[-90.407290765,20.770374573000005],[-90.406630374,20.772353218000003],[-90.406464697,20.773903219],[-90.406814164,20.774485837],[-90.40644577000002,20.775249532],[-90.40674297,20.775461388999997],[-90.406830246,20.776360479999997],[-90.41279201500001,20.776743402999998],[-90.413068032,20.775696442],[-90.414291793,20.775453499999998],[-90.414924384,20.775936561999995],[-90.41493561300001,20.777085518999993],[-90.414162135,20.780319066999997],[-90.414313184,20.785005217],[-90.415020799,20.78931669],[-90.414646721,20.797233431999995],[-90.414101513,20.800743886],[-90.414737194,20.804171614],[-90.414544459,20.806434482999997],[-90.41512382000002,20.807292552],[-90.414891878,20.805578782],[-90.415118301,20.80536661299999],[-90.414775649,20.804638499],[-90.415039776,20.804417212],[-90.415589427,20.80463849699999],[-90.41538242,20.80371051299999],[-90.414929536,20.803316254999995],[-90.415332444,20.80328221],[-90.415390692,20.802970130999995],[-90.414879462,20.802656965999997],[-90.415396694,20.802539812],[-90.4148792,20.801413511],[-90.414258161,20.800821025000005],[-90.41506241800002,20.800840060999995],[-90.416162525,20.803501598],[-90.416012377,20.805151858999995],[-90.416302672,20.808787675000005],[-90.41560311,20.812542464999996],[-90.416050449,20.813765508],[-90.41582202,20.815293122],[-90.415322334,20.815987924],[-90.415398476,20.81689687799999],[-90.410406367,20.828960746],[-90.405019134,20.837848412999993],[-90.40422053,20.839767632999997],[-90.40344094,20.842291014],[-90.40333718500001,20.843956692999992],[-90.403743191,20.844629705999992],[-90.405063167,20.845198866999993],[-90.40468285900002,20.845529372],[-90.404524349,20.846763581000005],[-90.399847199,20.845286801000004],[-90.379357,20.84832729]]]]}},{"type":"Feature","id":"S50-23","properties":{"name":"Quintana Roo","source_id":"S50","status":"DERIVADO","origin":"OFICIAL"},"geometry":{"type":"MultiPolygon","coordinates":[[[[-87.38974946,18.374173680000002],[-87.39197875,18.37446925],[-87.39508031,18.37973062],[-87.39463245,18.380767219999996],[-87.3926252,18.380161379999997],[-87.38855395,18.377041920000003],[-87.38779992,18.37537132],[-87.38974946,18.374173680000002]]],[[[-87.401617,18.381240029999997],[-87.40081742,18.380609419999995],[-87.39975549,18.38070483],[-87.39950709,18.379801279999995],[-87.40065694,18.3779728],[-87.40256242,18.37764142],[-87.40479385,18.377694169999995],[-87.40752405,18.37934602],[-87.40839415,18.380289260000005],[-87.40871052,18.381817549999997],[-87.40858952,18.383134309999996],[-87.40965989,18.386367739999997],[-87.40930855,18.38896558],[-87.40878628000002,18.390140399999996],[-87.40805149,18.390481169999997],[-87.40702794,18.39036893999999],[-87.40603057,18.387170689999998],[-87.40494408,18.385844219999996],[-87.40392254,18.3854892],[-87.401617,18.381240029999997]]],[[[-87.41155089,18.39206985],[-87.41251105,18.391037250000004],[-87.41505734,18.392826219999996],[-87.41673838,18.393082479999997],[-87.42074026,18.395853860000003],[-87.42152625,18.39811409],[-87.42133343000002,18.39929154],[-87.41956911,18.400213619999995],[-87.41861778,18.40020605],[-87.41748868,18.399572779999996],[-87.4143366,18.3958372],[-87.41200132,18.395055599999996],[-87.41155089,18.39206985]]],[[[-87.42564123,18.404874059999997],[-87.42697534,18.40287348],[-87.42915494,18.404798020000005],[-87.43031198,18.406471689999996],[-87.43113714,18.40845466],[-87.43006695,18.409521140000003],[-87.42937629,18.408960820000004],[-87.42775342,18.40610455],[-87.42691611,18.405577709999996],[-87.42603883,18.405466709999992],[-87.42564123,18.404874059999997]]],[[[-87.437155,18.41970258],[-87.43891495000001,18.419300400000004],[-87.43916372,18.420203999999995],[-87.43842742,18.420718249999997],[-87.43804622,18.422553029999996],[-87.43756534,18.42317342],[-87.43598645,18.42378505],[-87.43521938,18.423605579999993],[-87.43452846,18.42307998],[-87.43395534,18.42158442],[-87.43414374000001,18.420927089999996],[-87.43583235,18.42031632],[-87.43685669,18.42035908],[-87.437155,18.41970258]]],[[[-87.43924158,18.42845734],[-87.44074180000001,18.42850385],[-87.4418296,18.429726059999993],[-87.44286869,18.436842709999997],[-87.44270451,18.43899132],[-87.44358383,18.44329797],[-87.443714781,18.44517151],[-87.44301282,18.445963429999995],[-87.44359974,18.45023314],[-87.44498872,18.454890599999995],[-87.44739877,18.460041459999996],[-87.44698325,18.461598619999997],[-87.44529262,18.46241745],[-87.4442662,18.462582819999998],[-87.44175978,18.46023978],[-87.44199546,18.458299859999997],[-87.43996038,18.456515350000004],[-87.43876711,18.450333769999997],[-87.43861197000001,18.442565249999998],[-87.43736211,18.43881038],[-87.43727277,18.43194397],[-87.43699123,18.430589449999996],[-87.43832288,18.42890088],[-87.43924158,18.42845734]]],[[[-87.44364506,18.475719799999997],[-87.44537189,18.474970569999996],[-87.44719251,18.476163819999996],[-87.4470492,18.48021966],[-87.44640548,18.482815259999995],[-87.44653929,18.484342],[-87.44612342,18.485933849999995],[-87.44482288,18.48824682],[-87.44562883,18.492622180000005],[-87.44479846,18.49563243],[-87.44504949,18.50069697],[-87.44362388,18.50484675],[-87.44224465,18.512221689999993],[-87.44193394,18.51436911],[-87.44222029,18.51516892],[-87.44205546,18.517386770000005],[-87.44157135,18.51835388],[-87.44057982,18.51869285],[-87.43963134,18.51826928],[-87.43715897,18.516134549999997],[-87.43742368000001,18.51513109],[-87.43812217,18.51478983000001],[-87.43867922,18.513858],[-87.43848365,18.5109438],[-87.43964031000002,18.50835229],[-87.44063778,18.507285219999996],[-87.44051446,18.50007177],[-87.44107311,18.49893195],[-87.44164789,18.49585038],[-87.44174983,18.492383649999994],[-87.44129937,18.484890229999998],[-87.44163655,18.483956719999995],[-87.44069069,18.478817319999997],[-87.44364506,18.475719799999997]]],[[[-87.43590898,18.55638242],[-87.43720588,18.554589549999996],[-87.43862357,18.555883649999995],[-87.43824229000002,18.5576838],[-87.43914726,18.558973849999997],[-87.43920909,18.56036138],[-87.43743694000001,18.562046460000005],[-87.43673875,18.562318400000002],[-87.43546548,18.56126806],[-87.43460555,18.55897269],[-87.43537525,18.558909459999995],[-87.43590898,18.55638242]]],[[[-87.36191945,18.38514452],[-87.37193263,18.37818835],[-87.37729257,18.376117289999996],[-87.37831582,18.376264480000003],[-87.38096288,18.37479512],[-87.38243022000002,18.37435645],[-87.38333891,18.37505743],[-87.38450912,18.37936678],[-87.38431928,18.3801628],[-87.38064626,18.381797139999996],[-87.37878146,18.38164305],[-87.37682852,18.383222090000004],[-87.37462242,18.384452199999995],[-87.37363758,18.384097309999998],[-87.37246072,18.384781089999997],[-87.37094920000001,18.386086339999995],[-87.36760692,18.391710850000003],[-87.36440852,18.393418149999995],[-87.36248542,18.399921230000004],[-87.3624956,18.40293812],[-87.36100189,18.40635855],[-87.35924126,18.406829430000002],[-87.35758206,18.408237259999996],[-87.35757048,18.40955486],[-87.35499158,18.411509939999995],[-87.35268369,18.41592916999999],[-87.35142789000001,18.417236339999995],[-87.35093232,18.419486109999998],[-87.34861489000001,18.420819079999994],[-87.34808871,18.42237505],[-87.34539057,18.425369230000005],[-87.34399197,18.42625905],[-87.34291131,18.428434570000004],[-87.34131762000001,18.430675089999998],[-87.33740245,18.43466446],[-87.33565369,18.43787455],[-87.33361717,18.440492779999996],[-87.33216046,18.443774629999997],[-87.33084354,18.45187768],[-87.32939782,18.45800306],[-87.32799178,18.471965449999995],[-87.32820895,18.47633651],[-87.3290176,18.48827177],[-87.32983386,18.491156829999998],[-87.33139148,18.493042520000003],[-87.33197365,18.49755529],[-87.33191877,18.49960069],[-87.33281912,18.50539911],[-87.33524986,18.51204265],[-87.33734117,18.51570123],[-87.33701983,18.52301509],[-87.33505568,18.525633920000004],[-87.33470391000002,18.528127599999994],[-87.33311809,18.533488940000005],[-87.32988943,18.538246800000003],[-87.32863592,18.539172479999994],[-87.32869706,18.540525369999997],[-87.32835728,18.541666739999997],[-87.32718388,18.541830179999998],[-87.32686143,18.54512168],[-87.32604243,18.546605770000003],[-87.32497043,18.547706279999996],[-87.32429686,18.5492956],[-87.32314729,18.55088094],[-87.32174905,18.551597229999995],[-87.32049392000002,18.552696120000004],[-87.31919558,18.554522919999997],[-87.31442568,18.555453169999996],[-87.31344525,18.55450851],[-87.31160626,18.551302619999998],[-87.31201628,18.550508580000002],[-87.31286808,18.549475660000002],[-87.31452511,18.54848425],[-87.31755503,18.54552798],[-87.32132791,18.541399],[-87.32316828,18.54037438],[-87.32441874,18.53570385],[-87.32619134,18.534054429999998],[-87.32701529,18.53201555],[-87.32976448,18.52763503],[-87.33098363,18.52643174],[-87.33092872,18.524385349999992],[-87.32818202,18.51621335],[-87.32737735,18.5120108],[-87.32665463,18.510929739999998],[-87.32536791,18.507416520000003],[-87.32206317000002,18.500279939999995],[-87.32094488,18.494340859999994],[-87.32004482,18.49263409],[-87.32092862,18.487994980000003],[-87.32069231,18.48577374],[-87.32112897,18.481997799999995],[-87.32111034,18.471837679999997],[-87.32176502,18.46823697],[-87.32212423000001,18.460854050000002],[-87.32293146,18.45656112],[-87.32578008,18.449130020000002],[-87.32771814,18.44526271],[-87.32956828,18.438932739999995],[-87.33116429,18.43644962999999],[-87.33260063,18.435456180000003],[-87.33434858,18.43235006],[-87.33663120000001,18.430843619999997],[-87.33800111,18.429086710000004],[-87.33846612,18.426177859999996],[-87.33940872,18.423065],[-87.34164354000002,18.41867994],[-87.34658366,18.410468630000004],[-87.34861769,18.408058339999997],[-87.35485248,18.40235432],[-87.35651678,18.40035694],[-87.35719002,18.39869818],[-87.3572492,18.3961326],[-87.35817843,18.390314820000004],[-87.35948394,18.387482249999998],[-87.36191945,18.38514452]]],[[[-87.43568863,18.582906970000003],[-87.4366104,18.582186050000004],[-87.43750743,18.584446970000002],[-87.43849218,18.584974849999995],[-87.43924071,18.587477399999997],[-87.43897678,18.588376829999994],[-87.43764889,18.589475939999996],[-87.43687731,18.58974724999999],[-87.43556522,18.5889394],[-87.43608671000001,18.587903259999997],[-87.43613163,18.58689806],[-87.43596006,18.58550969],[-87.43512882,18.584150780000005],[-87.43568863,18.582906970000003]]],[[[-87.43814322,18.60054112],[-87.44073805,18.596886029999997],[-87.44229351,18.599290800000002],[-87.44246311,18.600921819999996],[-87.44183292,18.6018184],[-87.44228538,18.604699970000002],[-87.44119457,18.60812426],[-87.44000323,18.610403419999997],[-87.44028289,18.61203526],[-87.44082555,18.6128718],[-87.440126,18.6132824],[-87.43804145,18.61281522],[-87.43660365,18.609475089999997],[-87.43743757,18.60611822],[-87.4376186,18.60195866],[-87.43814322,18.60054112]]],[[[-87.3094498,18.60357742],[-87.30691123,18.602617319999997],[-87.30549398,18.60107865],[-87.30529892,18.60001477],[-87.30575458,18.5996096],[-87.30523622,18.599211309999998],[-87.30513346,18.598568119999996],[-87.30543951,18.597569679999996],[-87.30597851,18.596274279999996],[-87.30624908,18.596230849999998],[-87.30612842,18.59580142],[-87.307316781,18.59253491],[-87.30775028,18.592135399999997],[-87.30856097,18.592354290000003],[-87.30853248,18.58962888],[-87.31077208,18.585847570000002],[-87.3125868,18.583616249999995],[-87.31304892,18.583395],[-87.31377918,18.582063050000002],[-87.31512718,18.580972],[-87.31520074,18.580620489999998],[-87.31619665,18.580220179999994],[-87.31594677,18.579864400000005],[-87.31623266,18.57959446],[-87.31675154,18.579602139999995],[-87.31659332,18.57910022],[-87.31779257,18.577812599999998],[-87.31900691,18.577223679999996],[-87.31929857,18.57679237],[-87.31981177,18.57705428],[-87.31953309,18.576589540000004],[-87.32007003,18.575721199999997],[-87.32238174,18.57450446],[-87.32305097,18.57390489],[-87.323034429,18.573605709999995],[-87.32487854000001,18.572976909999998],[-87.32530932000002,18.573245779999997],[-87.32637005,18.572656519999995],[-87.32617934000001,18.572398400000004],[-87.32664548000001,18.572150279999995],[-87.33241088,18.57194817],[-87.33489625,18.572803149999995],[-87.3371026,18.573114089999997],[-87.33784585,18.573495489999996],[-87.33830503,18.57338454],[-87.33870091,18.57383043],[-87.33883895,18.573510799999998],[-87.33911674,18.57371954],[-87.33893926,18.57453597],[-87.33925663,18.57433715],[-87.33977897,18.575487030000005],[-87.34024266000002,18.574756309999998],[-87.33978098,18.57493238],[-87.33945485,18.57332577],[-87.34028572,18.573841510000005],[-87.34067551,18.5736228],[-87.34010123,18.573568290000004],[-87.33928292,18.572603089999998],[-87.34103031,18.573497879999998],[-87.34123495,18.574492250000002],[-87.34094288,18.57507235],[-87.34016183,18.575863290000008],[-87.33931508,18.57585851],[-87.33931623,18.576438619999998],[-87.33760423,18.577116399999998],[-87.33737428,18.57791762],[-87.3362092,18.578980290000004],[-87.33336063,18.58020143],[-87.33254452,18.58093588],[-87.33046691,18.581254399999995],[-87.32975262000001,18.580945229999998],[-87.32500325,18.583539619999996],[-87.32297346,18.58506712],[-87.32285243,18.586305509999995],[-87.3240146,18.59012285],[-87.32399115,18.59195797],[-87.32185872,18.59577478],[-87.32111006,18.597695950000002],[-87.32094211,18.597238379999997],[-87.32114035,18.597143490000004],[-87.32088969,18.597128980000004],[-87.32066646,18.597821119999992],[-87.32104782,18.59791503],[-87.32052732,18.59881169],[-87.31920732,18.59972232],[-87.31865315,18.59948454],[-87.31832142,18.60009763],[-87.31759703,18.600491509999998],[-87.31561405,18.600567539999997],[-87.31469174,18.601187519999996],[-87.31510575,18.60141789],[-87.31385865,18.601851520000004],[-87.31354695,18.601658449999995],[-87.31260498,18.60252198],[-87.31213277,18.60227003],[-87.31189032,18.602499230000003],[-87.31208118,18.60279095],[-87.31153278,18.60311525],[-87.3094498,18.60357742]]],[[[-87.436376,18.623655280000005],[-87.43766011,18.62345735],[-87.437942,18.62481182999999],[-87.43733734,18.627026230000002],[-87.43408165,18.63518383],[-87.43323026,18.636217279999997],[-87.43335955,18.638298849999995],[-87.43195503,18.639744060000005],[-87.43039117,18.642713679999996],[-87.4303064,18.644099999999998],[-87.42970937,18.645378230000002],[-87.42619026,18.649892770000005],[-87.42515798,18.655016399999997],[-87.42348652,18.657673049999996],[-87.42307102000001,18.659160780000004],[-87.42130349,18.660152319999998],[-87.4202786,18.660005399999996],[-87.42098157,18.65484450999999],[-87.42409772,18.645957919999997],[-87.42677472,18.63696374],[-87.42834757,18.63291926],[-87.43336611,18.62869394999999],[-87.43374378,18.62734465],[-87.4355636,18.624411630000004],[-87.436376,18.623655280000005]]],[[[-87.40782332,18.676688380000005],[-87.4100616,18.676394310000003],[-87.41107552,18.67785874],[-87.41061932,18.67979682],[-87.40854129,18.682796849999995],[-87.40738543000002,18.685110769999998],[-87.40561268,18.68669162],[-87.40422977,18.68983588],[-87.40237174,18.692802919999995],[-87.39817471,18.70355285],[-87.3983482,18.704698569999994],[-87.39804171,18.706256429999996],[-87.39836512,18.707021879999996],[-87.39783657,18.70882071],[-87.39690562,18.7105122],[-87.394731,18.711881599999998],[-87.39404929,18.71014235],[-87.39476092,18.70837974],[-87.39473458,18.70716594],[-87.39678858,18.702744199999998],[-87.39734518,18.69765148],[-87.39914537000001,18.692880940000002],[-87.40013586,18.68848528],[-87.40162905,18.6853072],[-87.40240606,18.68444656999999],[-87.40253938,18.68170837],[-87.40413563,18.67932872],[-87.40520058,18.67909451],[-87.40576448,18.67743468],[-87.40782332,18.676688380000005]]],[[[-87.39099248,18.72034663],[-87.39249674,18.720220119999997],[-87.39269146,18.72316902],[-87.39125289,18.72419763],[-87.39065889,18.725059629999997],[-87.38952002,18.725327799999995],[-87.38878946,18.725009830000005],[-87.38806523,18.72396368],[-87.38755937,18.723092679999997],[-87.38767592,18.722330820000003],[-87.38966177,18.721618770000003],[-87.39010791,18.72089428],[-87.39099248,18.72034663]]],[[[-87.38399528,18.73252986],[-87.38690703,18.73075046],[-87.38763309,18.73158858],[-87.38751514,18.732523879999995],[-87.3864752,18.734075720000003],[-87.38573691,18.7346592],[-87.38517203,18.736388379999998],[-87.38397198,18.735234280000004],[-87.38428046,18.733468379999998],[-87.38399528,18.73252986]]],[[[-87.30594209,18.741839739999996],[-87.30410658,18.74167728],[-87.3034942,18.74095546],[-87.30323412,18.739600170000003],[-87.30345674,18.738381749999995],[-87.30438729,18.737676980000003],[-87.30511986,18.737508249999998],[-87.30639137,18.738064569999995],[-87.30689706,18.73967294],[-87.30594209,18.741839739999996]]],[[[-87.27382631,18.739436599999998],[-87.27350566,18.73842817],[-87.27061563000001,18.73770943],[-87.26876448,18.73568211],[-87.26685392,18.732163149999998],[-87.26345426,18.72318712],[-87.26229858,18.721304430000004],[-87.26240063,18.71821929],[-87.26106882,18.715572249999997],[-87.26025346,18.712583020000004],[-87.25873358000001,18.710454429999995],[-87.25752032,18.70690683],[-87.25380575,18.700355079999998],[-87.25387943,18.696402709999997],[-87.25284109,18.693758170000002],[-87.2521396,18.690388509999995],[-87.24967611,18.68728051],[-87.24781994,18.685877029999997],[-87.24584786,18.685096659999996],[-87.24534977,18.68349715],[-87.24525449,18.681935970000005],[-87.24638375,18.67879046],[-87.24731046,18.677689150000003],[-87.24724957,18.676370879999993],[-87.24660455,18.674804820000002],[-87.24644048,18.672757479999998],[-87.24656708,18.670990119999995],[-87.24738998,18.669229000000005],[-87.24804043,18.66632208],[-87.24769315,18.664273090000002],[-87.24801186,18.65376931],[-87.24698538,18.649911180000004],[-87.24794886,18.648775480000005],[-87.24739546,18.64526831],[-87.25091443,18.64127717],[-87.24983298,18.6393604],[-87.2502874,18.637804090000003],[-87.25337158,18.633254219999994],[-87.25936852,18.622835199999997],[-87.26259192,18.61901463],[-87.26453606,18.61878903],[-87.26599765,18.619217999999996],[-87.26693737,18.62061322],[-87.26757629,18.62283809],[-87.26643178,18.623764289999993],[-87.26472283000001,18.62628062],[-87.26419246,18.62814843],[-87.26225608,18.63146022],[-87.26168134,18.634159829999998],[-87.26085548,18.636267739999997],[-87.25784146000001,18.64116514],[-87.25709208,18.642926940000002],[-87.25713752,18.645909400000004],[-87.25648249,18.653254799999996],[-87.25583682,18.655676400000004],[-87.25498031,18.65712518],[-87.25487226,18.660834489999996],[-87.25383415,18.662108349999993],[-87.25300872,18.66414689],[-87.2527216,18.66740383],[-87.25354923,18.672959229999996],[-87.25441158,18.674804690000002],[-87.25818303000001,18.67913775],[-87.25950774,18.682512949999996],[-87.25930012,18.685111719999995],[-87.25877278,18.686632819999993],[-87.26083089,18.689979769999997],[-87.26189138,18.69418482],[-87.26510909,18.698998309999997],[-87.26652542,18.700432419999995],[-87.26665697000001,18.702063309999996],[-87.26804625,18.706409910000005],[-87.27105189,18.714376910000002],[-87.27101878,18.71794818],[-87.27207777,18.72236111],[-87.27378668000001,18.723901829999996],[-87.27595042,18.72780429],[-87.27611675,18.729643519999996],[-87.27665102,18.731347279999994],[-87.27758058,18.733921319999997],[-87.27862712,18.73573357],[-87.27886434,18.737850800000004],[-87.27713152,18.738875999999998],[-87.2749684,18.738857050000004],[-87.27382631,18.739436599999998]]],[[[-87.27937875,18.741704219999992],[-87.28020069000002,18.740046979999992],[-87.28120046,18.742968319999996],[-87.28071815,18.74358832],[-87.28020643,18.74341051],[-87.27937875,18.741704219999992]]],[[[-87.37785005,18.739345280000002],[-87.37881142,18.73841697],[-87.37965255,18.73866651],[-87.38033597,18.74019775],[-87.37996034,18.741234969999997],[-87.37821138,18.744202719999997],[-87.37787155000001,18.74534415],[-87.37801226,18.74603878],[-87.37640535,18.7495278],[-87.37444262,18.751765599999995],[-87.37237815,18.75303158],[-87.37186814,18.752645950000005],[-87.37144048,18.751220830000005],[-87.37209172,18.748001450000004],[-87.37287009,18.747036919999996],[-87.37380685,18.74472138],[-87.37355952,18.743644489999998],[-87.37453025,18.74164131],[-87.37556134,18.7411296],[-87.37663478,18.739959489999997],[-87.37785005,18.739345280000002]]],[[[-87.31520025,18.74603483],[-87.31663735,18.74524954],[-87.31801569,18.74692562],[-87.31822729,18.747863660000004],[-87.31781897,18.748415029999997],[-87.31617212,18.74805423],[-87.31573905,18.747287739999994],[-87.31522697,18.74714463],[-87.31520025,18.74603483]]],[[[-87.29976348,18.751447260000003],[-87.29852922,18.75040415],[-87.29818269,18.74876925],[-87.29833555,18.7482602],[-87.30028543,18.74771946],[-87.30098117,18.74799497999999],[-87.30154055,18.74783677],[-87.30174429,18.747441169999995],[-87.30147238,18.746275379999997],[-87.30057497,18.7463626],[-87.30061728,18.74570302],[-87.30117063,18.74530588],[-87.30343628,18.744803199999996],[-87.30389448,18.747179769999995],[-87.30360365,18.747328059999997],[-87.30366,18.74796335],[-87.30287194,18.74993135],[-87.3023088,18.750614450000004],[-87.30095414,18.75137884999999],[-87.29976348,18.751447260000003]]],[[[-87.3190214,18.75334908],[-87.32037957,18.753187229999998],[-87.32183909,18.75399705],[-87.32031832,18.75592598],[-87.31962754,18.755261340000004],[-87.3190214,18.75334908]]],[[[-87.28904035,18.7517398],[-87.28959225,18.751536510000005],[-87.2902494,18.75185425],[-87.2904978,18.75275792],[-87.29037545,18.754109170000003],[-87.289785,18.754520230000004],[-87.28901618,18.75437483],[-87.28928435,18.75312891],[-87.28904035,18.7517398]]],[[[-87.32025426,18.758976799999996],[-87.3209908,18.75863635],[-87.3219416,18.758921749999995],[-87.32161631,18.762490519999997],[-87.32037234,18.762167939999998],[-87.32025426,18.758976799999996]]],[[[-87.32722237,18.754805449999992],[-87.329765,18.753405280000003],[-87.33042222,18.75372288],[-87.330758,18.757193169999997],[-87.33177268,18.75855409],[-87.32991149,18.76165906],[-87.32897498,18.76387037],[-87.3280132,18.764798520000003],[-87.32672818,18.764961000000003],[-87.32542672,18.76286949],[-87.32503425,18.7616526],[-87.32623705,18.758368689999998],[-87.32617706,18.75687711000001],[-87.32659123,18.755667049999996],[-87.32722237,18.754805449999992]]],[[[-87.35605268,18.76645474],[-87.35749642,18.764906340000007],[-87.35807834,18.76546592],[-87.35777312,18.76681575],[-87.35696,18.767537169999997],[-87.35528709,18.770123890000004],[-87.354257,18.77049675],[-87.35352786,18.770005220000005],[-87.3534266,18.768998879999998],[-87.35458377,18.766685280000004],[-87.35605268,18.76645474]]],[[[-87.3595772,18.77019405],[-87.36148742,18.7698284],[-87.36162769,18.770557749999995],[-87.36110194,18.771975079999997],[-87.35917954,18.77372758],[-87.3584064,18.774067980000005],[-87.3573066,18.77402418],[-87.35672443,18.7734992],[-87.35658317,18.772873880000002],[-87.35684289000001,18.77252932],[-87.3595772,18.77019405]]],[[[-87.31747171,18.766651029999995],[-87.31839023,18.766450719999998],[-87.31934212,18.766632200000004],[-87.31998974,18.768024719999996],[-87.32008042,18.77017529],[-87.31810052,18.770123820000002],[-87.31749332,18.76831557],[-87.31709312,18.7679654],[-87.31706365000001,18.767167689999997],[-87.31747171,18.766651029999995]]],[[[-87.3451944,18.77929798],[-87.34626708,18.77826677],[-87.34762118,18.778590079999997],[-87.3491296,18.77804789],[-87.34938082000001,18.77867409],[-87.3478476,18.782024720000003],[-87.34460228,18.784043539999995],[-87.34335232,18.78437978],[-87.34018189,18.786225679999998],[-87.33911928,18.78611283],[-87.33898055,18.78521012],[-87.33950352,18.784139550000003],[-87.34054015,18.78303866],[-87.34197746000001,18.78225318],[-87.34236258,18.78017588],[-87.3451944,18.77929798]]],[[[-87.64114548,19.18799558],[-87.63963854,19.186952619999992],[-87.63970162,19.185795350000003],[-87.64028929,19.184541060000004],[-87.64453714,19.184595549999994],[-87.64359317,19.18640594],[-87.64304331,19.186859599999995],[-87.64494648000002,19.187078939999996],[-87.64558048,19.186254509999998],[-87.6466068,19.186025060000002],[-87.64708385,19.18639388],[-87.64684848000002,19.187000079999997],[-87.64566343,19.187980019999998],[-87.64392194,19.187760139999998],[-87.6426498,19.18836991],[-87.64114548,19.18799558]]],[[[-87.62966015,19.19278055],[-87.62861635,19.190976979999995],[-87.63194694,19.191345119999998],[-87.63275002,19.19239051],[-87.63401774,19.193063849999998],[-87.63283582,19.19487502],[-87.62991025000001,19.19594217],[-87.62880055,19.196777230000002],[-87.62753514,19.196700199999995],[-87.62729328,19.19565289],[-87.62824242,19.19511656999999],[-87.62966015,19.19278055]]],[[[-87.62817629,19.202722110000003],[-87.62852932,19.202554749999997],[-87.63104002,19.20271503],[-87.63080602,19.203691679999995],[-87.63014263,19.20433546],[-87.62866869,19.204467249999997],[-87.62819957,19.204127889999995],[-87.62817629,19.202722110000003]]],[[[-87.65011722,19.215435719999995],[-87.65202425,19.21554203],[-87.65035909,19.21633951],[-87.64380909,19.217380369999997],[-87.64023855,19.21852369],[-87.63726815,19.22079566],[-87.63262889,19.22296028],[-87.62977618,19.224892479999998],[-87.62490563,19.228980059999998],[-87.62062222,19.23080392],[-87.61789051,19.23330094],[-87.61599255,19.235682050000005],[-87.6152796,19.23624985],[-87.61456368,19.23602609],[-87.61634123000002,19.23330617],[-87.61954752,19.230242169999993],[-87.63131243,19.221494769999996],[-87.64094785,19.21705115],[-87.65011722,19.215435719999995]]],[[[-87.6019822,19.235745059999996],[-87.60420649,19.2356394],[-87.60540091,19.234113719999996],[-87.60602754,19.23505614],[-87.605565,19.235504779999996],[-87.603448,19.236089579999998],[-87.60311503,19.236486280000005],[-87.60322092,19.23692083],[-87.6019822,19.235745059999996]]],[[[-87.4674952,19.333907600000003],[-87.4656784,19.33278452],[-87.46478057,19.33070054],[-87.46474797,19.329685660000003],[-87.4642702,19.32895386],[-87.464533,19.327261619999998],[-87.46554182,19.326554220000002],[-87.46655825,19.328525119999995],[-87.46611325,19.32886458],[-87.46608495,19.329372139999997],[-87.46713002000001,19.330948259999992],[-87.46641758,19.33134477999999],[-87.46722482,19.332921540000005],[-87.468892,19.33370666],[-87.47109315,19.334067489999995],[-87.471244,19.33482831],[-87.47044198,19.33508412],[-87.46963762,19.334522339999996],[-87.4674952,19.333907600000003]]],[[[-87.51064442,19.366092709999997],[-87.50563905,19.364895980000004],[-87.50467974,19.36439418],[-87.50265163,19.362381939999995],[-87.50105292,19.361579200000005],[-87.50009242,19.360673819999995],[-87.49517603,19.35362477],[-87.49165543,19.350607540000002],[-87.48845838,19.34900185],[-87.48344386,19.34447505],[-87.48280277,19.34356872],[-87.48258731,19.342661249999995],[-87.48162612,19.34145308],[-87.48130337,19.34024322],[-87.48034338,19.339438600000005],[-87.47938578,19.339441120000004],[-87.47842698,19.339040079999997],[-87.47820978,19.33752726],[-87.4792676,19.335405719999994],[-87.48150374,19.33600518],[-87.48278468000001,19.337414289999995],[-87.48406357,19.338117149999995],[-87.48438454,19.338721659999997],[-87.48598235,19.33932277],[-87.48630245,19.33962459999999],[-87.48577312,19.34053404999999],[-87.48577492,19.34113938],[-87.48705383,19.341842229999997],[-87.48705654,19.34275026],[-87.48865468,19.343452230000004],[-87.4891894,19.34435883],[-87.49046595,19.34425451],[-87.49462331000001,19.346765580000003],[-87.49473154,19.347370649999995],[-87.49388272000002,19.34818008],[-87.49377814,19.34878572],[-87.49420771,19.35009617],[-87.49484798000002,19.350699779999996],[-87.49687126,19.35119874],[-87.49772437,19.351801769999998],[-87.49995803,19.351492969999995],[-87.50091755,19.35209569],[-87.50219446,19.352092169999995],[-87.50421345,19.35117857],[-87.50548972,19.350973250000003],[-87.50549718,19.353394650000002],[-87.50720815,19.356113979999993],[-87.50699814,19.3570226],[-87.50593714,19.358034459999992],[-87.50625792,19.358538049999996],[-87.50860026,19.35893508],[-87.50998208,19.35842675],[-87.50965908,19.35721695],[-87.50869949,19.356614279999995],[-87.50869762,19.356008939999995],[-87.50901652,19.355907149999993],[-87.51252842,19.35599818],[-87.51348706,19.35629817],[-87.51498,19.35730288],[-87.51519566,19.35821029],[-87.51487706,19.358412980000004],[-87.51477351,19.359321309999995],[-87.51808729,19.36405384999999],[-87.51808922,19.36465918],[-87.51734906000002,19.36617468],[-87.51735194,19.36708269],[-87.51842505,19.36990463],[-87.51821603,19.37111592],[-87.51512252,19.368804180000005],[-87.51064442,19.366092709999997]]],[[[-87.57094286000002,19.39819251],[-87.56844851,19.397745630000003],[-87.56712722,19.39688585],[-87.56544868,19.397258719999996],[-87.56518877,19.39480677],[-87.56554689,19.39370532],[-87.56736691,19.39324495],[-87.56782412,19.393766430000003],[-87.56866286,19.39371834],[-87.56943411,19.394943579999993],[-87.57084605,19.394302579999998],[-87.57161318,19.394345649999998],[-87.57268392,19.395708969999998],[-87.57259195,19.39682325],[-87.57335934,19.396934510000005],[-87.57352857,19.397343179999996],[-87.57324342,19.398048859999996],[-87.57094286000002,19.39819251]]],[[[-87.55297238,19.4138728],[-87.55137608,19.41221505],[-87.55066406000002,19.412894829999995],[-87.54939549,19.412374549999996],[-87.54924105,19.41176962999999],[-87.55002952,19.411170939999998],[-87.54874631,19.40914177],[-87.54945803,19.408380679999997],[-87.55192483,19.40837331],[-87.5527962,19.40972602],[-87.55367452,19.41032877],[-87.55462591,19.410018690000005],[-87.55550452,19.41070275],[-87.55550789,19.41167858],[-87.55463529,19.41273835],[-87.55443865000001,19.413714780000003],[-87.55297238,19.4138728]]],[[[-87.65906591,19.50447585],[-87.65961678,19.504022089999996],[-87.66041946,19.50455231],[-87.66137149000001,19.50432302],[-87.66184951,19.50469175],[-87.66066477,19.50627723],[-87.6606694,19.50740665],[-87.65963249,19.507862139999997],[-87.65876158,19.506961709999995],[-87.6585178,19.505607249999997],[-87.65906591,19.50447585]]],[[[-87.65940442000002,19.510347739999997],[-87.66163014,19.50929163],[-87.66187054,19.50981483],[-87.66012165,19.510950549999997],[-87.65957168,19.511630179999997],[-87.6589458,19.51472258],[-87.65795815000001,19.51558449],[-87.65720511,19.51555103],[-87.6572878,19.51713195],[-87.65649494,19.516683],[-87.65641443,19.51563517],[-87.65719285,19.51254223],[-87.65782612,19.51125691999999],[-87.65877914,19.511253520000004],[-87.65940442000002,19.510347739999997]]],[[[-87.57590898,19.56572389],[-87.57696,19.56474798],[-87.57741943,19.565195939999995],[-87.57690178,19.56603413999999],[-87.57612326,19.56628402],[-87.57590898,19.56572389]]],[[[-87.56616672,19.577384490000004],[-87.56744357,19.576590319999998],[-87.567496,19.577163139999996],[-87.56633934,19.577661549999995],[-87.56616672,19.577384490000004]]],[[[-87.65930937,19.587398739999998],[-87.65998346,19.58747558],[-87.66005122,19.58780914],[-87.65944566,19.588015180000003],[-87.65909185,19.587750369999995],[-87.65930937,19.587398739999998]]],[[[-87.69992995,19.59099023],[-87.69855298,19.59094565],[-87.69814375,19.59059963],[-87.69717565,19.59046089],[-87.69688071,19.58980948],[-87.69570777,19.58948135],[-87.69553486,19.589157229999994],[-87.69402357,19.58871915],[-87.69237171,19.58872485],[-87.69229002,19.588335400000002],[-87.69058449,19.58793054],[-87.68322512,19.587575999999995],[-87.67608815,19.587801659999997],[-87.67545794,19.587704649999996],[-87.67545669,19.587406509999997],[-87.67556042,19.587107979999992],[-87.67889942,19.587409979999997],[-87.68281995,19.58695895],[-87.68763165,19.587062349999993],[-87.68854946,19.587329179999998],[-87.69466529,19.58723415],[-87.69771105,19.587619909999997],[-87.69834255,19.588014979999997],[-87.69834385,19.588313119999995],[-87.69813518,19.588612079999997],[-87.69719048000002,19.58861572],[-87.69708808,19.589212399999997],[-87.69874868,19.589307179999995],[-87.69954434,19.589785],[-87.704198181,19.58975606],[-87.70443974,19.590078249999994],[-87.71304585,19.58974628],[-87.71304848,19.590342549999992],[-87.71210594,19.590843169999996],[-87.70475854,19.590971420000002],[-87.70402505,19.59127243],[-87.70303265,19.59257551],[-87.70215197,19.59253562999999],[-87.69992995,19.59099023]]],[[[-87.64781863,19.586726090000003],[-87.64852191,19.586983],[-87.64842508,19.58724962999999],[-87.64766569,19.587612519999993],[-87.64703088,19.587414710000004],[-87.64719771,19.58685386],[-87.64781863,19.586726090000003]]],[[[-87.56191371,19.58013458],[-87.56238509,19.58008152],[-87.56257235,19.58044734],[-87.56150985,19.58115777],[-87.56191371,19.58013458]]],[[[-87.63824318,19.587398379999996],[-87.63883526,19.587476319999997],[-87.63906783,19.58798686],[-87.63710748000001,19.589253139999997],[-87.63640023,19.58934605],[-87.63595032,19.588908879999998],[-87.63628343,19.587951580000002],[-87.63824318,19.587398379999996]]],[[[-87.55769669,19.58328252],[-87.55820858,19.583149519999996],[-87.55850114,19.583661260000003],[-87.55771237,19.58356543],[-87.55769669,19.58328252]]],[[[-87.49649483,19.589948629999995],[-87.49751143,19.589843719999998],[-87.49925497,19.591270890000004],[-87.49933189,19.592617969999996],[-87.49771831,19.592584800000004],[-87.49649483,19.589948629999995]]],[[[-87.49033848,19.59763492],[-87.49176045,19.59492043],[-87.49390655,19.595140600000004],[-87.49301669,19.597239249999998],[-87.49081906,19.59888057],[-87.49033848,19.59763492]]],[[[-87.46211691,19.59435235],[-87.46315303,19.594316849999995],[-87.46465035,19.597701459999996],[-87.46351762,19.598381980000003],[-87.4623208,19.59669531999999],[-87.46255689,19.595899579999998],[-87.46211691,19.59435235]]],[[[-87.45541191000001,19.598176289999998],[-87.45457911,19.597048889999996],[-87.45469194,19.596488399999995],[-87.455566,19.595803139999997],[-87.45826668000001,19.596136179999995],[-87.45869095,19.597779629999998],[-87.45744328,19.598288720000003],[-87.45660286,19.597839029999996],[-87.45541191000001,19.598176289999998]]],[[[-87.49322411,19.60575935],[-87.49131211,19.60418322],[-87.48988175,19.604187020000005],[-87.48677991000001,19.603291659999993],[-87.48474849,19.603188579999998],[-87.48320746000002,19.604430520000005],[-87.48272626,19.602967999999997],[-87.48129285,19.60195072000001],[-87.47997662,19.601845719999993],[-87.47926312,19.602407779999993],[-87.47835855,19.602314979999996],[-87.47890254,19.59981548],[-87.47996745,19.598791679999998],[-87.48116006,19.59901446],[-87.48151765000001,19.597432279999996],[-87.48462003,19.59855362],[-87.48319691,19.60093373999999],[-87.48331438,19.601945429999997],[-87.48391752,19.602738980000005],[-87.48474712,19.6027368],[-87.48474234,19.601155569999992],[-87.48510365,19.600811260000004],[-87.48773177,19.60272893999999],[-87.48844625,19.60250115],[-87.48963888,19.60272388],[-87.49094734,19.603398079999995],[-87.49202451000001,19.603277739999996],[-87.49333263,19.603843489999996],[-87.49416932,19.603046119999995],[-87.49440948,19.60361472],[-87.49381185,19.604628319999996],[-87.49387254,19.605757620000002],[-87.49322411,19.60575935]]],[[[-87.46293329,19.60075983],[-87.46221357,19.599180399999998],[-87.46268934,19.59883585],[-87.46375862,19.599284939999993],[-87.46471478,19.60018611],[-87.46542963,19.60007587999999],[-87.46661923,19.599277719999996],[-87.46804989,19.599391569999998],[-87.46841423,19.60006832],[-87.46996062,19.6006246],[-87.47258322000002,19.60073535],[-87.4724708,19.601413319999995],[-87.47151889,19.60197597],[-87.47043972,19.60141850999999],[-87.468771,19.601422769999996],[-87.46686223,19.600858349999996],[-87.46567162,19.60131315],[-87.46508272,19.602109779999996],[-87.46484794,19.60334826],[-87.4638934,19.60301634],[-87.46376354,19.600983649999996],[-87.46293329,19.60075983]]],[[[-87.51902728,19.612740889999998],[-87.51790302,19.61175249],[-87.51912503,19.61035342],[-87.52005297,19.609881799999997],[-87.52043982,19.60920889],[-87.52114306,19.607476379999998],[-87.52087658,19.60624838],[-87.52224178,19.60582562],[-87.52281628000001,19.60488351],[-87.52342365,19.60474518],[-87.52351342,19.605825569999997],[-87.52322097,19.606470659999996],[-87.52166751,19.607653860000003],[-87.52194474,19.60815965],[-87.52154135,19.609967799999996],[-87.52187451,19.61000468],[-87.5221328,19.61160554],[-87.52323962,19.61170497],[-87.52340335,19.61290255],[-87.52257308,19.613386579999993],[-87.52199563,19.612777339999997],[-87.5222132,19.61345574],[-87.52099414,19.613527479999995],[-87.51902728,19.612740889999998]]],[[[-87.49228651,19.61095738],[-87.49394835,19.60869402],[-87.49429629,19.60711185],[-87.49513512,19.607001150000002],[-87.49597066,19.608914480000003],[-87.495621,19.60993646],[-87.49478146,19.609821250000003],[-87.49276435000002,19.61129948],[-87.49228651,19.61095738]]],[[[-87.46401863,19.606738740000004],[-87.46389962,19.60515778],[-87.46640325,19.606958619999997],[-87.46702098,19.612776049999997],[-87.46606885,19.61328445],[-87.46511522,19.61328686],[-87.46521489,19.608208539999996],[-87.46401863,19.606738740000004]]],[[[-87.69756631,19.643077769999998],[-87.69872045,19.64228214],[-87.69936509,19.642644880000002],[-87.69994891,19.64379904999999],[-87.70001848,19.645016060000003],[-87.69938069,19.6462358],[-87.69848035,19.64623922],[-87.69674065,19.645454569999995],[-87.69673643,19.644480770000005],[-87.69756631,19.643077769999998]]],[[[-87.51503186,19.628930429999997],[-87.51519248,19.627969950000004],[-87.51647618,19.627053339999996],[-87.51703928,19.62803308],[-87.51748549,19.62780614],[-87.51975971,19.624879219999997],[-87.5200192,19.62282549],[-87.52066714,19.62318748],[-87.52081722,19.623720279999997],[-87.5204618,19.625163420000003],[-87.51978238,19.627214250000005],[-87.51927531,19.627323939999997],[-87.51905788,19.62857308],[-87.51800925,19.629325849999994],[-87.51720768,19.62915151],[-87.51657386000001,19.62977274],[-87.5159706,19.629666089999997],[-87.51503186,19.628930429999997]]],[[[-87.67408622000002,19.64121769],[-87.67582169,19.641028710000004],[-87.68007002,19.64198688],[-87.68136208,19.643381979999997],[-87.68162294,19.64423309],[-87.68143615,19.645694489999993],[-87.68092485,19.646426769999998],[-87.6801554,19.64697738],[-87.67886803,19.646677819999997],[-87.67841525,19.64607086],[-87.67719286,19.64595366],[-87.67364682,19.643775579999996],[-87.67325809,19.64310751],[-87.67325428,19.642194569999997],[-87.67408622000002,19.64121769]]],[[[-87.70956308,19.650105689999997],[-87.70618663,19.649579279999998],[-87.70442123,19.64796709],[-87.70394012,19.64661971],[-87.70431755,19.64598858],[-87.7050286,19.64558102],[-87.70616892,19.645531569999996],[-87.71016405,19.64628042],[-87.71230826000001,19.64757623],[-87.71345415,19.648786020000003],[-87.71279023,19.649103479999997],[-87.71217046,19.648656180000003],[-87.7118382,19.64874745],[-87.71089134,19.649560740000002],[-87.70956308,19.650105689999997]]],[[[-87.45990245,19.69507231],[-87.45769749,19.69318626],[-87.45725418,19.692196019999997],[-87.45722734,19.691534349999998],[-87.45823698,19.690846419999996],[-87.4599876,19.691621829999995],[-87.46062634,19.69225831],[-87.46226835,19.69248018],[-87.46265208,19.69315114999999],[-87.46420166,19.69405495],[-87.46427138,19.694702539999998],[-87.46234526,19.69487278],[-87.46206826,19.695636769999993],[-87.46165992,19.69580828],[-87.4599662,19.69550015],[-87.45990245,19.69507231]]],[[[-87.46627306,19.69854183],[-87.46544775,19.69831675],[-87.46510529,19.697644029999992],[-87.46563037,19.697247289999996],[-87.46551812,19.696699369999997],[-87.46504237,19.69697075],[-87.46433417,19.696193449999996],[-87.46491942000002,19.69603128],[-87.46503755,19.695623369999996],[-87.46491258,19.69520192],[-87.46429192,19.694993250000003],[-87.46425268,19.693765919999997],[-87.46652003,19.693880739999994],[-87.46816737,19.69477125],[-87.46851723000002,19.695330429999995],[-87.46861185,19.69593058],[-87.46722134,19.696768909999996],[-87.46744537,19.69723518],[-87.46694705,19.697682750000002],[-87.46784689,19.698285539999997],[-87.4681078,19.698983939999998],[-87.46759791,19.699265000000004],[-87.46685738,19.699167779999996],[-87.46627306,19.69854183]]],[[[-87.47719797,19.705035919999997],[-87.4743692,19.704201830000002],[-87.47203422,19.704278569999996],[-87.46993289,19.703172680000005],[-87.46856886,19.701653549999993],[-87.46856671,19.700914709999996],[-87.46881194,19.70075385],[-87.46918294,19.701128779999998],[-87.47027938,19.70126851],[-87.46901634,19.7003774],[-87.46846842,19.70040475],[-87.46786454,19.700030430000005],[-87.46831415,19.69917374],[-87.47130135,19.699373319999996],[-87.47249645,19.700459020000004],[-87.47296588,19.701689199999997],[-87.47456785,19.701912179999997],[-87.47552248,19.702736399999996],[-87.47776223,19.703261599999998],[-87.478186379,19.704271570000003],[-87.47788625,19.70495532],[-87.47719797,19.705035919999997]]],[[[-87.47884818,19.703784179999996],[-87.47953111,19.70395782],[-87.47959282,19.704888909999998],[-87.47908034,19.705254649999993],[-87.47845155,19.70462848],[-87.47839543,19.703986399999994],[-87.47884818,19.703784179999996]]],[[[-87.5017456,19.711464830000004],[-87.49761294,19.71077205],[-87.49050189,19.708159020000004],[-87.48530117,19.70754063],[-87.48479915,19.707123679999995],[-87.48049842,19.70562155],[-87.47968072,19.70491326],[-87.47974248,19.70463162],[-87.48117552,19.704234229999997],[-87.48237272,19.704426460000004],[-87.48645138,19.704153090000002],[-87.48725662,19.704600169999992],[-87.48861042,19.70472125],[-87.49358223,19.70605622],[-87.49689126,19.708234910000005],[-87.4998474,19.708451709999995],[-87.50113418000001,19.709117850000002],[-87.50420731,19.709372460000004],[-87.50433931,19.709657349999997],[-87.50567678000002,19.70976522],[-87.50587422,19.710012709999997],[-87.50595457,19.7105582],[-87.50555357,19.71116912],[-87.50346669,19.71114638],[-87.5017456,19.711464830000004]]],[[[-86.86484029,20.54821934],[-86.86353226,20.547568349999995],[-86.86258131,20.54755231],[-86.86254902,20.547307600000003],[-86.85916498,20.54750374],[-86.8590866,20.547185819999996],[-86.85957218,20.546640019999998],[-86.86064508,20.54662558],[-86.86067938,20.546840109999994],[-86.86242591,20.546641819999998],[-86.8625904,20.54577111],[-86.86289929,20.545733119999998],[-86.86304522,20.546153800000003],[-86.86442685,20.546284879999998],[-86.86528002,20.54729914],[-86.86594629,20.54754731],[-86.86579126,20.548235369999993],[-86.86484029,20.54821934]]],[[[-86.729863781,20.569528835000003],[-86.730537644,20.568846405999995],[-86.731120136,20.566910475999997],[-86.733989766,20.561302562],[-86.73518616,20.559687859999997],[-86.737218457,20.554548937999996],[-86.737785245,20.554024980999998],[-86.73794657200001,20.552738644000005],[-86.739247185,20.551566522],[-86.740496402,20.549106634999994],[-86.741492921,20.548510342],[-86.743314636,20.545111043999995],[-86.744070809,20.544550223],[-86.747878918,20.536984709000002],[-86.748340058,20.536490733],[-86.749087862,20.536366072999996],[-86.749329438,20.534393952],[-86.752998797,20.530712758],[-86.75549757200001,20.527396451999994],[-86.75777888,20.525527619999995],[-86.76007177,20.51951732],[-86.76088166,20.51649362],[-86.76159126,20.51550625],[-86.76169734,20.51204508],[-86.76338022,20.507081829999997],[-86.76504674,20.505329719999995],[-86.76724337,20.50135911],[-86.77148509,20.494763480000003],[-86.77368568,20.492967089999997],[-86.77709165,20.487602680000002],[-86.77820258,20.4866012],[-86.77872914,20.48560891],[-86.78094112000001,20.484243429999996],[-86.78238934,20.482677859999995],[-86.78559374,20.477327739999996],[-86.78838969,20.473591939999995],[-86.78902088,20.47291125],[-86.79051148,20.47213894],[-86.79087098,20.47131663],[-86.79055198,20.47069185],[-86.79133948,20.469341180000004],[-86.79134928,20.46870366],[-86.7924428,20.46763292],[-86.79356275,20.46483915],[-86.79560658,20.462506089999994],[-86.79743169,20.462531059999996],[-86.79849948,20.46194246],[-86.80027282,20.45819249],[-86.80174629,20.457333680000005],[-86.80285535,20.457624549999995],[-86.80439128,20.457455909999997],[-86.80689726,20.455921779999997],[-86.80769348,20.4539852],[-86.81311463,20.446803479999996],[-86.81474714,20.44387866],[-86.81552328,20.443251549999996],[-86.815670568,20.441968239999998],[-86.815005567,20.44096041],[-86.8156546,20.44061655],[-86.81641982,20.439506739999995],[-86.81731372,20.439536089999994],[-86.81811775,20.43827168],[-86.818504291,20.438197343999995],[-86.818996495,20.43885894899999],[-86.8195708,20.438739450000003],[-86.82140551,20.43931577],[-86.82217926,20.438843689999995],[-86.82299965,20.438906489999997],[-86.82430362,20.43837265],[-86.82530517,20.43852405],[-86.82736045,20.437793519999992],[-86.82972462,20.438359659999993],[-86.83058697,20.43806108],[-86.83483354000002,20.432413889999992],[-86.835029673,20.431277870000002],[-86.834742705,20.431027809999996],[-86.835088437,20.431125368],[-86.83581852,20.430031629999995],[-86.84104611,20.42465598],[-86.84417494,20.42047566],[-86.84758828,20.416781629999992],[-86.85404822,20.408553709999993],[-86.856669,20.403839680000008],[-86.85718603,20.402209349999996],[-86.85779503,20.40175215],[-86.85901609,20.4018546],[-86.86136208,20.399938400000003],[-86.86602069000001,20.394657829999996],[-86.87004026,20.389385889999996],[-86.87080115,20.387293450000005],[-86.87242615,20.385987969999995],[-86.87417526,20.38246094],[-86.87689594,20.381083739999998],[-86.87890654,20.378370119999996],[-86.88113935,20.374194519999996],[-86.88187585,20.373738919999997],[-86.88297494000001,20.372202369999997],[-86.89065895,20.35773732],[-86.89198745,20.35642243],[-86.89343869,20.352070089999998],[-86.89398457000001,20.351752649999998],[-86.8952346,20.34985608],[-86.89679082,20.346981179999997],[-86.89782298,20.346253649999998],[-86.89798325,20.345067510000003],[-86.89846654,20.344187579999996],[-86.90074214,20.344273169999994],[-86.901137224,20.344997774],[-86.90102298,20.346052543],[-86.90165826,20.346453449999995],[-86.90280692000002,20.346559020000004],[-86.90533117,20.345490139999995],[-86.90808098,20.343302849999997],[-86.91393774,20.336933629999994],[-86.917924,20.32997123],[-86.92056371,20.32779955],[-86.92327851,20.324215620000004],[-86.92736371,20.317926400000005],[-86.92899846,20.31586222],[-86.93052730900001,20.31481346],[-86.93229735,20.312216749999997],[-86.93286955,20.311741580000003],[-86.9346382,20.31176438],[-86.93561152000001,20.311294379999996],[-86.93850232,20.308108859999997],[-86.94234945,20.305624939999998],[-86.94731985,20.304317619999996],[-86.95092629,20.300865999999996],[-86.95571369,20.294335539999995],[-86.95752865,20.292376799999996],[-86.96035248,20.29127538],[-86.96160748,20.29149817],[-86.96376611,20.291008649999995],[-86.96457565000001,20.29050192],[-86.96762783,20.287438619999996],[-86.96933758,20.2851682],[-86.97418206,20.280421349999994],[-86.97464723,20.280316658],[-86.974757623,20.280004183999996],[-86.975005525,20.280459948],[-86.97549291,20.2805586],[-86.97671894,20.28024668],[-86.97970988,20.278905770000005],[-86.98315628,20.276295259999998],[-86.98759368,20.271922050000004],[-86.98912951,20.27161394],[-86.99041965,20.27192314],[-86.99246548,20.27294843],[-86.9933408,20.274234739999997],[-86.99437575,20.274540710000004],[-86.99495871,20.27587505],[-86.99506311,20.27753082],[-86.99609191,20.279577319999994],[-86.99612872,20.28085309],[-86.99701583,20.28260485],[-86.996326058,20.284493746999996],[-86.99646262,20.28564831],[-87.00092535,20.2911846],[-87.001242385,20.292315124999995],[-87.00204048300002,20.293379808],[-87.00216255,20.295630065],[-87.003040814,20.297351281],[-87.00547302,20.298496919999998],[-87.00969085,20.29941123],[-87.01255114,20.29960197],[-87.01675988,20.29855134],[-87.017024859,20.299398003],[-87.016852427,20.300846063999998],[-87.014257134,20.304119627],[-87.013777187,20.305967742],[-87.012928208,20.306636433000005],[-87.012512092,20.30797696599999],[-87.010517528,20.310216684],[-87.010257517,20.310830239],[-87.010587301,20.313383835],[-87.00988518,20.315561799999998],[-87.01091777,20.319986519999997],[-87.01311243,20.32478761999999],[-87.01373223,20.328741879999995],[-87.01607898,20.333113969999996],[-87.01970842,20.33707109],[-87.02096323,20.33865492],[-87.02144034,20.3397638],[-87.021485585,20.340744645000004],[-87.020282339,20.343150970999996],[-87.02043974,20.34483537],[-87.02116946,20.34877371],[-87.02205151,20.350938859999996],[-87.02467098,20.3554176],[-87.024569367,20.362597052],[-87.025288947,20.366975821],[-87.024419611,20.368568989000003],[-87.024394864,20.370689089],[-87.02495151100001,20.370803227999996],[-87.024399594,20.37071678],[-87.02417603,20.371454686999996],[-87.02421598,20.373783119999995],[-87.023584761,20.375970381],[-87.02338874,20.37818472],[-87.02257714,20.380139320000005],[-87.022332671,20.381447866999995],[-87.02274478,20.381536259],[-87.022329622,20.38146790199999],[-87.02196625,20.383406170000004],[-87.021957694,20.384531074999998],[-87.022321942,20.384555878],[-87.021956952,20.384570951],[-87.02164403,20.385590849999996],[-87.02193162,20.38985112],[-87.02175334,20.390865710000003],[-87.021188749,20.392960813999995],[-87.019458881,20.396314902],[-87.019993873,20.3964695],[-87.019451742,20.396360588],[-87.019179056,20.397048251999998],[-87.018222751,20.400653825],[-87.018688621,20.400851512999996],[-87.01821561200002,20.400678096],[-87.01767975,20.401942911],[-87.01781426,20.402535780000004],[-87.017256238,20.405244037999992],[-87.017759763,20.405304935],[-87.017201391,20.405427594999992],[-87.01693225,20.408229179999996],[-87.01685516,20.412109697000005],[-87.017061432,20.412170439000004],[-87.016846689,20.412139687],[-87.015666591,20.414752675],[-87.016065778,20.414934982],[-87.015650625,20.41482098],[-87.015098852,20.41590719],[-87.012653242,20.417700986000003],[-87.01099178300001,20.42042070999999],[-87.010447362,20.424625812],[-87.008854908,20.425548567000007],[-87.007579517,20.427073802],[-87.007372735,20.428212421],[-87.007764401,20.429373551],[-87.005932216,20.431289493000005],[-87.006119242,20.432821469],[-87.005907946,20.433180768000003],[-87.00435273,20.433580992999996],[-87.002734431,20.434725234],[-87.00001903,20.43798775],[-86.996405719,20.441545007],[-86.995268336,20.44216557],[-86.994874298,20.443199208],[-86.994280384,20.443299146],[-86.994873179,20.444069496],[-86.994213593,20.444844249],[-86.993569235,20.444379778],[-86.990443617,20.448650683999997],[-86.989791126,20.451838911999992],[-86.989145817,20.453478321],[-86.989431786,20.453641469],[-86.989117263,20.453499023000003],[-86.98864494,20.453971345999992],[-86.987267232,20.455993886999998],[-86.986104317,20.458596851],[-86.98613312,20.459734710000003],[-86.984752856,20.463057673999998],[-86.982827634,20.465219415],[-86.983043689,20.465828557],[-86.98279337,20.466563334000003],[-86.981955085,20.467168074],[-86.981343088,20.46668433],[-86.98085083,20.46561637],[-86.980082354,20.465839784],[-86.980627841,20.466742417],[-86.98152008,20.467102698999994],[-86.981920782,20.467601582],[-86.981844639,20.468023936999998],[-86.978206752,20.473107025999994],[-86.975627107,20.475430403],[-86.976987683,20.476741248],[-86.978438916,20.476487122],[-86.978402511,20.476139481999994],[-86.978851824,20.478347621999994],[-86.978469683,20.476571593000006],[-86.977072939,20.476818105],[-86.977574228,20.477288396999995],[-86.977619913,20.479743525],[-86.977485474,20.477536098999998],[-86.975522181,20.475552461],[-86.97513754100001,20.476179686999995],[-86.97545876800001,20.476482354999998],[-86.975541574,20.477199048999996],[-86.975081148,20.476245836],[-86.97493719,20.477163594999997],[-86.97431811,20.478164319999998],[-86.974754364,20.478617665999998],[-86.97464637,20.479035932],[-86.975551826,20.479406172999997],[-86.975749327,20.483207081],[-86.97536708,20.479531979999994],[-86.97443558000002,20.479128519999996],[-86.974458862,20.480028530999995],[-86.974349489,20.479471444999998],[-86.973728087,20.479481321999998],[-86.972614499,20.481324215],[-86.972496114,20.482019793999996],[-86.971744904,20.482797969],[-86.972129929,20.483036224000003],[-86.972173939,20.483241094],[-86.971960932,20.483025205],[-86.97157063,20.483180194999996],[-86.970132632,20.485748823000005],[-86.970397649,20.485891791999993],[-86.970042689,20.485921572],[-86.97027791100001,20.486173083000004],[-86.969984154,20.486017225999998],[-86.969003057,20.487368822],[-86.968709001,20.487856787],[-86.968941561,20.487958951999996],[-86.968698293,20.487885341],[-86.9685817,20.488164927],[-86.968848224,20.488230794],[-86.968402212,20.488366735999993],[-86.968544178,20.488359245999998],[-86.968723246,20.488521506999994],[-86.968146734,20.488608459],[-86.96665964,20.491089493],[-86.967028457,20.491307213999995],[-86.96660610300002,20.491095441999995],[-86.966406293,20.492283514],[-86.966119462,20.492501173000004],[-86.966318671,20.492653243999992],[-86.965852527,20.49255072],[-86.965805541,20.493054286],[-86.964379827,20.494831177999995],[-86.96415063,20.495615109999996],[-86.965137143,20.496088285],[-86.964941834,20.49639515999999],[-86.964011804,20.495802802],[-86.9636306,20.496813779999997],[-86.96244609,20.49808558],[-86.96207674,20.49916458],[-86.96180366000002,20.499210019999996],[-86.96195985,20.499357180000004],[-86.96155155,20.499803259999997],[-86.96177325,20.499983679999996],[-86.961581773,20.499869711999995],[-86.95938591,20.50364427999999],[-86.95914298,20.50357108],[-86.95803972,20.504777830000002],[-86.95771648,20.505312290000003],[-86.95789872,20.50541365],[-86.955452099,20.507817028999998],[-86.95714554,20.50936192],[-86.95623252,20.511759579999996],[-86.95699017200002,20.509390881],[-86.955338467,20.507923184],[-86.954000923,20.508194097],[-86.95334169,20.508436109999995],[-86.95346949,20.50874384999999],[-86.95333814,20.508523109999995],[-86.95225554,20.509132319999996],[-86.95255666,20.50927425],[-86.95185285,20.5094048],[-86.95223197,20.509627679999998],[-86.95201925,20.509818629999998],[-86.95181803,20.509427249999998],[-86.950142334,20.51124027],[-86.950393605,20.511450613999994],[-86.950992212,20.51092736],[-86.95044371,20.511490819999988],[-86.95153044,20.512393333],[-86.951341987,20.512606532999996],[-86.94998222,20.51135811],[-86.947341904,20.51426959699999],[-86.94555841,20.517362254000002],[-86.94362334000002,20.522718859999998],[-86.943255845,20.522866855999997],[-86.94097684700002,20.527338706],[-86.940193482,20.527010129000004],[-86.939235458,20.527631955000004],[-86.93902223,20.528942079999997],[-86.93951005,20.52904961999999],[-86.939967032,20.528345087999995],[-86.939582283,20.528335287999997],[-86.939655652,20.528080163],[-86.939982096,20.528279157999997],[-86.939922128,20.527858914],[-86.940456707,20.527503097],[-86.940837421,20.52767537],[-86.93962426,20.532208889999996],[-86.9374385,20.537496515999994],[-86.936075532,20.539103809],[-86.93632899700002,20.53936594],[-86.936025636,20.539213565999997],[-86.933162886,20.541705504999996],[-86.933344996,20.541824406999996],[-86.933144859,20.541735759],[-86.932658202,20.542562348999997],[-86.931699755,20.545230437999997],[-86.930290674,20.546932778],[-86.93048103,20.547180459999996],[-86.93027169000001,20.5469934],[-86.928808,20.548228259999995],[-86.92854845,20.54943665],[-86.92748802,20.55080446],[-86.925575319,20.552016182999996],[-86.926218725,20.552528242999994],[-86.925601017,20.552075192999997],[-86.92200695,20.553738769999995],[-86.91712362,20.55498008],[-86.9148226,20.555276120000002],[-86.9085826,20.557478909999993],[-86.90643342,20.558776580000004],[-86.905437914,20.559053922000004],[-86.90430186,20.559932630000002],[-86.89923655,20.561980319999996],[-86.89739252,20.56554906],[-86.89696402,20.56558008],[-86.89600063,20.564611879999998],[-86.89266498,20.56339806],[-86.89082252,20.56365922],[-86.88843889,20.562770370000003],[-86.88253454,20.558666170000002],[-86.88238048,20.558196769999995],[-86.88160011,20.557692769999996],[-86.8832164,20.55610525],[-86.883568179,20.553352995999997],[-86.88263780000001,20.550470569999998],[-86.881402589,20.548520706999994],[-86.88108337,20.54571268000001],[-86.880533753,20.544729065999995],[-86.880252798,20.545067008999997],[-86.880506289,20.544701752000005],[-86.880177923,20.544389090999996],[-86.879499373,20.54386443],[-86.878785394,20.544135915],[-86.87854566,20.543978091],[-86.879429107,20.543848000999997],[-86.87542371000002,20.540867419999998],[-86.873626553,20.540546420000002],[-86.872803559,20.540010396],[-86.87189529,20.53879845],[-86.870157479,20.537521122999998],[-86.86773323,20.537068229999996],[-86.864982927,20.537199960999995],[-86.862468966,20.538834691999995],[-86.862290981,20.539374722999998],[-86.860989416,20.540264640999997],[-86.86104582,20.54132846],[-86.86060394,20.541738449999997],[-86.860141376,20.541152180000005],[-86.859290719,20.541203339],[-86.857246762,20.543302022999995],[-86.857020713,20.545881358999996],[-86.858234238,20.546676099],[-86.858093358,20.547167973],[-86.858694698,20.547441919999997],[-86.85868774,20.547917249999998],[-86.85633411,20.548229779999996],[-86.85433862,20.54990402],[-86.851103805,20.550099591],[-86.85111998,20.550326049999995],[-86.84782638,20.54980382],[-86.83955954,20.549662739999995],[-86.83390908,20.550417459999995],[-86.833206016,20.551294870999993],[-86.831683161,20.551030751],[-86.829679655,20.551199691999994],[-86.828373331,20.551782659999997],[-86.826871891,20.551963499],[-86.825526496,20.552625849999995],[-86.824145933,20.554081365999995],[-86.82254266,20.554735909999998],[-86.819844579,20.554047429999997],[-86.81707435,20.553726910000005],[-86.81024382,20.553680180000004],[-86.80814754,20.553924980000005],[-86.80666391,20.554520819999997],[-86.80582285,20.555282179999995],[-86.80460315,20.555074939999997],[-86.80318026,20.55606677],[-86.80032678,20.556692539999997],[-86.79234026,20.556084339999998],[-86.789970837,20.556301772],[-86.7882254,20.55726802],[-86.78751305,20.55822757],[-86.78597949,20.558463719999995],[-86.78321529,20.559493949999993],[-86.78072463,20.5609702],[-86.78010242,20.562141419999996],[-86.77732203,20.56312975],[-86.77297602,20.565290480000005],[-86.77224352,20.565739089999994],[-86.7721328,20.566451149999995],[-86.76874872,20.568591380000004],[-86.76756083,20.568891490000002],[-86.76898043,20.56687757],[-86.769610819,20.567454999999992],[-86.77133986,20.56668615],[-86.77204658,20.564696829999992],[-86.77264329,20.563912309999996],[-86.77352498,20.56359704999999],[-86.77362191,20.56323649],[-86.77363258000001,20.56254728],[-86.77236292,20.56078917],[-86.76953838,20.560353749999997],[-86.76871203,20.56063529],[-86.76823078,20.561042249999996],[-86.76790754,20.56303686],[-86.76716257,20.56395717],[-86.76694668,20.564919279999998],[-86.76490854,20.566769509999997],[-86.76403485,20.566567829999997],[-86.76303442,20.567467339999997],[-86.76399138,20.568187179999995],[-86.76437625000001,20.56810635],[-86.76486343,20.567320349999996],[-86.76536971,20.567654820000005],[-86.76595869,20.56737],[-86.76727071,20.567577739999997],[-86.76740503,20.568337859999996],[-86.7641596,20.56978355],[-86.76273632,20.570871769999997],[-86.759814756,20.573893074999997],[-86.75933723,20.575370149999998],[-86.75851642000002,20.575729659999997],[-86.75604792,20.575720520000004],[-86.75425357,20.576084800000004],[-86.74766717,20.578718949999995],[-86.74565505,20.58023991],[-86.74272194,20.581883860000005],[-86.74089131,20.582389579999994],[-86.73679428,20.584917779999998],[-86.73460995,20.586705460000005],[-86.73368769,20.58854385],[-86.7315662,20.59103428],[-86.72828369,20.592063229999997],[-86.7269392,20.592156780000003],[-86.723587496,20.590840537],[-86.723213445,20.590386535999993],[-86.72333337,20.586887301],[-86.72582181,20.578526826000004],[-86.728453236,20.572469373],[-86.729139949,20.571672728999996],[-86.729863781,20.569528835000003]]],[[[-86.74869743,21.265086629999992],[-86.74827775,21.262554779999995],[-86.74725777,21.261715570000003],[-86.74705988,21.261211910000004],[-86.74743975,21.26080954],[-86.74705423,21.260288139999993],[-86.74716386,21.25955149],[-86.74534667400002,21.257334423999996],[-86.74481522,21.255831169999997],[-86.74175438,21.251268939999992],[-86.741731459,21.250225172],[-86.740089001,21.247983134],[-86.73892777,21.24550868],[-86.73794275,21.24479194],[-86.73590166,21.24208225],[-86.73538369,21.241854720000003],[-86.73516962,21.24123469],[-86.73391437,21.239986229999996],[-86.73068235,21.235383940000002],[-86.729590835,21.234270783999992],[-86.72938565,21.23320958],[-86.72738866,21.23071672],[-86.72657305,21.22860832],[-86.72533969,21.22758028],[-86.72450809,21.22504737],[-86.72409803,21.224411720000003],[-86.72357777,21.224314980000003],[-86.72362412000001,21.223957749999997],[-86.72328915,21.223844029999995],[-86.72288552,21.22299725],[-86.72224308,21.22280191999999],[-86.72225331,21.221556459999995],[-86.72075989,21.21957391],[-86.72114078,21.21908457],[-86.72089968,21.218177149999995],[-86.72045452,21.217702889999998],[-86.71839517000001,21.212185780000002],[-86.71593514,21.20938109],[-86.71467872,21.20608831],[-86.71328785,21.2051716],[-86.71231622,21.20298943],[-86.71068689,21.20229329],[-86.71040528,21.201453539999996],[-86.71123582,21.201824220000002],[-86.71190514,21.201732719999995],[-86.71489728,21.203790770000005],[-86.71616448,21.204348540000005],[-86.71682228,21.20516007999999],[-86.71844665000002,21.20554522],[-86.72066491,21.20874465],[-86.72475598,21.213139519999995],[-86.72518765,21.21444469],[-86.727682009,21.216867294],[-86.728212651,21.216397522000005],[-86.728455356,21.216261893],[-86.72772263,21.216922679999996],[-86.72859865100001,21.217611645],[-86.729012471,21.217069218],[-86.729106727,21.217028442999997],[-86.728620631,21.217626687],[-86.729750914,21.218560045],[-86.730196971,21.218101630999993],[-86.730325975,21.218159267],[-86.730009872,21.218398111],[-86.730394009,21.218794576],[-86.730709068,21.218600957999996],[-86.730225418,21.218951239],[-86.730864421,21.220170749],[-86.73197734,21.22115714],[-86.73249198,21.221164719999997],[-86.73296615,21.221578619999992],[-86.73271772,21.22186161999999],[-86.73296398,21.22242508],[-86.73333697000001,21.22270557],[-86.73359863,21.22255354],[-86.733277657,21.222772891999995],[-86.73369305,21.22298443],[-86.73416518,21.22267086],[-86.73374275,21.223388799999995],[-86.734232073,21.223330570999998],[-86.734330176,21.223479993999998],[-86.73401089,21.22385543],[-86.73440672,21.223534120000004],[-86.73402082,21.223889399999994],[-86.73430549,21.224240849999997],[-86.73451515,21.22411591],[-86.73559395,21.225709199999994],[-86.73633408,21.227428059999994],[-86.7366364,21.22716397],[-86.73671408,21.227271309999992],[-86.73635666,21.227446679999996],[-86.73667709,21.2280636],[-86.73770209,21.22910957],[-86.73814138,21.229137919999996],[-86.73786866,21.22934972],[-86.738295515,21.229374692999993],[-86.73807526000002,21.22953319999999],[-86.738249,21.22990032],[-86.73881405,21.230367029999996],[-86.74023032,21.232717370000003],[-86.74090631000001,21.23306028],[-86.74104782,21.23353534],[-86.740799528,21.233772233999996],[-86.74131134,21.23428282],[-86.74201477,21.23364785],[-86.74255258,21.23436137],[-86.74237049,21.23487982],[-86.741766723,21.234977918],[-86.74356225,21.23738951],[-86.743295987,21.237323579999998],[-86.74306411,21.23782583],[-86.74294998,21.23733977],[-86.742520822,21.237684528],[-86.742694356,21.238987587000004],[-86.74013437000002,21.239376649999997],[-86.73848277,21.235781089999996],[-86.73900555000002,21.234875259999995],[-86.73968228,21.234435720000004],[-86.73986257,21.233700722000002],[-86.739678688,21.233876400999996],[-86.739675351,21.233482752999993],[-86.739119698,21.23373056],[-86.73935872,21.23357868],[-86.739196509,21.232980714],[-86.73872628,21.23209612],[-86.738544009,21.232372873999996],[-86.73868572,21.232074680000004],[-86.738522935,21.231897173],[-86.738416679,21.232168171],[-86.738233988,21.232008629],[-86.73841346,21.231604539999996],[-86.73803171,21.23174829],[-86.73817577,21.23134963],[-86.73718446,21.23011715],[-86.73677637,21.230020369999995],[-86.73500145000001,21.227249569999998],[-86.733445233,21.22559926],[-86.733200544,21.225735307999994],[-86.733332685,21.225959814000003],[-86.733106679,21.225763568000005],[-86.733421005,21.225571947],[-86.73297611,21.224719739999998],[-86.73283906,21.225013180000005],[-86.732438539,21.22472723],[-86.732600129,21.225071789000005],[-86.732295263,21.224809455],[-86.732166237,21.224348641],[-86.732380339,21.224706912],[-86.73274431,21.224498740000005],[-86.73240615,21.22455095],[-86.73235594,21.22404128999999],[-86.73214235,21.22417954],[-86.73230988,21.224031059999998],[-86.73187323,21.22339698],[-86.73013511,21.221375679999998],[-86.7307244,21.222977370000002],[-86.730906057,21.223255751999996],[-86.731175586,21.223123688999998],[-86.73088217,21.22346524999999],[-86.731247089,21.223680373000004],[-86.731323881,21.224483417],[-86.73182708,21.225548796999995],[-86.732039611,21.225483796],[-86.73184486000001,21.225583659999998],[-86.7324836,21.226887429999994],[-86.732921112,21.227546031000003],[-86.733160693,21.227394072],[-86.732927121,21.227559516],[-86.73319566600001,21.227531216999992],[-86.733111898,21.227980743000007],[-86.733654647,21.227768487000002],[-86.73312937,21.22802032],[-86.733346,21.228589889999995],[-86.733581679,21.228535351000005],[-86.73335888,21.228618169999997],[-86.733464557,21.228985016],[-86.733976353,21.228876205],[-86.733496365,21.229095430999998],[-86.734262085,21.231067828999993],[-86.734547816,21.230969461999997],[-86.734279897,21.231086073000004],[-86.73548288,21.23190631],[-86.73660334,21.23442438],[-86.73766105,21.23389317],[-86.73778766,21.23417254],[-86.73661812000002,21.234452449999996],[-86.73694352,21.235611050000006],[-86.737360305,21.235699254],[-86.73743300200002,21.234806460999994],[-86.737408733,21.235714969000004],[-86.737779914,21.235813712000002],[-86.73791282,21.235562635999997],[-86.738492186,21.236953452000005],[-86.73824410800002,21.237062612],[-86.738550032,21.236988219],[-86.73951065,21.239038279999992],[-86.73947828,21.240128694999992],[-86.739963803,21.240125562999992],[-86.739476319,21.240171428000004],[-86.73981974,21.24178197],[-86.739899071,21.241944789],[-86.740043898,21.241804623],[-86.74010496,21.241924219],[-86.73990889000001,21.24196494],[-86.740083879,21.242312857000005],[-86.74043509,21.2422366],[-86.74020983,21.242589619999997],[-86.74077172,21.24238531],[-86.74022002,21.24261398],[-86.740371355,21.242945428],[-86.7405032,21.242872249999994],[-86.740599939,21.243028049999992],[-86.74104483,21.24288272],[-86.74059263,21.24305577999999],[-86.74037346000001,21.24295885],[-86.740540524,21.243542275],[-86.740932768,21.243460408999994],[-86.740538157,21.243576952],[-86.740802685,21.244492746],[-86.74120630500002,21.244468294999997],[-86.740833519,21.244605150999995],[-86.741064625,21.24551087],[-86.741730068,21.245278667],[-86.741060642,21.245531006000004],[-86.741166178,21.245945754],[-86.741616171,21.245821604999996],[-86.74118055,21.24603012],[-86.74345538,21.2502264],[-86.744260052,21.249714435999998],[-86.74457222500001,21.250320333],[-86.744259242,21.249970290999997],[-86.74366711,21.25025045],[-86.743810807,21.250915628999998],[-86.743913898,21.250831499000004],[-86.74445265,21.250827479],[-86.743933553,21.250862441],[-86.74376751000001,21.251290780000005],[-86.74430558,21.25258645],[-86.744529998,21.252820735999997],[-86.7448794,21.252660806],[-86.744828673,21.252252242],[-86.745149827,21.252779358],[-86.74455042,21.252934199999995],[-86.745188676,21.253981652],[-86.74547772,21.25386445],[-86.745203459,21.254004675],[-86.745370428,21.254278492999994],[-86.745541388,21.254135654999995],[-86.745358756,21.254337094],[-86.745951636,21.254785166999994],[-86.745986091,21.25452784999999],[-86.746201104,21.254109930999995],[-86.746003754,21.254802455999997],[-86.746254266,21.254909619999992],[-86.746624756,21.254166816999994],[-86.74638406,21.25498736999999],[-86.74682512,21.25520462],[-86.74707085,21.254614681000003],[-86.746877555,21.255203788999996],[-86.747178762,21.254956264999997],[-86.747089397,21.255266036000002],[-86.747439781,21.255078604000005],[-86.747300423,21.255335444000004],[-86.74772003,21.255495745],[-86.747767359,21.255209179000005],[-86.747917974,21.254881620999996],[-86.747780102,21.255511052],[-86.748178642,21.255149525],[-86.748183701,21.255606239],[-86.748465429,21.255612900999996],[-86.748728349,21.254987226999994],[-86.748505109,21.254798893],[-86.749040347,21.255102953999998],[-86.74876769300002,21.255009273],[-86.748492606,21.255615549999995],[-86.74883169100002,21.255736473],[-86.748949105,21.255480141999996],[-86.749125016,21.255860365],[-86.749261926,21.255390719000005],[-86.74950221,21.255288001000004],[-86.749199726,21.255877993999995],[-86.751322329,21.256530065],[-86.752373665,21.257194604],[-86.75244762,21.2568496],[-86.75248097,21.257089419999996],[-86.75231914,21.257349819999995],[-86.75265877,21.25721585],[-86.75252806,21.25747392],[-86.7530722,21.257784460000003],[-86.751147905,21.260243917000004],[-86.750615143,21.26178438],[-86.750646464,21.262642920999998],[-86.749694145,21.262953277999998],[-86.749675221,21.262327187],[-86.74929551800001,21.262005424000005],[-86.748831117,21.262753705999994],[-86.749478041,21.262950972],[-86.74911003,21.263827050000003],[-86.7499934,21.264569680000005],[-86.75023472,21.264459940000002],[-86.75029542,21.264602289999992],[-86.74997577,21.264616819999997],[-86.74908663,21.263850029999997],[-86.74933955,21.264929480000003],[-86.74869743,21.265086629999992]]],[[[-86.85170875,21.43597165],[-86.85343275,21.433716059999995],[-86.85571894,21.432633509999995],[-86.85609445,21.432809659999997],[-86.85800425,21.432430229999998],[-86.86123546,21.431080739999995],[-86.86389648,21.430789749999995],[-86.86574382000002,21.43023431],[-86.86787954,21.429204400000003],[-86.86816212,21.428295909999996],[-86.8691006,21.42891223],[-86.87044682,21.428678799999993],[-86.87139382,21.427586690000002],[-86.87393077,21.42585915],[-86.87515263,21.424570290000002],[-86.87549777,21.42360319999999],[-86.87606134,21.423339799999997],[-86.87685275,21.421903420000003],[-86.87851789,21.420434169999993],[-86.87923755,21.420698480000002],[-86.88023986,21.41984912],[-86.88210548,21.419282540000005],[-86.88276328,21.41934769],[-86.8850716,21.41834512],[-86.88707302,21.41658856999999],[-86.88832891,21.416807519999992],[-86.88788785,21.41862405],[-86.88685158,21.419093230000005],[-86.88616346,21.420613],[-86.88515974,21.42114397],[-86.88317557,21.42044162],[-86.88142954,21.421733570000008],[-86.88002075,21.422055030000003],[-86.87917498,21.42287518],[-86.87729722,21.422522059999995],[-86.8766068,21.42463208],[-86.87613718,21.42471968],[-86.87607405,21.425393819999996],[-86.87538475,21.426155459999993],[-86.87482117,21.42633092],[-86.87507083,21.427239769999996],[-86.87657408,21.426302890000002],[-86.87710712,21.4251894],[-86.878422,21.42492652],[-86.87839005,21.425776569999996],[-86.87782632,21.426127920000003],[-86.87741943,21.426010379999997],[-86.87738771,21.426596600000003],[-86.87829497,21.427212850000004],[-86.87845058,21.42823891],[-86.87898255,21.42841517],[-86.88001623,21.42759515],[-86.87964165,21.426275819999997],[-86.8791412,21.425865049999995],[-86.87911055,21.425044259999996],[-86.87983086,21.42463443],[-86.88264778,21.424841599999997],[-86.88270985,21.425574479999998],[-86.88136354,21.42598392],[-86.881144,21.426511369999997],[-86.88151922,21.42695134],[-86.88236409,21.427362340000002],[-86.88302206,21.42657134],[-86.88408635,21.426484139999996],[-86.88405418,21.42765665],[-86.88349654000001,21.427750449999998],[-86.88346491,21.428248769999996],[-86.88418458,21.42854238],[-86.8849968,21.428206029999995],[-86.88730146,21.42994845999999],[-86.88780666,21.430686749999996],[-86.88756695,21.43150614],[-86.88358557,21.433994150000007],[-86.88289689,21.43396437],[-86.88110171,21.43490731],[-86.88066374,21.434555229999997],[-86.88006854,21.435053149999998],[-86.87906702,21.434817909999996],[-86.87906735,21.43440755],[-86.87750252,21.43396671],[-86.87622022,21.432675999999997],[-86.87524975,21.43267528],[-86.87515632,21.43211826],[-86.87415511,21.43156057],[-86.87271565,21.431002539999998],[-86.86891372,21.430443339999993],[-86.86866398,21.429651680000003],[-86.86806911,21.429856379999997],[-86.869038,21.431498679999997],[-86.8686932,21.43202605],[-86.86706569,21.431760940000004],[-86.86580474,21.43230243],[-86.86391757,21.43249725],[-86.86205565,21.433673769999995],[-86.86014197,21.4340894],[-86.85969652,21.433941779999998],[-86.85869943,21.43516808],[-86.85689106,21.435141999999995],[-86.85626154,21.435607769999997],[-86.85529183,21.435582379999996],[-86.85476698,21.436269080000006],[-86.854295459,21.436023249999998],[-86.85232931,21.436487830000004],[-86.85186489,21.436382139999996],[-86.85170875,21.43597165]]],[[[-86.90429860000002,21.46653362],[-86.90228908,21.465388539999992],[-86.90256514,21.463783679999995],[-86.90301095,21.463562249999995],[-86.90320938,21.46234092],[-86.90356551,21.462054169999995],[-86.90349325000001,21.460921170000002],[-86.90371897,21.460760949999997],[-86.90360208,21.46012094],[-86.90219537,21.458382489999998],[-86.90193437,21.45729905],[-86.902521,21.455884150000003],[-86.90242092,21.454562289999995],[-86.90288530900001,21.454562570000004],[-86.90387529,21.45360011],[-86.90393748,21.45112648],[-86.90740977,21.45180822],[-86.90848012,21.45139338],[-86.90977305000001,21.450184289999996],[-86.91019702000001,21.450222290000003],[-86.91130794,21.449448679999996],[-86.91319452,21.449317489999995],[-86.9136178,21.45052622],[-86.91319365000001,21.450790349999995],[-86.9126688,21.450620140000005],[-86.91246646,21.45135646],[-86.91177997,21.451393879999998],[-86.91169948,21.45095952],[-86.91018448,21.45214834],[-86.90972008,21.452166969999997],[-86.90957792,21.453507580000004],[-86.90866931,21.45356374],[-86.90796286,21.45322346],[-86.90689252,21.45358165],[-86.90545948,21.452825519999998],[-86.90475218,21.453807030000004],[-86.90475169,21.454562350000003],[-86.90545808,21.454997060000004],[-86.90515497,21.455393429999997],[-86.90485225,21.455166660000003],[-86.90456831,21.455491250000005],[-86.90412428,21.45522663],[-86.9033366,21.45558495],[-86.90307351,21.456491179999997],[-86.90232262,21.457029199999994],[-86.90255718,21.457130620000004],[-86.90243043,21.457755089999996],[-86.9035492,21.45816929],[-86.90487222,21.460351029999995],[-86.90479989,21.460528219999997],[-86.90426758,21.460308479999995],[-86.90480818,21.461670579999996],[-86.90479872,21.462328890000002],[-86.90455503,21.462370949999997],[-86.90468715,21.463981079999996],[-86.90401926,21.46405665],[-86.90431629,21.4652662],[-86.90495677,21.465730769999997],[-86.90457751,21.46605126],[-86.90515238,21.465984309999993],[-86.90511428,21.46624145],[-86.90429860000002,21.46653362]]],[[[-86.93613712,21.47547962],[-86.93485957,21.4750804],[-86.93475829,21.47471962],[-86.93402825,21.474624419999994],[-86.93335915000002,21.47414949],[-86.93179743,21.474205819999998],[-86.93200074,21.4732376],[-86.9315752,21.472534949999996],[-86.93155538,21.47145272],[-86.93078492,21.47109166],[-86.93017626,21.471433179999995],[-86.92946666,21.471110140000004],[-86.92863565,21.47010348],[-86.92810838,21.47000835],[-86.92733828,21.468792889999996],[-86.92756174,21.468052539999995],[-86.92821088,21.467692079999992],[-86.92930588,21.46795832],[-86.93017805000001,21.467673939999997],[-86.93017785,21.46809165],[-86.93107031,21.46790215],[-86.93096868,21.468338779999996],[-86.93147562,21.4685668],[-86.93145548,21.46820605],[-86.93198271,21.468320179999996],[-86.93267269,21.467447109999995],[-86.93263260000002,21.466459820000004],[-86.93401143,21.46682111],[-86.93254985,21.469858289999998],[-86.93281272,21.471529219999997],[-86.93384692,21.47190934],[-86.93386762,21.470903049999993],[-86.93476026,21.470295849999996],[-86.93549005,21.470941679999996],[-86.93587485,21.472308819999995],[-86.93623982,21.47238489],[-86.93640191,21.47287858],[-86.93688854,21.47295475],[-86.93668558,21.47337238],[-86.93593531,21.473087290000002],[-86.93577292,21.473428949999995],[-86.93625931000001,21.474283509999996],[-86.93680682,21.47437868],[-86.93684695,21.475347000000003],[-86.93613712,21.47547962]]],[[[-86.92191625,21.47769935],[-86.92094831,21.47730238],[-86.92020245,21.476565649999998],[-86.91842746,21.47677252],[-86.9171774,21.476016659999992],[-86.91701637,21.475487919999996],[-86.91729928,21.474487340000003],[-86.91629055,21.47499662],[-86.91568582,21.474392149999996],[-86.91562586,21.473353659999997],[-86.91483931,21.473353259999993],[-86.91382317,21.47259288],[-86.913904,21.472234199999995],[-86.91319834,21.47191285],[-86.91313805,21.47147855],[-86.91122332,21.46941952],[-86.91081702,21.46824355],[-86.91073677,21.46763932],[-86.91128131,21.467582979999996],[-86.91178625,21.466355970000006],[-86.91233083,21.466205220000003],[-86.91363742,21.466953939999996],[-86.91400351,21.467721179999998],[-86.91585709,21.469014049999995],[-86.9158138,21.469236059999993],[-86.91626663000001,21.469155550000004],[-86.91751652,21.470407709999996],[-86.917796351,21.47137672],[-86.91859402,21.47149825],[-86.91861537,21.471962550000004],[-86.91988751,21.472003510000004],[-86.92025389,21.47230651],[-86.92092186,21.473255520000002],[-86.92106778,21.47410614],[-86.92052278,21.474974430000003],[-86.92082483,21.4758242],[-86.92370828,21.47722274],[-86.92371129,21.47770018],[-86.92314646,21.47779431],[-86.92288382,21.47864386],[-86.92209725,21.478624569999997],[-86.92191625,21.47769935]]],[[[-86.97589805,21.534344519999998],[-86.97499717,21.5339712],[-86.97499728,21.53334928999999],[-86.973949,21.531580109999997],[-86.97202908,21.530985489999996],[-86.9723984,21.53048803],[-86.97334358,21.530736919999995],[-86.97340288,21.52972805],[-86.97247243,21.529686450000003],[-86.97199994000002,21.52882945],[-86.97219198,21.52859457],[-86.97315195,21.528760570000003],[-86.97352122,21.52852568],[-86.97476177,21.52906485],[-86.97489992,21.52884657],[-86.97417708,21.52789935],[-86.97417731,21.526623569999995],[-86.97467309,21.52639172],[-86.97506555,21.526449749999994],[-86.97516058,21.52837388],[-86.97547069,21.528912939999998],[-86.97504226,21.52954863],[-86.97428898,21.52981108],[-86.97406729,21.53061264999999],[-86.97424442,21.531165520000002],[-86.97511574,21.531829019999996],[-86.97507135,21.532188369999997],[-86.97592789,21.53254783],[-86.9775078,21.53550568],[-86.97657729,21.53558845],[-86.97589805,21.534344519999998]]],[[[-86.79714412,21.51352526],[-86.79716628,21.511659459999997],[-86.79679554000002,21.511219979999996],[-86.79588194,21.507596940000003],[-86.79568974,21.505273580000004],[-86.79432792,21.50075754],[-86.79430978,21.49975142],[-86.79352952,21.498671220000002],[-86.79351092,21.497994369999997],[-86.79282792,21.49725875],[-86.79234288,21.49477037],[-86.79152308,21.49403765],[-86.79193443,21.493361339999996],[-86.79086282,21.491083859999993],[-86.79100049,21.49048035],[-86.79049438,21.489052909999998],[-86.79051483,21.48843098],[-86.79088671,21.488047289999994],[-86.79020383,21.48725988],[-86.78994638,21.483991690000003],[-86.78941989000002,21.483167890000004],[-86.78965506,21.48271086],[-86.78903255,21.48075606],[-86.78920909,21.48028067999999],[-86.78854611,21.479292049999998],[-86.78851012,21.477170060000002],[-86.78769774,21.47530318],[-86.78795286,21.47455351],[-86.78734803,21.47389418],[-86.78641071,21.468620279999993],[-86.78584551,21.467613459999995],[-86.78619838,21.466827339999995],[-86.78522386,21.465152979999996],[-86.78536191,21.4642934],[-86.78466148000001,21.462243739999998],[-86.7838816,21.461090280000004],[-86.78392129,21.46068791],[-86.78446245,21.460653219999998],[-86.78450754,21.46009354],[-86.78413195,21.459512579999995],[-86.78435412,21.45903609],[-86.78422278,21.457999370000003],[-86.78665791,21.458396380000003],[-86.78707745000001,21.459226149999996],[-86.78749788,21.459413249999997],[-86.78751957,21.459744980000004],[-86.78720942,21.459848250000007],[-86.78756275,21.460491349999995],[-86.78818228,21.46082382],[-86.78819711,21.461865679999995],[-86.78941966,21.463523629999997],[-86.78907178,21.46406722],[-86.78966266,21.465026399999996],[-86.78966945000002,21.468152249999992],[-86.79031789,21.46857503],[-86.79015509,21.468979910000005],[-86.78827792,21.470378460000003],[-86.78831255,21.47135749],[-86.78887085,21.47181392],[-86.78895932,21.472998179999994],[-86.78859843,21.473183379999995],[-86.788685,21.47564778],[-86.78916995,21.47697149],[-86.78985515,21.4769386],[-86.78958398,21.477444629999997],[-86.79046522,21.47903234],[-86.79078989,21.47896525],[-86.7909538,21.47783457],[-86.79153077,21.47785215],[-86.79214274,21.478612459999997],[-86.79174486,21.47945590999999],[-86.79259089,21.48045883],[-86.79291322,21.482062719999995],[-86.79320117,21.48243442],[-86.79397648,21.482469150000004],[-86.794842,21.48463126],[-86.79446317,21.484782689999996],[-86.79278915,21.4826708],[-86.79176074,21.483108349999995],[-86.79141698,21.483901229999997],[-86.79089412,21.483883709999997],[-86.79152326,21.485268550000004],[-86.79159237,21.48737857],[-86.793051,21.488764449999994],[-86.79317535,21.49009805],[-86.79452717,21.49055543],[-86.79452415,21.492699050000002],[-86.79509998,21.493577449999997],[-86.79397983,21.49506138],[-86.7937802,21.495955719999998],[-86.79442889,21.49631095],[-86.79421135,21.49711543],[-86.79578094,21.50135812],[-86.79701751,21.50185241999999],[-86.79878192,21.501411029999996],[-86.7965576,21.49184852],[-86.7969268,21.491356179999997],[-86.79663797,21.490846579999996],[-86.795979941,21.490796489999997],[-86.79634906,21.490353459999998],[-86.79577132,21.489367199999997],[-86.79637709,21.489121549999997],[-86.79711229,21.490452949999995],[-86.79884923,21.490726059999993],[-86.79863891,21.493363429999995],[-86.79899397,21.4941496],[-86.79866195,21.49510158],[-86.79919523,21.495768879999996],[-86.79921505,21.499864119999998],[-86.79946762,21.50121542],[-86.80020435,21.501930580000003],[-86.79989834,21.50245402],[-86.80113872,21.50696528],[-86.80093432,21.507631689999997],[-86.80149212,21.50901331],[-86.80032106,21.50960715],[-86.80021978,21.509249910000005],[-86.80070405,21.508607619999996],[-86.80044988,21.50841686],[-86.79953245,21.509582400000003],[-86.79871835,21.5095576],[-86.79859022,21.51024792],[-86.79884409,21.510652980000007],[-86.79853718,21.51180902],[-86.79807885,21.512094169999994],[-86.79876388,21.51345213999999],[-86.79917131000002,21.513190719999997],[-86.79935052000002,21.512357599999998],[-86.80046992,21.512358949999996],[-86.8012086,21.51174077],[-86.80146415,21.510883950000004],[-86.80176925,21.51100337],[-86.80209682,21.51336089],[-86.80082346,21.514311749999997],[-86.79993017,21.516368449999998],[-86.7999796,21.517463739999997],[-86.79949568,21.517844139999998],[-86.79962174,21.51867762],[-86.80015514,21.51932109],[-86.80246277,21.52496052],[-86.80215638,21.525722079999998],[-86.80243609,21.52587466],[-86.802663421,21.527089199999995],[-86.80240852,21.527446019999996],[-86.80278934,21.528041720000004],[-86.80302462,21.530113060000005],[-86.80348232,21.53032791],[-86.80338,21.530708719999996],[-86.8039896,21.531495139999997],[-86.80378574,21.531732979999997],[-86.80241375,21.530255200000003],[-86.80124735,21.527301430000005],[-86.80145152,21.526825509999995],[-86.80094486,21.525205880000005],[-86.80113583,21.524747969999996],[-86.80000474000002,21.522825909999995],[-86.80000543,21.52231372],[-86.79863963000001,21.52048282],[-86.79757382,21.51380018],[-86.79714412,21.51352526]]],[[[-87.00599915,21.567794109999998],[-87.00381703,21.56746048],[-87.00394291,21.56628268],[-87.00432055,21.56624343],[-87.00365668,21.562060150000004],[-87.00526685,21.56224266],[-87.00702334,21.560781829999996],[-87.00780402,21.561055689999996],[-87.00836511,21.56089588],[-87.00873105100001,21.560553519999996],[-87.00868217,21.55966332],[-87.00934092,21.55970895],[-87.00992234,21.560884370000004],[-87.00973358,21.56231734],[-87.00939794,21.562768830000003],[-87.01009037,21.56308285],[-87.01000655,21.564888750000005],[-87.00956597,21.56500658],[-87.00935618,21.56602729],[-87.00864282,21.56665549],[-87.00692237,21.566714459999996],[-87.00671255,21.567499629999997],[-87.00618802,21.56749965],[-87.00599915,21.567794109999998]]],[[[-87.0228062,21.57378118],[-87.02197114,21.57360551],[-87.02172062,21.573058739999993],[-87.02115694,21.57301977],[-87.02061417,21.572512089999993],[-87.01996703,21.57243408],[-87.01996698000002,21.5721802],[-87.02069754000001,21.57194572],[-87.02038432,21.571477109999996],[-87.01921531,21.57130146],[-87.01929875,21.570617969999994],[-87.01865163,21.57065709],[-87.01881852,21.569973539999996],[-87.01950728,21.56927042],[-87.01994571,21.569465649999998],[-87.02069709,21.56878208],[-87.02151123,21.569035849999995],[-87.02186615,21.56942637],[-87.02174111,21.570812949999997],[-87.02320255,21.572121179999993],[-87.02314011,21.57284376999999],[-87.02422568,21.573429459999996],[-87.02514415,21.573429319999995],[-87.02547829,21.57385889],[-87.02543663,21.57421042],[-87.02493558,21.57424958],[-87.02478958,21.574776860000004],[-87.02424683,21.574894119999996],[-87.0228062,21.57378118]]],[[[-87.0857472,21.58941369],[-87.083757154,21.588474576999992],[-87.083950678,21.586467962],[-87.08316354,21.585754880000003],[-87.08274995000001,21.584795200000002],[-87.07909651,21.58400234],[-87.07791031,21.58337532],[-87.07655205,21.58310088],[-87.07524972,21.582221109999995],[-87.07597617,21.58073242],[-87.07758268,21.58076937],[-87.07821934,21.579877750000005],[-87.07869726000001,21.57841932],[-87.07649354,21.57714614],[-87.07532438,21.57695558],[-87.07520642,21.57620223],[-87.07386782,21.574986979999995],[-87.071477,21.573878939999997],[-87.06859603,21.571600749999998],[-87.06598028,21.57045158],[-87.06361412,21.56972055],[-87.06150791,21.56979354],[-87.05940742000001,21.568605969999997],[-87.05818089,21.568479179999994],[-87.05689537,21.567806149999996],[-87.05327798,21.56720485],[-87.05301355,21.56674486],[-87.0511016,21.56589791],[-87.05034878000001,21.564903920000003],[-87.04847805,21.563742319999996],[-87.0455024,21.56279861999999],[-87.04458155,21.56306843],[-87.04400963,21.56409234],[-87.04276005,21.56475694],[-87.04165458,21.56587697],[-87.04012678,21.56455583],[-87.03821743,21.564270539999992],[-87.03836991000001,21.56323472],[-87.03676548,21.56066348],[-87.034716393,21.560327008],[-87.034666871,21.560753011],[-87.034283512,21.560853830000003],[-87.03428363,21.56134263],[-87.03269149,21.5609646],[-87.03149966,21.55873611],[-87.03076836200002,21.558702867999997],[-87.03026271,21.559807830000004],[-87.02934625,21.55959371],[-87.029129389,21.56017385],[-87.029741862,21.560839148],[-87.02939254,21.561908139999996],[-87.02875098,21.56169395],[-87.02815515,21.560922569999995],[-87.02838402,21.559679579999994],[-87.02732977,21.557793919999998],[-87.02595511,21.55749411],[-87.02581805,21.55976572],[-87.025314,21.559680079999996],[-87.02503888,21.558522889999992],[-87.02384749,21.55830877],[-87.02398483,21.55753728],[-87.02320582,21.55710878],[-87.02155628000001,21.55706614],[-87.02073171000002,21.55848062999999],[-87.01848648,21.558352309999997],[-87.01761595,21.55903817],[-87.01665365000001,21.558426449999995],[-87.01575783,21.55831723],[-87.01564091,21.55747932],[-87.01381032,21.55693302],[-87.01155135,21.55664174],[-87.01100617,21.557661849999995],[-87.01030511,21.557443309999996],[-87.0098766,21.556277539999993],[-87.00987651,21.554929580000003],[-87.00874705,21.554601770000005],[-87.00796798000002,21.552306649999995],[-87.0070576,21.55105831],[-87.00574505,21.55223721999999],[-87.00504575,21.548052909999996],[-87.00398522,21.546758640000004],[-87.00396958,21.54404957],[-87.003302659,21.543375799999993],[-87.002825947,21.543929935999994],[-87.00239569,21.54544711],[-87.00100851,21.545347289999995],[-87.000962829,21.543324125999998],[-87.00226226,21.54227778],[-87.00234228,21.541554079999994],[-87.00186209,21.540755509999997],[-87.000460763,21.540502084999996],[-87.000834476,21.539283639999997],[-86.99975471,21.53783574],[-86.99935458,21.53591417],[-86.9980122,21.535356230000005],[-86.99662511,21.535281339999997],[-86.99643842,21.53378402],[-86.995777388,21.532712323999995],[-86.99045969,21.52843368],[-86.98997965,21.527285689999996],[-86.9888328,21.525962979999996],[-86.9865978,21.52505775],[-86.98577223,21.525181259999997],[-86.98537589,21.525860949999995],[-86.98455037,21.525335649999995],[-86.98296526,21.52548997],[-86.98167745,21.524871909999998],[-86.98213995000002,21.52338894],[-86.98154592,21.520484649999997],[-86.98210742,21.51937245],[-86.97781548,21.51384152],[-86.97672588,21.513532419999997],[-86.97651428,21.51265332],[-86.9748272,21.51054242],[-86.97418675,21.510578570000003],[-86.97436105,21.512331059999998],[-86.975277455,21.513309408999998],[-86.97545745000001,21.51437262],[-86.97739026,21.516050199999995],[-86.97787406,21.518824749999997],[-86.9774108,21.52105992],[-86.97651702,21.52377295],[-86.97494352,21.5245602],[-86.97230738,21.526779910000002],[-86.97188018000001,21.528041449999996],[-86.96960038,21.52912814],[-86.97020446000002,21.531332819999996],[-86.98143977,21.53939577],[-86.98223122,21.539008229999997],[-86.98357457000002,21.538964710000005],[-86.98450063,21.53945735],[-86.98471602,21.54055449],[-86.9869458,21.541388229999995],[-86.98734054,21.541985720000003],[-86.99005475,21.54328178],[-86.99068232,21.54321891],[-86.99193745,21.54196072],[-86.99331291,21.54186962],[-86.99458428,21.542427079999996],[-86.99685255,21.542318709999993],[-86.99656122,21.541333019999996],[-86.99765943,21.541354029999997],[-86.99748449,21.542744429999996],[-86.99773462,21.543689770000004],[-86.99721106,21.54577894],[-86.997749,21.545967710000003],[-86.99774898,21.546470979999995],[-86.99743515,21.54657588],[-86.997405144,21.548250607999996],[-86.997695273,21.548358338999993],[-86.997051034,21.549065039],[-86.99640560500002,21.549130474],[-86.99556387100002,21.549865131999997],[-86.995792894,21.550462972],[-86.995409206,21.550561124999994],[-86.995257516,21.550983478999996],[-86.996247966,21.551129221],[-86.996244992,21.551411782000002],[-86.995786946,21.551557524],[-86.995938636,21.551851982],[-86.996343145,21.551807366999995],[-86.996200377,21.551608088],[-86.996646526,21.551346347000003],[-86.997229494,21.551730034999988],[-86.995944585,21.552571768999993],[-86.994756242,21.551555386],[-86.994818703,21.550895085999997],[-86.993358309,21.549955198999996],[-86.993173306,21.551249030999998],[-86.992595097,21.551641641999993],[-86.99212753300002,21.551281154],[-86.991549324,21.551320415000003],[-86.992266731,21.551905761999997],[-86.99232383800002,21.553015780999996],[-86.991513632,21.552933688999996],[-86.991263789,21.552616030999992],[-86.99149935500002,21.551762994],[-86.99070295,21.551908378999997],[-86.990537339,21.552627929],[-86.990192793,21.55280496],[-86.990173757,21.553992786999995],[-86.990606105,21.555078178],[-86.990430991,21.555664953999997],[-86.991147209,21.555786305999998],[-86.991675449,21.555388935999996],[-86.991056789,21.555120057],[-86.991094861,21.554477602999995],[-86.991425011,21.553730452],[-86.992129926,21.553444916],[-86.993095393,21.554600145],[-86.992717058,21.55495468399999],[-86.99279796000002,21.554450239000005],[-86.992324447,21.554190877],[-86.992738473,21.555699456],[-86.99247673300002,21.555946919999993],[-86.991415493,21.556268147000004],[-86.990903909,21.556149174000005],[-86.990618374,21.556920118999994],[-86.990143671,21.556841597000005],[-86.990173414,21.55532945],[-86.989790321,21.554551365999995],[-86.989549996,21.55492969999999],[-86.989208781,21.554772179999997],[-86.989368681,21.554370527000003],[-86.989088856,21.553982199],[-86.987808944,21.553991835999998],[-86.987744699,21.553489769000002],[-86.98707607,21.55300435899999],[-86.986876195,21.552440427000004],[-86.986164736,21.552192962999996],[-86.985173334,21.551268660999998],[-86.985081963,21.551474247],[-86.986498694,21.553218867999995],[-86.986189364,21.554495448],[-86.98563451,21.555100249999995],[-86.98579211,21.555588619999998],[-86.98639468,21.55467574],[-86.98782568,21.554864949999995],[-86.98814246000002,21.556949879999998],[-86.98870368,21.55787448],[-86.99017,21.559275539999994],[-86.9916138,21.55959797],[-86.99307269,21.56045886],[-86.992788999,21.562234689999997],[-86.99197097,21.563050249999996],[-86.99139551,21.56354134],[-86.989207749,21.561069066],[-86.98679975,21.557431510000004],[-86.985454229,21.556194203],[-86.983994668,21.554160715999988],[-86.98246283,21.55086622],[-86.980853779,21.549693991999995],[-86.980227981,21.548882595000002],[-86.980570624,21.547828494000004],[-86.981455783,21.547533440999995],[-86.98236394600002,21.547653284999996],[-86.982559853,21.546938576],[-86.983653505,21.54590688],[-86.982030423,21.546977836999996],[-86.98001383,21.547199127000003],[-86.978571876,21.547948657],[-86.978429641,21.54743529],[-86.97732725,21.549007950000004],[-86.97592669,21.54760231],[-86.97553794,21.546653369999998],[-86.97513143,21.543217549999998],[-86.97332012,21.539990250000002],[-86.97206871,21.53826468],[-86.96737371,21.53426897],[-86.96266265,21.52773223],[-86.95966174,21.524231849999996],[-86.95892695,21.52229946],[-86.95583705,21.51869595],[-86.95531751,21.516710309999993],[-86.9535068,21.515777819999997],[-86.95231889,21.514686739999995],[-86.95145995,21.508275519999994],[-86.94954523,21.50199751],[-86.94793666,21.499394200000005],[-86.94757158,21.495246579999996],[-86.94860771,21.491848319999995],[-86.950774633,21.490205311999993],[-86.951872992,21.489701343000004],[-86.952497185,21.489742642999996],[-86.95245548,21.48859492],[-86.9483504,21.48354343],[-86.94435149000002,21.479812260000003],[-86.942131321,21.475249101],[-86.94155159500002,21.475701841],[-86.94083971,21.4755382],[-86.94057954,21.474959339999995],[-86.93875562,21.47379866],[-86.93924834000002,21.472574919999992],[-86.93667125000002,21.47024617],[-86.93623721,21.469428893000003],[-86.934995221,21.46958592099999],[-86.935143699,21.469024367999996],[-86.935809534,21.468623586],[-86.934335159,21.46559259],[-86.933935409,21.465295632999997],[-86.93356802,21.465453629999995],[-86.933088559,21.464999866],[-86.93428758600001,21.464799417000002],[-86.93298588,21.46180662],[-86.929803001,21.456588079],[-86.92599751,21.456152879999998],[-86.9255186,21.45228289],[-86.92309348,21.447821290000004],[-86.92066152,21.446668169999995],[-86.92011614,21.44284866],[-86.918961117,21.440188195000005],[-86.917274079,21.439169785999994],[-86.91676963300002,21.439476737],[-86.916374643,21.439326831],[-86.91590113,21.437911051000004],[-86.915196809,21.437939605000004],[-86.914789922,21.437411363999995],[-86.913628269,21.437192930000002],[-86.912303385,21.437248132999997],[-86.910374713,21.436049599],[-86.910450856,21.435371452],[-86.909656116,21.434793243],[-86.90842423,21.432124919999996],[-86.90715938000001,21.425495569999995],[-86.89898206,21.417824279999998],[-86.896711781,21.410420464999998],[-86.896185213,21.411053185],[-86.895774043,21.410900898999994],[-86.895778857,21.410609374999996],[-86.895438672,21.410682188],[-86.89544472500002,21.41104557],[-86.894698526,21.411293034],[-86.8923342,21.411346629999997],[-86.8905042,21.407570950000004],[-86.888882886,21.406608589],[-86.88673622,21.403546200000005],[-86.88615342,21.401109969999997],[-86.88700995,21.398025020000002],[-86.88696931,21.39641551],[-86.88648143,21.39462529],[-86.88457071,21.392037689999995],[-86.88537858,21.3904172],[-86.88539748,21.388843319999996],[-86.88582886,21.38821214],[-86.88546078,21.386206219999988],[-86.88345529,21.37900886],[-86.88310329,21.376498859999995],[-86.88026503,21.369615309999997],[-86.87970658,21.36658302],[-86.88011189,21.36505735],[-86.87918388,21.360050029999996],[-86.87561478,21.35322195],[-86.87591094,21.350056569999996],[-86.87455011,21.347676679999996],[-86.87447894000002,21.344547180000003],[-86.87155711,21.341027519999997],[-86.86663617,21.33099105999999],[-86.86180809,21.32305750999999],[-86.86177798,21.32114002],[-86.86106935,21.31878118],[-86.86153758,21.3181342],[-86.86135717000002,21.317873569999996],[-86.86343697,21.316407719999994],[-86.86413437,21.31504375],[-86.86446235,21.313451599999997],[-86.86441314,21.31192106],[-86.86368677,21.310041369999997],[-86.86441263,21.305145690000003],[-86.86409563,21.304455429999997],[-86.86427268,21.303872],[-86.86361963,21.303206169999992],[-86.86395302,21.30221772],[-86.86333069,21.300734320000007],[-86.86321275,21.29909218],[-86.86193891,21.297445770000003],[-86.86091831,21.29727911],[-86.86015805,21.295927],[-86.85886654,21.29562308],[-86.85879463,21.29404651999999],[-86.86116222,21.292023570000005],[-86.86142509,21.28722611],[-86.85877702,21.28301751],[-86.85601726,21.28015298],[-86.85345778,21.27632323],[-86.85381826,21.275416859999996],[-86.85513328,21.274056429999995],[-86.85586652,21.271906689999998],[-86.85489278,21.27066832],[-86.85369902,21.266853459999993],[-86.85425877,21.26509718],[-86.85410726,21.262787089999993],[-86.85184008,21.259553259999993],[-86.85091626,21.255861849999995],[-86.8485002,21.25187302999999],[-86.844468621,21.251469720000003],[-86.84415512,21.250593],[-86.84318214,21.251897429999993],[-86.83696908,21.247483619999993],[-86.83521037,21.24752606],[-86.83407268,21.246639779999995],[-86.832446841,21.247299355],[-86.832066127,21.247173244],[-86.832244587,21.248075059999998],[-86.83151366,21.248511089999994],[-86.8298106,21.247834260000005],[-86.82590495,21.24519871],[-86.823467594,21.243991578999996],[-86.823126492,21.244198918],[-86.823359679,21.245186394],[-86.82271332,21.245823109999996],[-86.820604263,21.245498104],[-86.821577463,21.246247634000003],[-86.821260995,21.246685454999994],[-86.822032899,21.247094597000004],[-86.823051784,21.249372216999998],[-86.823778947,21.250213594],[-86.823839862,21.25079799],[-86.823105898,21.250971253999992],[-86.823718033,21.251228671999996],[-86.823131871,21.251203310000005],[-86.82315928,21.251448200000002],[-86.82589065000002,21.252880429999994],[-86.83156303,21.25372569],[-86.830474295,21.258391086],[-86.831485546,21.261447625],[-86.830430969,21.264194474],[-86.829739973,21.264988263000003],[-86.82945539,21.267450053],[-86.830871645,21.268773033],[-86.830453951,21.270336988999997],[-86.83085403700001,21.270632343999996],[-86.830925438,21.272391817],[-86.831629622,21.272235308000003],[-86.831775959,21.272643384999995],[-86.832232815,21.27274094299999],[-86.836419953,21.271681607000005],[-86.836791149,21.27181105],[-86.83688442400002,21.272547730999992],[-86.835483397,21.274662596],[-86.834849509,21.276825050000006],[-86.833684525,21.278049045],[-86.833398513,21.279110283999998],[-86.832330611,21.280289544999995],[-86.831539203,21.281828104999995],[-86.830328057,21.282632362999998],[-86.829845026,21.282725162],[-86.828493492,21.282196921],[-86.828516811,21.280624573000004],[-86.828004751,21.280592212999995],[-86.827932416,21.280249569999995],[-86.82831884,21.279500873000003],[-86.827343737,21.279057103000003],[-86.824990926,21.27962627],[-86.824602598,21.280311555],[-86.824907169,21.280918794000005],[-86.824705391,21.281947554],[-86.824452216,21.281954216],[-86.824594746,21.281081906000004],[-86.823130187,21.281732688],[-86.824191427,21.282089607],[-86.822353293,21.282243082999997],[-86.822450851,21.281644648],[-86.822936261,21.281708893999994],[-86.821831527,21.281233103],[-86.821106103,21.281781602],[-86.820839841,21.282573248999995],[-86.821150004,21.283026417],[-86.824001074,21.283741683],[-86.824058181,21.284183310999996],[-86.823327211,21.284748671000003],[-86.821756766,21.284238515],[-86.820686009,21.284286104000003],[-86.820321951,21.28475961699999],[-86.821007236,21.28598028],[-86.821502164,21.285882722],[-86.820828777,21.284880969],[-86.821728689,21.284485503],[-86.824761074,21.286379553999996],[-86.824551681,21.287871951999996],[-86.823129715,21.287799616],[-86.823769196,21.288803212999998],[-86.823407518,21.289298140999996],[-86.823653078,21.289694082999997],[-86.82464777,21.289504799999996],[-86.825442492,21.292855981999992],[-86.824973738,21.294257484999996],[-86.825761697,21.296154352],[-86.825833913,21.297438170000007],[-86.82662592,21.296084],[-86.82678178,21.295097919999993],[-86.82715455,21.29498398],[-86.8274492,21.29632626],[-86.82718242,21.296692819999997],[-86.82726302,21.29744725],[-86.82652065,21.298233820000004],[-86.82630618,21.29924395],[-86.82436632,21.301591369999997],[-86.82228348,21.30533807999999],[-86.822172692,21.307542082999998],[-86.823064916,21.307597232],[-86.822781761,21.308261101999992],[-86.822911862,21.310616649],[-86.822430259,21.312310826000004],[-86.82254828,21.312876184999993],[-86.822056683,21.31319884],[-86.821876796,21.314864938999992],[-86.821325118,21.315974600999997],[-86.820425682,21.317175277],[-86.818800986,21.318030455],[-86.817811606,21.318922753],[-86.81545308400001,21.319668000000004],[-86.81327914,21.32118898],[-86.810817418,21.321024292999997],[-86.809562491,21.321613922999997],[-86.80723395,21.323565557],[-86.805520738,21.323866797],[-86.802095726,21.325782510000003],[-86.80150099600002,21.326847191000002],[-86.800051904,21.327689519999993],[-86.799030877,21.328832851],[-86.798623989,21.329863158],[-86.79928429,21.330444579],[-86.797922167,21.331137716],[-86.797339675,21.332452605999997],[-86.797646626,21.334348084999995],[-86.79650496000001,21.334817314],[-86.797104584,21.335574935],[-86.796592524,21.335479756],[-86.796449757,21.334973407],[-86.795524622,21.336779893999996],[-86.795676908,21.337461371],[-86.796383846,21.337839229999993],[-86.794759626,21.338247545],[-86.794090283,21.340076042],[-86.794265459,21.341397738],[-86.793582078,21.342121093999996],[-86.79254272900002,21.342364274999998],[-86.792924422,21.34565987],[-86.79658651,21.347893539999998],[-86.79528406,21.350348119999992],[-86.79551945,21.35851192],[-86.79418875,21.359989919999997],[-86.79532095,21.360668689999997],[-86.79642362,21.36355843],[-86.79487403,21.36551563],[-86.79714458,21.370648479999996],[-86.79855623,21.37165866000001],[-86.80049162,21.37390108],[-86.80403415000002,21.374248830000003],[-86.80568658,21.375239249999996],[-86.80618912,21.376528],[-86.80614566,21.378053859999998],[-86.80530435,21.37906305],[-86.80414735,21.379652169999996],[-86.80466166,21.38286895],[-86.805599804,21.383813613000004],[-86.80667235,21.38623704999999],[-86.808525,21.38843749],[-86.81040817,21.38991231],[-86.81224687900001,21.390640690000005],[-86.81279429,21.39176389],[-86.811882229,21.392394060999994],[-86.812650622,21.392423692999998],[-86.813495807,21.393036642000002],[-86.812453603,21.394210668],[-86.811240078,21.396709101999996],[-86.810571001,21.396810214000006],[-86.80999325000002,21.39746005],[-86.81005705,21.398560289999995],[-86.81142015,21.399585949999995],[-86.81366694,21.3998096],[-86.81403731,21.400736399999996],[-86.81577269,21.400810250000003],[-86.816341,21.40185563],[-86.818119,21.403416910000004],[-86.81758557,21.403980349999998],[-86.81838658,21.404335550000003],[-86.82242187900002,21.404745137],[-86.823316081,21.405666464],[-86.82343457800002,21.406795755999998],[-86.821034653,21.408834478],[-86.820756256,21.408450433],[-86.820771961,21.409184259],[-86.82192409600002,21.40898724],[-86.823436005,21.409422681],[-86.824369706,21.409364859999997],[-86.82539212,21.410070260000005],[-86.82648505,21.409706649999997],[-86.82771843,21.411442969999996],[-86.82792069,21.41299805],[-86.82670418,21.414451400000004],[-86.82685855,21.41568685],[-86.82450811,21.416751919999996],[-86.82360531,21.41988951],[-86.82206794,21.42009082],[-86.82014805,21.41881443],[-86.815149604,21.413907474000005],[-86.81417706,21.41461779999999],[-86.80983472,21.41290528],[-86.80517732,21.40894379999999],[-86.80399443,21.40490565],[-86.80389838,21.40004615000001],[-86.80124851,21.392803489999995],[-86.79921974,21.38879886],[-86.79771717,21.38730568],[-86.79505408,21.38591809],[-86.79459818,21.38636262],[-86.79573534,21.386760459999994],[-86.79596894,21.387414319999998],[-86.79660005,21.38740038],[-86.79830112,21.38856875],[-86.79587578,21.389197859999996],[-86.79531949000001,21.38855334],[-86.79437972,21.388152349999995],[-86.79439014,21.38902418],[-86.79488515,21.390257110000004],[-86.7956342,21.39101285],[-86.79542458,21.391632979999997],[-86.79604465,21.39235046],[-86.7969864,21.39247225],[-86.79692812,21.39398391],[-86.79825582,21.394391259999995],[-86.79766974,21.394684459999997],[-86.79666285,21.394604458999996],[-86.79658738900001,21.395171768],[-86.798376743,21.398324316000004],[-86.798582091,21.399795059999995],[-86.799171364,21.400258697999995],[-86.798826343,21.4006061],[-86.799123775,21.40157454],[-86.79994763,21.402381489999993],[-86.79944167100001,21.404165773000006],[-86.79854804,21.404132034999996],[-86.798312855,21.404417045000002],[-86.798497501,21.406783181000005],[-86.798234809,21.407276204999995],[-86.799114852,21.406702755],[-86.79683866,21.408683180000004],[-86.796300426,21.409728953],[-86.796764421,21.409822942000005],[-86.797085648,21.409423193],[-86.79703092,21.410084683000004],[-86.797776881,21.409916930999998],[-86.79804695,21.410009729999995],[-86.797991033,21.410325008],[-86.796329153,21.410986127],[-86.796715815,21.411628580999995],[-86.798602371,21.411269600000004],[-86.798822233,21.411376675],[-86.798683748,21.411680770999997],[-86.799225958,21.411921405999998],[-86.800232816,21.411683662999998],[-86.800946082,21.411851299],[-86.801322357,21.412352383],[-86.799887577,21.41263443],[-86.798276813,21.412377376999995],[-86.797116743,21.412783352000005],[-86.796300836,21.412702057000004],[-86.79580479400002,21.412256633],[-86.795592595,21.411491787999996],[-86.794656709,21.410238079999996],[-86.794913701,21.407238287],[-86.79469139000001,21.402261270000007],[-86.79370666,21.397599949999996],[-86.78984909,21.38874246],[-86.78972478,21.384605999999998],[-86.79095042,21.379413310000004],[-86.79114695,21.376421399999998],[-86.79059715,21.371153519999996],[-86.79045694,21.359027249999997],[-86.78970232,21.355748709999997],[-86.79040003,21.345640999999997],[-86.79156432,21.34136682],[-86.79705854,21.328576509999994],[-86.79829291,21.326186859999993],[-86.79960365000001,21.32510912],[-86.80149518,21.322004349999997],[-86.8024958,21.319687289999997],[-86.80665003,21.31308291],[-86.81156838300001,21.303103870999998],[-86.811374804,21.303062628999992],[-86.811444998,21.302772335000004],[-86.811707929,21.302621239],[-86.811408116,21.303044783000004],[-86.81160178,21.303033449999997],[-86.81270786,21.299428629999998],[-86.81387394000001,21.29239814],[-86.81508831,21.29017909],[-86.81573766,21.28680111],[-86.8158726,21.28325786],[-86.81551405,21.27919431],[-86.81198985,21.26549263],[-86.811015636,21.26284742],[-86.809735281,21.263164051],[-86.809957585,21.263077556],[-86.809847587,21.262722507999996],[-86.810873069,21.262460310999998],[-86.8073342,21.252850540000004],[-86.806694811,21.250342496],[-86.804316302,21.245100542999996],[-86.801545023,21.24020274],[-86.800069757,21.240320047],[-86.801684633,21.240005089999993],[-86.80143101,21.238735258999995],[-86.799785001,21.239198811],[-86.801003681,21.238701187],[-86.80115241100002,21.236210697],[-86.800940639,21.235837121999996],[-86.80058372,21.235958474],[-86.800552788,21.235075694],[-86.800952537,21.235285087],[-86.801277571,21.23459147399999],[-86.801144812,21.233847529999995],[-86.800045248,21.233597810999992],[-86.80066717600002,21.233622914999998],[-86.800743858,21.233306564999992],[-86.799589343,21.233142858],[-86.801160046,21.233286468999996],[-86.801405348,21.232717411],[-86.800817145,21.232547993],[-86.80140344400002,21.232690761],[-86.801515755,21.232405225],[-86.80200569,21.22951029],[-86.801729033,21.225845507],[-86.801005677,21.225883579000005],[-86.80086862,21.225754136],[-86.801727464,21.225806862],[-86.801771047,21.224454008000002],[-86.801123833,21.224637702000003],[-86.801544998,21.224300770999996],[-86.80121806,21.224250802],[-86.801747728,21.224163714000003],[-86.801706754,21.222382928999995],[-86.801299866,21.222351995999997],[-86.801716272,21.222349616000002],[-86.801699615,21.221933210999996],[-86.801411701,21.221971282],[-86.80168533900002,21.221899897999997],[-86.80171214,21.22051052],[-86.801338651,21.220380374999998],[-86.801704152,21.220344889],[-86.80163198,21.218848219999998],[-86.801434499,21.218486253999995],[-86.80070857,21.218598634],[-86.801423062,21.218465288],[-86.80146851,21.217302204999992],[-86.80074395,21.213544259999995],[-86.80151865,21.212421714],[-86.801188745,21.212222590999996],[-86.801535165,21.212397782999993],[-86.80238455,21.21116698],[-86.80358789,21.2077036],[-86.803574182,21.207409605],[-86.803246027,21.207336129999998],[-86.80358195,21.207382404999997],[-86.80432706,21.204773450000005],[-86.804350278,21.204455205],[-86.804012242,21.204398177999998],[-86.804352688,21.204422171000004],[-86.80443012,21.203360836000005],[-86.803056789,21.203072787999993],[-86.802974142,21.203392892],[-86.803663028,21.203992750999998],[-86.80293341,21.203388830000005],[-86.803195755,21.202256121999998],[-86.803811597,21.202047142999994],[-86.803233238,21.202288834000004],[-86.803055488,21.203038857999992],[-86.803690519,21.203160137999998],[-86.803932611,21.202387558999998],[-86.803740893,21.203169991000003],[-86.804262286,21.203294420999995],[-86.804369944,21.202662950000004],[-86.804433717,21.203311518],[-86.805090229,21.194732020999997],[-86.80635193,21.190899565999995],[-86.805072731,21.190610223999997],[-86.80490141,21.190791063000002],[-86.80501752800001,21.190345627999996],[-86.805086056,21.190583573999994],[-86.806365255,21.190865302000002],[-86.806764193,21.187964943000004],[-86.80581559900001,21.187756773999993],[-86.806770039,21.187879993999996],[-86.807060189,21.184232631999997],[-86.80699505,21.183786268999995],[-86.804531237,21.183655636999998],[-86.8044313,21.184431340999993],[-86.804510536,21.182690527],[-86.804531951,21.183592818999998],[-86.807004687,21.183695610999994],[-86.807087492,21.183104552999993],[-86.80618091800001,21.183080282999995],[-86.807091775,21.183028885999995],[-86.807084643,21.182329856],[-86.805355324,21.182258979],[-86.805376001,21.181985813000004],[-86.807080354,21.182287922000004],[-86.80691369,21.179491079999995],[-86.806212891,21.179463063999993],[-86.806865675,21.179284047],[-86.806543693,21.177939355],[-86.805835327,21.178206528],[-86.805761595,21.178092945999992],[-86.806104136,21.178072456],[-86.806005744,21.177646179999996],[-86.806141745,21.178047235999994],[-86.806536492,21.177910076],[-86.805463748,21.174736195],[-86.80472706700002,21.170923347],[-86.804161707,21.170127654999998],[-86.803324932,21.170429255],[-86.804448569,21.169633705],[-86.804136336,21.168980242000003],[-86.801821894,21.169883360999993],[-86.803303453,21.16907512],[-86.803032996,21.167055542999996],[-86.802772483,21.16694650899999],[-86.803033293,21.166824057999992],[-86.802614101,21.166835685999995],[-86.802295278,21.166074122999998],[-86.80196946,21.162864440999993],[-86.801636979,21.16216493],[-86.801203357,21.161812637000004],[-86.80079508,21.161781556],[-86.800705087,21.162064405],[-86.80044135,21.161375314],[-86.800898806,21.161428086999997],[-86.801176722,21.160241383],[-86.800659415,21.159121938000006],[-86.800297459,21.159275079999997],[-86.800642487,21.159079574999996],[-86.800547467,21.15884178],[-86.800258396,21.158979539],[-86.8004482,21.158593350000004],[-86.799984098,21.158643141000002],[-86.800323981,21.158466309999998],[-86.8002468,21.158141179999998],[-86.799271807,21.156814605],[-86.798635649,21.157131605999997],[-86.79924897700002,21.156791508],[-86.79899368,21.156533231000004],[-86.798644816,21.156417688],[-86.798101836,21.156802891000005],[-86.797933987,21.156467456999998],[-86.798878429,21.156245771],[-86.798795509,21.15593366],[-86.797525938,21.154473856999996],[-86.797089795,21.154785750999995],[-86.797209912,21.154986052999995],[-86.796887892,21.154591771],[-86.797063319,21.154746894000002],[-86.797480719,21.154381818999997],[-86.796402745,21.153417460000004],[-86.796045296,21.153705182],[-86.796384037,21.153393687],[-86.79527888,21.152150541000005],[-86.79362629,21.150884291],[-86.792996782,21.150971337],[-86.793470634,21.151367019999995],[-86.792961248,21.151000985000003],[-86.792773961,21.151347443000002],[-86.793289095,21.151643462],[-86.792367069,21.151361138],[-86.792741002,21.151326044999998],[-86.793009813,21.150795916000003],[-86.792826042,21.150661559999996],[-86.792612165,21.150845417999996],[-86.792371876,21.150831084],[-86.792675231,21.150751382],[-86.792216889,21.150132975999995],[-86.79196562000001,21.150170054],[-86.792161344,21.149860132],[-86.791850731,21.150139266999997],[-86.791857515,21.149852647999996],[-86.791524899,21.150085005],[-86.791409039,21.149972037],[-86.791861578,21.149816839],[-86.791979819,21.149954188],[-86.792097549,21.149707181],[-86.791508999,21.149567367999992],[-86.79131019,21.149052936999993],[-86.790447271,21.148430292],[-86.789969986,21.148771310000004],[-86.79043363,21.148402705000002],[-86.790308495,21.148028374],[-86.78904802,21.147564031000005],[-86.788483234,21.147022695000004],[-86.787885174,21.145852399999995],[-86.78810602,21.143475089999995],[-86.78746074,21.143241151],[-86.78721572000002,21.144137779999998],[-86.78572871,21.14480249],[-86.784050874,21.144955622],[-86.784121655,21.145463859],[-86.784006589,21.14496292899999],[-86.782053329,21.145169511999995],[-86.781764938,21.145313708],[-86.781660718,21.145729161000002],[-86.780868357,21.14652295],[-86.781570774,21.145686331],[-86.781026916,21.146055694],[-86.780209021,21.145885836999998],[-86.77998312,21.14637728],[-86.779008339,21.145663131999992],[-86.778929063,21.145855707999996],[-86.77811298,21.14537509],[-86.77708529,21.14534522],[-86.77515071,21.14412754],[-86.774621633,21.144478242],[-86.77336277,21.14317162],[-86.772987271,21.143687132999997],[-86.773114659,21.143201716],[-86.77239731,21.14318444],[-86.769675339,21.140167593999998],[-86.769226097,21.140371276],[-86.769182315,21.140711063],[-86.769184218,21.140344626],[-86.769642027,21.140148558],[-86.76917946,21.13967932899999],[-86.769145247,21.140097299999994],[-86.768746962,21.140250610999995],[-86.768832776,21.140944852000004],[-86.768509614,21.140255845000002],[-86.768992577,21.140082031999995],[-86.769132822,21.139652678999997],[-86.768808094,21.139351976],[-86.76803789,21.13937765],[-86.764474801,21.137504316],[-86.764267725,21.1378851],[-86.764433054,21.137483352],[-86.76387384,21.137266582999995],[-86.763501138,21.137837379000004],[-86.763847672,21.137257515999995],[-86.762123982,21.136717266],[-86.761914068,21.137367143999995],[-86.761949823,21.136642725999998],[-86.760767618,21.136683915999996],[-86.760702719,21.137293014],[-86.760465527,21.137240306999995],[-86.760734558,21.136680298999995],[-86.759741213,21.136571587],[-86.75967859,21.137099993999993],[-86.75971036,21.136568209999997],[-86.759505621,21.136821939000008],[-86.759297174,21.136522988999996],[-86.75918685600001,21.137181156],[-86.759259779,21.136518897],[-86.757705493,21.136508601],[-86.757353812,21.136577663],[-86.757380726,21.137177847000004],[-86.757318169,21.136582753],[-86.756110264,21.136735162],[-86.756102561,21.137317901000003],[-86.75598665,21.136735020000003],[-86.75305600000002,21.137778779999998],[-86.75199348000001,21.13964465],[-86.751156871,21.139754855],[-86.750372917,21.139351228],[-86.749634967,21.139776746000003],[-86.748943972,21.139528092],[-86.747560077,21.137700190000004],[-86.746519838,21.136946961999996],[-86.74617483,21.137381020000003],[-86.74618635,21.138658850000002],[-86.74610215,21.13866008999999],[-86.74611788,21.137356579999995],[-86.74648745,21.13688397],[-86.746051954,21.136806927],[-86.745894455,21.137067966999993],[-86.745271246,21.136622061000004],[-86.743550393,21.136290373999998],[-86.742889,21.13670471],[-86.74309306,21.137749949999996],[-86.74286792,21.13772108],[-86.74281749,21.13667255],[-86.74181355,21.13700389],[-86.74199142,21.137302679999994],[-86.741007889,21.13829974],[-86.74060991,21.13757635],[-86.74059942,21.13489645],[-86.74087680400001,21.134827976999997],[-86.74177598,21.132845535],[-86.742438422,21.132127888999996],[-86.741901616,21.132974977],[-86.74350110900001,21.133634598],[-86.744615887,21.133352869],[-86.745754221,21.132531954999997],[-86.747855999,21.130132983],[-86.751073229,21.125514865],[-86.756095367,21.116673692],[-86.760744357,21.107430914],[-86.765311019,21.097109763999995],[-86.77025666900002,21.084823853],[-86.778750888,21.060190554999995],[-86.780989485,21.052147977],[-86.781501545,21.04928500899999],[-86.781960543,21.043991184999992],[-86.78110584100001,21.038895331],[-86.780451013,21.037595192999998],[-86.778956712,21.036264598999995],[-86.778281302,21.036041088000005],[-86.777794464,21.03697788199999],[-86.77737275,21.03689144999999],[-86.77784869,21.03555366],[-86.77787185,21.03437069],[-86.77862886,21.03253498],[-86.77931315,21.032072710000005],[-86.77981945,21.031015019999998],[-86.77988723,21.0314032],[-86.78056362,21.031942539999992],[-86.78208158000001,21.03194706],[-86.78357097,21.031611379999998],[-86.784234132,21.03111450999999],[-86.78406869200002,21.030741516999996],[-86.78426260600001,21.031092024],[-86.78470131,21.031077340000003],[-86.78679382,21.029875579999995],[-86.78765511,21.02980468],[-86.78831512,21.03062425],[-86.78830388,21.03115377],[-86.78874697,21.031370970000005],[-86.789406061,21.032473383999992],[-86.79210571,21.03402154],[-86.794513122,21.034676039],[-86.795290015,21.035171064],[-86.79529488,21.034860362],[-86.795715569,21.034673812000005],[-86.79811190300002,21.035300402],[-86.800467569,21.035190470999996],[-86.803686147,21.033808122999996],[-86.804646498,21.033252995000005],[-86.804981823,21.032633918999995],[-86.80568243,21.032679297000005],[-86.80731112,21.03154806],[-86.80980031,21.029186139999997],[-86.81296835,21.023054250000005],[-86.813068697,21.0228369],[-86.812803538,21.022794136999998],[-86.813080757,21.022810776],[-86.81569265,21.01715317],[-86.82194495,21.001280089999998],[-86.82484312,20.99125],[-86.82636877,20.98727385],[-86.82872086,20.97959201999999],[-86.82962911,20.975730179999996],[-86.83012332,20.97135818],[-86.83019775,20.968360799999996],[-86.82991483000002,20.966895139999995],[-86.83035163,20.965374889999996],[-86.83288492000001,20.961078619999995],[-86.834209771,20.95715725],[-86.83502325,20.954490549999996],[-86.83545191,20.949631289999996],[-86.836841,20.945563569999997],[-86.8372612,20.938870719999997],[-86.83767943000001,20.93735588],[-86.83782328,20.93493969],[-86.83758909,20.93408945],[-86.83806440000001,20.92865503],[-86.84041988,20.926799149999997],[-86.84121562,20.925779140000003],[-86.84421109,20.920178089999997],[-86.84569143,20.913786000000005],[-86.84589338000002,20.911924287999998],[-86.845616876,20.911855829999997],[-86.845894836,20.911899173],[-86.845949417,20.910956925999994],[-86.845768033,20.910962299000005],[-86.845618363,20.910899882],[-86.845952432,20.910904869999996],[-86.846227345,20.907642147],[-86.845941752,20.907623721],[-86.846229047,20.907620914999995],[-86.846261213,20.906413336],[-86.846184933,20.906410671999996],[-86.846052159,20.906309307],[-86.846261827,20.906390004999995],[-86.84646812,20.904798140000004],[-86.85004889,20.90050572],[-86.85388531,20.89782355],[-86.854662976,20.896796481999996],[-86.854450348,20.896594308999997],[-86.854679722,20.896774364],[-86.85718838,20.89381355],[-86.8575584,20.893542259999997],[-86.85793792,20.89370915],[-86.85928945,20.89289485],[-86.86053886,20.891216150000005],[-86.86080554,20.889616829999994],[-86.86238169,20.886922969999997],[-86.86410223000001,20.88187529],[-86.86479089,20.877115119999996],[-86.865072112,20.873854304000005],[-86.864881046,20.873731777999996],[-86.86507561800002,20.873813645999995],[-86.864908745,20.873691088999998],[-86.866943889,20.868156412],[-86.8667667,20.867993982999995],[-86.86696363,20.868112573],[-86.869028033,20.863136744],[-86.868439349,20.862948643999996],[-86.869041916,20.863100604999996],[-86.87040991,20.859468680000003],[-86.872287929,20.852199548],[-86.87468906,20.847540969999997],[-86.87375763,20.847109889999995],[-86.87396131,20.846767379999996],[-86.87481172,20.8473114],[-86.87509348,20.847164680000002],[-86.875562401,20.846657219999994],[-86.875168029,20.846401753000006],[-86.875188016,20.846371772],[-86.875580489,20.846637647999998],[-86.87714135,20.844692419999998],[-86.878802893,20.843349380000003],[-86.878952681,20.843077088],[-86.877792402,20.841725722],[-86.87792508,20.841401829999995],[-86.87810518,20.841534339999995],[-86.87863332000002,20.84052437],[-86.87881645,20.840598229999998],[-86.87832234,20.842020229999996],[-86.87932717,20.843062309999997],[-86.88037892,20.842530289999996],[-86.88188737,20.84109923],[-86.885958901,20.835784165999996],[-86.885633969,20.835457779],[-86.885992335,20.835738757],[-86.886909996,20.834847671],[-86.886551502,20.834452894],[-86.886991448,20.834778067],[-86.88785085,20.833869808],[-86.88752079800001,20.833483265],[-86.887941116,20.833808188999996],[-86.88823174,20.833609770000002],[-86.88968602,20.83198605],[-86.88805626,20.830452249999997],[-86.88910566000001,20.829305449999993],[-86.88905557,20.82784749],[-86.889312859,20.827821157],[-86.88929511,20.82915062],[-86.88962569,20.82954072],[-86.88887043,20.83026786],[-86.8890888,20.830485599999996],[-86.88978806,20.82978602],[-86.89004998,20.830025229999993],[-86.88931197,20.83069689],[-86.889538919,20.830915678999997],[-86.89004223,20.830465090000004],[-86.88959494,20.83095705],[-86.88975528,20.831104579999998],[-86.890242596,20.830654552999995],[-86.88982178000002,20.831159459999995],[-86.88999652,20.831329349999997],[-86.89048428,20.830910999999997],[-86.89028883,20.83007746],[-86.890658367,20.830126096999997],[-86.890169242,20.829491380000004],[-86.89093097,20.829913130000005],[-86.89187423,20.82899495],[-86.89084977,20.827871049999995],[-86.88994845,20.828398019999995],[-86.88982806,20.828243230000005],[-86.89084114,20.82765271],[-86.89241168,20.829308889999997],[-86.89335475,20.82856198],[-86.89526928000001,20.826347259999995],[-86.90231782000001,20.815373320000003],[-86.90473525,20.812385919999997],[-86.90543758,20.812772139999993],[-86.9066762,20.812286049999997],[-86.91012998,20.812466890000003],[-86.91240242000002,20.810637719999995],[-86.91444294,20.81093648],[-86.91650191,20.809913889999997],[-86.91803491,20.808457369999996],[-86.91869162,20.808611950000003],[-86.92024555,20.80800582],[-86.92460038,20.802967379999995],[-86.92822972,20.797748309999996],[-86.92949466,20.796358579999993],[-86.93136137,20.79312402],[-86.93159403,20.792196349999998],[-86.93492034,20.78742566],[-86.938437556,20.783875188],[-86.938472925,20.783193282],[-86.938724043,20.783334018],[-86.94045323,20.782329220000005],[-86.94141962,20.77987343],[-86.942525117,20.778878996],[-86.944210082,20.775212025],[-86.94587177,20.770670689999996],[-86.94640657,20.7683254],[-86.94728134,20.767504619999997],[-86.94762723,20.76659763],[-86.94857371,20.76549012],[-86.94947589,20.765231319999998],[-86.949685329,20.764662242],[-86.949261133,20.764502173000004],[-86.949705997,20.764637893999996],[-86.95010634,20.76416626],[-86.950476691,20.763607435999994],[-86.950210776,20.763307207999997],[-86.950491686,20.763584812],[-86.95109398,20.763409799999998],[-86.951074167,20.763148461],[-86.951257814,20.763272557],[-86.951743172,20.762865974000004],[-86.951213005,20.762690452],[-86.95176719300001,20.762845851999998],[-86.95248809,20.762241950000003],[-86.952758552,20.761919031999994],[-86.952420581,20.761748661],[-86.95277594,20.761898272],[-86.95364394,20.760500719999996],[-86.95429331,20.761078659999995],[-86.95542877,20.76064934],[-86.95714235,20.758967950000002],[-86.95802329,20.75739832],[-86.95865094,20.754708679999993],[-86.95984849,20.752938029999992],[-86.96141075,20.74947683],[-86.9623454,20.748911479999993],[-86.96300329,20.749040289999996],[-86.96415872,20.747800369999997],[-86.96449815,20.74620943],[-86.96424966,20.74448648],[-86.96458149,20.74367305],[-86.96457335,20.74153545],[-86.96525177,20.737430489999998],[-86.96457117,20.734036419999995],[-86.96391283,20.73337208],[-86.96317565,20.733329429999998],[-86.9625044,20.732312920000002],[-86.96261857,20.731862109999998],[-86.96231758,20.731508149999996],[-86.9627316,20.730089999999997],[-86.96477718,20.728182139999998],[-86.96634532,20.727611289999995],[-86.96956975,20.725753020000003],[-86.9725655,20.724931922999996],[-86.97378422800001,20.724183074999996],[-86.975406396,20.723979316],[-86.974094762,20.723630954999997],[-86.97346393,20.723747927],[-86.974086814,20.723565592],[-86.974130813,20.722967224999998],[-86.97416066,20.723587248],[-86.975474699,20.723955148000005],[-86.976493104,20.723455272],[-86.97618381,20.723025261],[-86.975838834,20.723225286999998],[-86.976180444,20.722972895],[-86.97654573,20.72343771],[-86.977671478,20.722800038000003],[-86.978045843,20.722215736999996],[-86.979186539,20.721554215],[-86.977928535,20.720798054],[-86.97848057,20.720291228999997],[-86.978889838,20.719960483],[-86.978516262,20.720322162],[-86.979165855,20.720138942999995],[-86.978761347,20.720660045],[-86.979401422,20.721262049],[-86.98014983,20.72084945],[-86.980937447,20.720182860999998],[-86.981327357,20.719070089],[-86.98204309900001,20.719047246],[-86.983182933,20.717982970999998],[-86.985505707,20.716911529],[-86.986501273,20.716054923],[-86.987705994,20.714340521999997],[-86.988031505,20.714183477],[-86.988749031,20.71461648],[-86.991750007,20.713745597],[-86.993961478,20.712269379],[-86.994903305,20.710951348000002],[-86.993841554,20.711482730000004],[-86.99520784,20.710768891],[-86.994930871,20.710937357],[-86.995190823,20.711307067999996],[-86.995828519,20.711564049999996],[-86.99767483000001,20.710682489999996],[-86.99956626,20.708294380000005],[-87.00266185000001,20.705217370000003],[-87.00515783,20.705419219999996],[-87.00577237,20.70522086],[-87.00679422,20.704565540000004],[-87.007812354,20.704320415000005],[-87.00748209100001,20.703724475],[-87.007882367,20.704303558000003],[-87.00812251,20.704245740000005],[-87.009240636,20.703231738999996],[-87.008842602,20.702769337999996],[-87.009264624,20.703210799999997],[-87.01024258,20.702374109999997],[-87.01116183,20.70131591],[-87.01170278000001,20.700076199999998],[-87.013120319,20.698569201],[-87.01292911,20.698163164],[-87.01323569500002,20.698424725999995],[-87.0148442,20.69641051],[-87.01563372,20.694647289999995],[-87.0184034,20.690737320000004],[-87.01980295,20.686566379999995],[-87.021047262,20.681095137],[-87.021454969,20.677434762],[-87.021080775,20.67594114],[-87.021801838,20.674255546],[-87.02676799,20.669734018999996],[-87.032005368,20.662535137],[-87.031763345,20.661980564000004],[-87.032125293,20.662310515999998],[-87.033591041,20.660564943],[-87.03478949,20.66056831],[-87.03623571,20.66004406],[-87.039901371,20.657068088],[-87.04106562,20.65479865],[-87.043551403,20.65301904999999],[-87.044928159,20.65241086],[-87.045999868,20.651038386999996],[-87.047088709,20.647954606],[-87.048101408,20.647467291999998],[-87.049390124,20.64734165599999],[-87.050982559,20.648130654],[-87.053455387,20.646844892999997],[-87.055384462,20.644623359999997],[-87.056890978,20.641974702999995],[-87.058529046,20.638436156],[-87.059244979,20.635775164],[-87.05959359,20.635867385000005],[-87.061426231,20.634704498],[-87.06569638,20.62995517],[-87.066632016,20.627864974999998],[-87.064820294,20.626555677],[-87.066672467,20.627752545000003],[-87.067096487,20.627448449999992],[-87.06863862,20.627887480000002],[-87.071431389,20.625449703000005],[-87.074682684,20.621221876999993],[-87.07460049,20.620755379999995],[-87.07277425200002,20.619069655],[-87.07518763,20.620756600000004],[-87.07631615,20.619387349999997],[-87.07911751,20.6142462],[-87.082390048,20.611378833999996],[-87.088694668,20.604267100999998],[-87.09285526,20.60032789],[-87.0981204,20.594736860000005],[-87.09889161,20.593107904999997],[-87.098670796,20.592957523000003],[-87.098851635,20.592633915999997],[-87.099970934,20.591941017000003],[-87.101948742,20.589856609],[-87.103587714,20.588777286],[-87.10650422,20.587595169],[-87.113144463,20.581695296],[-87.114255029,20.581204119999995],[-87.115257001,20.580412148999994],[-87.115302634,20.580079166000004],[-87.11597959,20.580265954000005],[-87.11637696,20.579103586999995],[-87.11807166,20.578914340000004],[-87.11819288,20.577818200000006],[-87.1185394,20.577354719999995],[-87.11929926,20.577117199999996],[-87.119848554,20.577468203],[-87.121440414,20.576518797999995],[-87.122966124,20.574077232999997],[-87.126384512,20.570845218],[-87.125984351,20.570718386000006],[-87.126380294,20.570674603999997],[-87.127252128,20.569614316],[-87.128397878,20.569307683],[-87.130231491,20.566921321999992],[-87.1324972,20.56509472],[-87.133584455,20.565679807],[-87.134057664,20.564640846],[-87.133798779,20.563986018000005],[-87.134742235,20.563883702],[-87.134272292,20.564389336999994],[-87.134811727,20.564898129000003],[-87.1358722,20.56519186],[-87.13693772,20.565112580000005],[-87.13925375,20.564485769999997],[-87.14280786,20.56241278],[-87.14407971,20.56130385],[-87.14593246000001,20.55794198],[-87.14639686,20.556004850000004],[-87.14892698,20.554452320000003],[-87.15074018,20.552695049999993],[-87.15269246000001,20.55142469],[-87.153378531,20.549760291999995],[-87.153121549,20.549213967999997],[-87.153285256,20.548542008],[-87.154238944,20.548062308999995],[-87.155322074,20.547982359],[-87.15713645,20.546886580000002],[-87.158579895,20.545375586],[-87.15937797,20.543923451],[-87.161238709,20.542840795999997],[-87.16173168,20.542856481999998],[-87.16332018,20.54171252],[-87.16461003,20.540547709999995],[-87.165202415,20.538931340999998],[-87.165927675,20.538622963],[-87.166746209,20.537480821999992],[-87.168221237,20.53681600099999],[-87.16898266500002,20.53581282],[-87.171586747,20.534461286000006],[-87.174868975,20.532105143999996],[-87.17727778,20.53185146],[-87.17788611,20.531372999999995],[-87.17838971,20.531422199999998],[-87.17907346,20.532247169999998],[-87.18080663,20.532479369999997],[-87.18253015,20.531997059999995],[-87.18609426,20.529725309999996],[-87.18767083,20.527754980000005],[-87.18840888,20.523612879999998],[-87.18976878,20.521796090000002],[-87.19164371,20.522301139999996],[-87.19293497,20.52191049],[-87.19363929,20.52099789],[-87.19375322000002,20.51996195],[-87.19308363,20.519553590000005],[-87.193210693,20.519160978999995],[-87.194969353,20.518626909000005],[-87.19569937100002,20.517285843999993],[-87.197432573,20.516655924],[-87.203243238,20.512960032],[-87.20702348,20.511003859999995],[-87.212706695,20.506246071],[-87.218278219,20.502389201],[-87.218578079,20.50275806],[-87.217455739,20.50333409],[-87.218253059,20.503105200999997],[-87.21864345,20.503840999999998],[-87.218715089,20.503227230000004],[-87.21846095,20.503002950000003],[-87.22016134,20.502484850999995],[-87.22030848,20.50187877],[-87.219974139,20.50077445],[-87.22309432,20.497825781],[-87.223643889,20.49695497],[-87.223997749,20.49705868],[-87.224562429,20.496558350999994],[-87.224229119,20.497111280999995],[-87.224585659,20.4972776],[-87.22468400000001,20.496882860999996],[-87.22478046000002,20.49801652],[-87.22498292,20.498038571],[-87.225159779,20.49694414],[-87.225415279,20.497264829999995],[-87.22522535,20.497843780999997],[-87.22691826,20.498992659999992],[-87.227841214,20.498970561],[-87.231308229,20.497370820999997],[-87.232282429,20.496108940000003],[-87.23229076900002,20.495660849999997],[-87.230719289,20.49419162],[-87.232460379,20.495622031],[-87.232555522,20.495290478],[-87.23224331000002,20.494939568999996],[-87.232599451,20.495137392],[-87.23272897400001,20.494388275],[-87.231916848,20.494004916],[-87.232575126,20.493815986999998],[-87.232590592,20.493265499000003],[-87.230467875,20.493002473],[-87.230509278,20.49269552299999],[-87.232092571,20.492932517],[-87.233048639,20.491834395999998],[-87.233808233,20.492683292000002],[-87.23436645,20.49273763900001],[-87.234769935,20.492438035999992],[-87.23464165,20.49062706],[-87.23521917,20.489405629999997],[-87.23595734,20.48868243],[-87.236553048,20.488716451999995],[-87.236716887,20.488120037],[-87.237221809,20.48835679400001],[-87.23710132,20.48873114],[-87.23745768,20.489218280000003],[-87.23894894,20.489134879999998],[-87.24086869,20.487922850000004],[-87.24171643,20.486981630000002],[-87.241962886,20.48610796499999],[-87.24159787500001,20.485555453999996],[-87.241945753,20.485996605999997],[-87.242760283,20.486104279],[-87.24435232,20.485757479999997],[-87.24634858,20.48485408],[-87.246909421,20.483064098],[-87.245233329,20.480716046],[-87.245551003,20.480179391999997],[-87.24504212,20.479719319999997],[-87.246248764,20.478734945999996],[-87.247934612,20.477890476],[-87.24930994,20.477770313],[-87.250078506,20.478014207999998],[-87.25039902,20.4787516],[-87.25083665,20.478723079999995],[-87.25288308,20.477520739999996],[-87.2567074,20.473558310000005],[-87.25724212,20.47192775],[-87.26090838,20.467522860000003],[-87.26104083,20.46690395],[-87.260282563,20.466689114999998],[-87.260289225,20.466011921],[-87.259874009,20.465658571000002],[-87.2609293,20.465364707999992],[-87.261182951,20.464221614],[-87.261888223,20.463256504999997],[-87.262475885,20.463313622999998],[-87.263081761,20.462913863],[-87.263048924,20.461706047999993],[-87.264212124,20.460694895999996],[-87.2668657,20.457180908000005],[-87.27013126,20.455521629999996],[-87.27380617,20.451756926999998],[-87.274484822,20.451920009],[-87.274457696,20.451683014999997],[-87.27463863,20.45191665],[-87.275744935,20.451514105000005],[-87.275517318,20.450981739999996],[-87.274844882,20.451123080000002],[-87.276206886,20.450810419],[-87.275533022,20.450988879],[-87.275776179,20.451513493999997],[-87.276545157,20.451334351000003],[-87.28223963,20.44606306],[-87.28511114,20.442100320000005],[-87.28543292,20.439843089999997],[-87.283881837,20.438488975],[-87.2841408,20.43758597],[-87.28451711,20.437474289999997],[-87.285432,20.43521177],[-87.28653274,20.43402322],[-87.287575304,20.433369900999995],[-87.288083319,20.433523375999993],[-87.288943732,20.432891629],[-87.288176118,20.431366632],[-87.288745761,20.430308724],[-87.28994148,20.430600139999996],[-87.29022424800002,20.429886539000005],[-87.28989932400002,20.430017477999996],[-87.289583807,20.429636287999998],[-87.290095867,20.429496376000003],[-87.290314302,20.428678317000006],[-87.290895366,20.429539205999994],[-87.291731985,20.429787621999996],[-87.292073199,20.429562049],[-87.29199896,20.429235110999997],[-87.292880788,20.428895918999995],[-87.29288649900002,20.428060728000002],[-87.291361384,20.427137997],[-87.29136733200001,20.426720401999997],[-87.291857984,20.426445747999995],[-87.293484279,20.423118581999994],[-87.29431549,20.423110169999998],[-87.29507745,20.422425149999995],[-87.29520711,20.420400029999996],[-87.29773172,20.416805479999997],[-87.29811425,20.415844120000003],[-87.29878085000001,20.41540205],[-87.30038929,20.4154042],[-87.30125152,20.41498788],[-87.3018766,20.414136709999994],[-87.30210731,20.41256286],[-87.301279631,20.410909782],[-87.302147659,20.410157395999995],[-87.302717015,20.410861870999994],[-87.30355542,20.410943149999998],[-87.30368357800002,20.40976803],[-87.303248598,20.408864029999997],[-87.302711587,20.408642805999996],[-87.303398775,20.407012399000003],[-87.303745225,20.406785874],[-87.305677079,20.407238181],[-87.306585108,20.40697243],[-87.308589279,20.40556722],[-87.309295568,20.40369895],[-87.309253289,20.40284222],[-87.308932849,20.402116490000004],[-87.308362539,20.401816170000004],[-87.307467979,20.40065851],[-87.307951279,20.39932325],[-87.30906668,20.398173711],[-87.310000193,20.396458160999998],[-87.31004873400002,20.395707202999997],[-87.311467845,20.394335682000005],[-87.311944347,20.395080017999998],[-87.312464353,20.395299313999995],[-87.312696259,20.396040451],[-87.31314331,20.39611948],[-87.31465985,20.395454630000003],[-87.31551506,20.394186509999997],[-87.31766406,20.392885289999995],[-87.31912057,20.391398850000005],[-87.32029889,20.38845405],[-87.322924516,20.386515467999995],[-87.32320169,20.38589303],[-87.322942889,20.385256468999998],[-87.322372191,20.385266891000004],[-87.322834996,20.385149108],[-87.32308246,20.384528069],[-87.323930976,20.38405646],[-87.324104439,20.381749572],[-87.32338969,20.379568770000002],[-87.32233174,20.378916824],[-87.322105691,20.378402860000005],[-87.322305566,20.376941871000003],[-87.322888534,20.376310124],[-87.32336167,20.374663437999995],[-87.324068846,20.375215473],[-87.324617074,20.374999417999998],[-87.324516184,20.374790025000003],[-87.324564725,20.374630125999992],[-87.324648483,20.374995610999996],[-87.325027293,20.374853794999996],[-87.328203971,20.372065341],[-87.329625461,20.368667350999992],[-87.33173538000001,20.36651892],[-87.33220099,20.364481879],[-87.331824559,20.362177133],[-87.331092875,20.361522305999998],[-87.332015094,20.359775375],[-87.33189398,20.359136251999995],[-87.332605439,20.358673445999997],[-87.333106623,20.357774432],[-87.332863372,20.357553315],[-87.332508833,20.358097021999995],[-87.332523109,20.357713928999996],[-87.33275867600001,20.357447428999997],[-87.333176271,20.357431963000003],[-87.333424925,20.356487317],[-87.33366763,20.356264836999998],[-87.334555169,20.356756195999996],[-87.335760723,20.356239397],[-87.336726248,20.356914793],[-87.337477102,20.356998512999997],[-87.33802597,20.356391682000005],[-87.33809188100001,20.355596109],[-87.336507636,20.354867043000002],[-87.33566768600001,20.353759403000005],[-87.335522063,20.353029860999992],[-87.336385807,20.351629310000003],[-87.337577592,20.352514081999995],[-87.338805719,20.352207519],[-87.339503853,20.351393743000003],[-87.339768449,20.350689422999995],[-87.339652331,20.349769999],[-87.339382025,20.348985728999995],[-87.338744329,20.348513643999997],[-87.338656765,20.346691928],[-87.340616092,20.343162397],[-87.341506011,20.342541358],[-87.341402504,20.341643110999993],[-87.342255541,20.342040481],[-87.34417648,20.340956637],[-87.34468665,20.340261219999995],[-87.345614369,20.34008243699999],[-87.347027886,20.339237438],[-87.348490681,20.336859086],[-87.348753849,20.333457883999998],[-87.351488516,20.332477515],[-87.353857745,20.329654505999997],[-87.354218686,20.327343899],[-87.354121604,20.325632115],[-87.35288317,20.32346855],[-87.350929676,20.321432246999997],[-87.351544766,20.320732685],[-87.352583401,20.320434063],[-87.353350777,20.319561990999993],[-87.354214522,20.314864934999996],[-87.354870063,20.314822103999997],[-87.355963526,20.315490328999996],[-87.35643314,20.315115047999996],[-87.356282553,20.314685513],[-87.354947199,20.313755619999995],[-87.355167401,20.312323696999993],[-87.35593561,20.311524864000003],[-87.356223763,20.309936574],[-87.356713456,20.309412616999992],[-87.357370068,20.307278478],[-87.358371822,20.307115484999997],[-87.358302817,20.306559881],[-87.35781145800001,20.30638856],[-87.359198684,20.303273845000007],[-87.360042758,20.302549368999998],[-87.35985906400002,20.302161993],[-87.360081782,20.30091801],[-87.361455206,20.298203426],[-87.362847667,20.29607023899999],[-87.363828362,20.295937798],[-87.363911643,20.295177561],[-87.363479771,20.295133541],[-87.363373885,20.294648131],[-87.363569001,20.293946190000003],[-87.364159107,20.293270422999992],[-87.364739874,20.293969686999997],[-87.36683261000002,20.295035685],[-87.367837932,20.295981520999998],[-87.369276317,20.295502059999993],[-87.370024657,20.295718591],[-87.371350017,20.294954783999998],[-87.37171050500001,20.294035122],[-87.372356529,20.293411307],[-87.371894913,20.292684380999994],[-87.372471932,20.292129967],[-87.372606372,20.291115127],[-87.373181012,20.29074869],[-87.373590279,20.291130592999995],[-87.374533339,20.290609888000002],[-87.37467352,20.28856303],[-87.373957113,20.288499147000003],[-87.37399298,20.287939259999998],[-87.373389496,20.286818772000004],[-87.372339317,20.286442817],[-87.37144534,20.286911109999995],[-87.370496663,20.286876830999997],[-87.369430664,20.286704558000004],[-87.368630332,20.286181075999995],[-87.368005486,20.286666724],[-87.367573614,20.285954075999996],[-87.367893651,20.285647125000004],[-87.36885995,20.286069004],[-87.369064584,20.285505546999996],[-87.370080138,20.284628478],[-87.370198159,20.284034564999995],[-87.371694364,20.284406712],[-87.373608641,20.285825585],[-87.375334864,20.286002815],[-87.377228205,20.285073038999997],[-87.37894589,20.28355721999999],[-87.38032603,20.28132697],[-87.38107431,20.279239249999996],[-87.38122881,20.277757157999996],[-87.380759321,20.276429768],[-87.379196492,20.275319273000004],[-87.378174513,20.27401858],[-87.380986284,20.269544335],[-87.381995414,20.267211274],[-87.38281371,20.266755368999995],[-87.385956264,20.269398474000003],[-87.387240158,20.268724857],[-87.386940525,20.268343726999994],[-87.386980152,20.268302331],[-87.387269449,20.268708088999997],[-87.388940981,20.267824659],[-87.389958201,20.266840751999997],[-87.390076005,20.266627052999997],[-87.389852388,20.266402902999996],[-87.389907424,20.266343097],[-87.390111212,20.266608744000003],[-87.390280849,20.266449902999998],[-87.390038246,20.266220666],[-87.390082648,20.266164656999997],[-87.390305602,20.266426726],[-87.390900422,20.266018997000003],[-87.391414366,20.265404865999997],[-87.391096134,20.265195591],[-87.391135477,20.265139094],[-87.391427649,20.265368658],[-87.393249709,20.263314549999997],[-87.393080535,20.26291669],[-87.393320141,20.263199384],[-87.393846478,20.262743479],[-87.396645914,20.258824981999997],[-87.397661944,20.257836315999995],[-87.398203033,20.256981376],[-87.398326765,20.256046248],[-87.400495168,20.253032185],[-87.40140317,20.252101339999996],[-87.403630346,20.250886386999998],[-87.404774331,20.248701872999995],[-87.405990711,20.247882386999997],[-87.40975026,20.244114748],[-87.413778211,20.238554898999997],[-87.41495318900002,20.236373409999995],[-87.415421467,20.23419763],[-87.416393715,20.232670968000004],[-87.41709518,20.232368301],[-87.418096711,20.231289485000005],[-87.418443398,20.231323510999996],[-87.41861472,20.231136010000004],[-87.41837677400001,20.230827632000004],[-87.419340931,20.230523061],[-87.42076956,20.229230536999996],[-87.422467543,20.227322018999995],[-87.424359548,20.224189126],[-87.430109333,20.210729093999994],[-87.430231042,20.207348832],[-87.431017216,20.203819615],[-87.431879533,20.202523285000005],[-87.436781277,20.197429769],[-87.439625369,20.192611169999996],[-87.443857203,20.180941903],[-87.446036908,20.176927574000004],[-87.446427769,20.175321479999997],[-87.446895334,20.175343608999995],[-87.447315935,20.174738244],[-87.448385749,20.171753794999997],[-87.44798005,20.171211992000003],[-87.448658197,20.171154885000004],[-87.449389319,20.170352221],[-87.449131591,20.169115687],[-87.448607276,20.169582418],[-87.448816431,20.168888567000003],[-87.449142655,20.168420289],[-87.449382505,20.168790770999998],[-87.449903607,20.168450271000005],[-87.4505374,20.166719925999995],[-87.4520041,20.164815882],[-87.45656409900002,20.152480696000005],[-87.457920867,20.149761448],[-87.460371664,20.140655219],[-87.462301883,20.135618374999996],[-87.465389908,20.122625764999995],[-87.469721869,20.109718364],[-87.471447777,20.105007284],[-87.472776944,20.102341811999995],[-87.473530044,20.099071123],[-87.473733726,20.094481142999996],[-87.474666474,20.090306617],[-87.476170294,20.085660005],[-87.478031984,20.076008911],[-87.47786299,20.069302144999998],[-87.476591644,20.058066568000005],[-87.47769714100001,20.053744752999997],[-87.478886634,20.04137556],[-87.477535814,20.035988698],[-87.476403333,20.027283248999996],[-87.475892463,20.02068548],[-87.476493515,20.015768443000002],[-87.477758436,20.010808693999998],[-87.477839338,20.009330573],[-87.477498123,20.008185457],[-87.477841955,20.00728959],[-87.47824855000002,20.00722615],[-87.477890314,20.006228917999998],[-87.477306263,20.005905954],[-87.476231243,19.99920089],[-87.474983215,19.996370521000003],[-87.473572195,19.994159764],[-87.47273055,19.993221179999995],[-87.47153803,19.992473859999997],[-87.46930014,19.992258799999995],[-87.46616974,19.993974950000002],[-87.464326323,19.994507402999993],[-87.464238759,19.993013101999992],[-87.46342593500002,19.990702169],[-87.463825685,19.990220566],[-87.464116931,19.988981342999995],[-87.46381581,19.985974060999997],[-87.466806031,19.983507988],[-87.467494885,19.982223079],[-87.467952693,19.98036234],[-87.46668920000002,19.970262955999996],[-87.464669037,19.966148392],[-87.465331479,19.963905512],[-87.465458542,19.962296520999995],[-87.465041292,19.958631119999996],[-87.463121067,19.953866844],[-87.461612605,19.95173101],[-87.4606932,19.951171059999997],[-87.457633554,19.947286207000005],[-87.456442753,19.941713985],[-87.45247148,19.933239649999994],[-87.45056728,19.93071992],[-87.44809182,19.929168969999996],[-87.446255121,19.928996458999997],[-87.44636978000001,19.929353279999997],[-87.44683924800002,19.929199209999997],[-87.446894452,19.929400987999998],[-87.44566665,19.929909241000004],[-87.445700914,19.930421300999992],[-87.445411572,19.930621175],[-87.444684884,19.930534444],[-87.443643109,19.929881554],[-87.4418316,19.929965550000002],[-87.44092445,19.93065982],[-87.440163313,19.930753354999997],[-87.439525618,19.930622483999993],[-87.438764893,19.929936894000008],[-87.43748879900001,19.929915784],[-87.435980221,19.927031877999998],[-87.436296689,19.926425114999997],[-87.43596178,19.924334164000005],[-87.432138819,19.90824111499999],[-87.431777141,19.90283022099999],[-87.430533278,19.896231975999996],[-87.430898465,19.891497734999998],[-87.429935971,19.886185419],[-87.429968332,19.884741561999995],[-87.430471292,19.884880452],[-87.43190786,19.88390315],[-87.43260212,19.882408780000002],[-87.433891159,19.877003388],[-87.435726794,19.873840250999997],[-87.436208397,19.872414478000003],[-87.436613857,19.868807215000004],[-87.436181747,19.866741842999996],[-87.435418416,19.865201856],[-87.437590388,19.863568594],[-87.439569267,19.859248445],[-87.442123618,19.856469828999998],[-87.444105709,19.853154922999998],[-87.446350262,19.843812437999993],[-87.448046818,19.84110937],[-87.448558402,19.839048281],[-87.450639002,19.836586965999995],[-87.450809562,19.835671159],[-87.452048785,19.834395768000004],[-87.455471402,19.83305756],[-87.456815322,19.833473489],[-87.459018227,19.833162256],[-87.462356135,19.831656057000004],[-87.463870899,19.830275494],[-87.467574293,19.82802262],[-87.469807774,19.825405213],[-87.470815029,19.822497203999994],[-87.471555518,19.822033209],[-87.471469548,19.820776545000005],[-87.472480819,19.818849181],[-87.47386708,19.818753490000002],[-87.473484951,19.817909293999996],[-87.47430362,19.817077799999996],[-87.47433188,19.81667952],[-87.473909923,19.816269845],[-87.473916109,19.815862958000004],[-87.474589731,19.815388183999996],[-87.47521012000001,19.813100701],[-87.476183319,19.811541678000005],[-87.476916193,19.808212336],[-87.47660395500002,19.805827079999997],[-87.476753795,19.803296013],[-87.476025012,19.801073298],[-87.475455575,19.801221966000004],[-87.475992145,19.801007252],[-87.47530931,19.799429720000003],[-87.473221982,19.796718104999997],[-87.472525532,19.792365643],[-87.471738406,19.790098016],[-87.470774724,19.789177164999998],[-87.470326434,19.787385431000004],[-87.468284856,19.783612081999998],[-87.469623184,19.780233008999993],[-87.47250138,19.778365608],[-87.47472165,19.777552],[-87.47698988,19.77721565],[-87.47858948,19.77843829],[-87.47956291,19.778742419999993],[-87.47951749,19.78022897],[-87.4810914,19.781192120000004],[-87.480168241,19.781261888],[-87.47794746,19.780563509999997],[-87.47720117,19.781178949999997],[-87.47565614,19.78153698],[-87.47533623,19.78297709],[-87.47561360000002,19.784014510000002],[-87.47818308,19.784314379999998],[-87.47833537,19.785210569999997],[-87.47896015,19.78565718],[-87.48115495,19.785745679999998],[-87.48200383,19.786073709999997],[-87.48322549,19.78597603],[-87.4864704,19.7869582],[-87.48659823,19.787996020000005],[-87.48622495000001,19.788256569999998],[-87.48618023,19.78995548],[-87.48575737,19.790310539999997],[-87.4856862,19.79151406],[-87.48531326,19.791892579999995],[-87.48517294,19.793751319999995],[-87.48530308,19.795544140000004],[-87.48617995000001,19.79686305],[-87.48600752,19.797571349999995],[-87.48663748,19.79969311999999],[-87.48716298,19.800281549999998],[-87.48719103,19.801296029999992],[-87.48620525100002,19.801801911],[-87.486088976,19.801568996999997],[-87.48587178,19.80214902],[-87.48387955,19.80314538],[-87.482775496,19.803230539],[-87.48255666,19.802795060000005],[-87.48181031,19.803410519999996],[-87.48131092,19.803223119999995],[-87.48106229,19.803483320000005],[-87.48141451,19.80449694],[-87.48101922,19.805748509999997],[-87.48171905,19.80624209],[-87.48147311,19.80745331],[-87.48102466,19.807619689999996],[-87.48090132,19.808068340000002],[-87.48162951,19.80969446],[-87.48325334,19.810563109999997],[-87.48328026,19.81122371],[-87.48275777,19.811649829999993],[-87.48256023,19.81231105],[-87.482172743,19.811953586999998],[-87.48180899900001,19.812039819],[-87.481635298,19.811734772999998],[-87.481887997,19.811487783999993],[-87.481476687,19.811081350000002],[-87.48019286,19.811359461999995],[-87.47989089,19.81212948],[-87.48016972,19.81361525],[-87.47762732,19.814188350000002],[-87.47710574,19.814921199999993],[-87.47656157000002,19.81645637],[-87.476679642,19.817231225999997],[-87.47751519000002,19.816807029999996],[-87.47793537,19.817113349999996],[-87.47703914,19.81768205],[-87.47654632,19.81971258],[-87.47557502900001,19.820210659999997],[-87.47540631,19.821444950000004],[-87.47440454,19.82149709],[-87.47397115,19.82234962],[-87.47499074,19.824838599999993],[-87.47460346,19.82526228],[-87.47264234,19.82556148],[-87.472501474,19.826021881],[-87.473564214,19.825594997999996],[-87.474285667,19.825832944],[-87.474700645,19.825503626999996],[-87.47504178,19.825674550000002],[-87.47523886,19.826620369999997],[-87.47463646,19.826557660000002],[-87.47413242,19.826908140000004],[-87.47527142,19.82777337],[-87.476590412,19.82776078299999],[-87.47689908,19.82839548],[-87.475303787,19.828860075999998],[-87.47626968,19.829987969999998],[-87.47591531,19.831679479999995],[-87.4752844,19.831828169999994],[-87.47528683,19.832645859999996],[-87.473390311,19.834841392999998],[-87.47259366,19.835340059999996],[-87.47249800000002,19.835836459999996],[-87.47048005,19.836887000000004],[-87.46981908,19.83652342],[-87.46944729,19.835614799999995],[-87.46982326,19.834649089999992],[-87.47041566,19.834601600000003],[-87.47110511,19.83361592],[-87.47189411,19.83342278],[-87.47262623,19.83262189],[-87.47262028,19.830607150000002],[-87.47229063,19.830903289999995],[-87.47207517,19.83255388],[-87.47026235,19.834260779999994],[-87.46802648,19.835743],[-87.46802298,19.836224089999998],[-87.46685615,19.83614662],[-87.46689698,19.837553369999995],[-87.46753883,19.837256420000003],[-87.46783328,19.837481430000004],[-87.46684549000001,19.838386769999996],[-87.46493678,19.836766749999995],[-87.46294078,19.836937349999996],[-87.46187268,19.836744429999992],[-87.46124646000001,19.836967379999997],[-87.46097012,19.83665546],[-87.45996235,19.837404919999997],[-87.45753685,19.83683798],[-87.45689931,19.83693711],[-87.45461402,19.836238680000005],[-87.45273034,19.83645183],[-87.45202008,19.836975230000004],[-87.45193528,19.83776365],[-87.45128051,19.838133549999995],[-87.45131985000002,19.83947058],[-87.45061078,19.84088998],[-87.45018652,19.842155739999995],[-87.45033623,19.842467059999997],[-87.44889262000001,19.846442579999998],[-87.44890932,19.847151629999995],[-87.44931109,19.847654229999996],[-87.44933272,19.848871969999998],[-87.44925434,19.84960048],[-87.44878226,19.850278679999995],[-87.44880834,19.851373969999994],[-87.4475708,19.85275583],[-87.44646289,19.855572429999995],[-87.44302651,19.859578109999998],[-87.44233012,19.86135149],[-87.441059521,19.863303889999997],[-87.43851071000002,19.866422430000004],[-87.43874266,19.86754948999999],[-87.44002912,19.868242549999994],[-87.44097532,19.87076205],[-87.44080212,19.872071119999998],[-87.44052908,19.872232379999996],[-87.44137631000001,19.873601949999998],[-87.4411812,19.87401613999999],[-87.44195442,19.87541185],[-87.43973434,19.87706448],[-87.4395782,19.87771737],[-87.44012589,19.87865478],[-87.43985289000001,19.879522879999996],[-87.43810974,19.880239399999997],[-87.43805540000001,19.880743889999998],[-87.43736557,19.881487709999995],[-87.43746305,19.88234106],[-87.43628075,19.88335288],[-87.43592297,19.884362019999998],[-87.43478085,19.88536532],[-87.43351319100002,19.885947855999998],[-87.43515675100001,19.885969212999996],[-87.43749182,19.886625],[-87.4378768,19.88614969],[-87.43777642,19.885441049999997],[-87.43800312,19.88546289],[-87.43853463,19.88739454],[-87.43822037,19.887760139999997],[-87.43665317,19.887423519999995],[-87.43561695,19.887564879999996],[-87.4348256,19.8867092],[-87.43291334,19.886451720000004],[-87.43128792,19.88708058],[-87.43116075,19.888260799999998],[-87.43156971,19.889871400000004],[-87.43187055,19.889751950000004],[-87.43196185,19.89011952],[-87.4315954,19.89066563],[-87.43127618,19.89532677],[-87.43183574,19.89694342],[-87.43169117,19.89828498],[-87.43277949,19.90255678],[-87.43289312,19.906556429999995],[-87.43341045,19.90745226],[-87.432934186,19.908619756000004],[-87.43378888000001,19.910951909999998],[-87.43416735,19.91142837],[-87.43522034,19.911842139999994],[-87.43535098,19.912432139999996],[-87.43462666,19.91327483],[-87.43524917,19.913998119999995],[-87.43531368,19.915231940000005],[-87.43616457,19.915440339999996],[-87.436437563,19.915000614],[-87.43639905,19.914396],[-87.43593349,19.914079749999992],[-87.43628562,19.913333660000003],[-87.435931905,19.912297228999996],[-87.43615752,19.912075940000005],[-87.43681943,19.912139739999997],[-87.43705914,19.91305503],[-87.438266761,19.913166232000002],[-87.43765094,19.91235743],[-87.43762292,19.91115375],[-87.43675585,19.910761979999997],[-87.43649477,19.910157749999996],[-87.4397498,19.91095243],[-87.44169652,19.91221411],[-87.44284789,19.914012569999997],[-87.44511348,19.915272169999998],[-87.44639137,19.916689030000004],[-87.44680546,19.91789894],[-87.44709574,19.918065459999994],[-87.44741345,19.917610139999997],[-87.44778682,19.91818991],[-87.44763908,19.919040850000002],[-87.44802274,19.919916519999994],[-87.44883192,19.92041842],[-87.44921752,19.91996243],[-87.45021265,19.92156206],[-87.45076328000002,19.921883710000003],[-87.45164789,19.921965250000003],[-87.45254702,19.92158635],[-87.45493051,19.922093800000003],[-87.45623725,19.922889400000003],[-87.456821964,19.923813456999998],[-87.4589068,19.924810429999997],[-87.45984803,19.92626695],[-87.46067602,19.92668165],[-87.46084303000002,19.927254379999997],[-87.45983331,19.927534889999993],[-87.46009189,19.928003169999997],[-87.45945182,19.92902957],[-87.45902898,19.928943819999997],[-87.45933995,19.92847406],[-87.4591736,19.92812712],[-87.45735486,19.92820128],[-87.45722711000002,19.92849688],[-87.45785275,19.92882526],[-87.457635059,19.92979846],[-87.45590822000001,19.929889739999993],[-87.45670052,19.93066929],[-87.45663338,19.931394627000003],[-87.45751191,19.931691940000004],[-87.45738498,19.932282799999992],[-87.45771645,19.93254246],[-87.45758895,19.93292489],[-87.45668949,19.93322248],[-87.45665349,19.93348309],[-87.45744351,19.93346369],[-87.45755663000001,19.93384383],[-87.45691591,19.934661799999997],[-87.45693557,19.93511332],[-87.45759908,19.93582372],[-87.4576182,19.9360842],[-87.45717732,19.936120059999997],[-87.45712362,19.93660652],[-87.45773478,19.93828969],[-87.458568289,19.938408822999996],[-87.45903847,19.938050953],[-87.459136478,19.938563369999997],[-87.45970085,19.938284619999997],[-87.45957494,19.939222829999995],[-87.4600004,19.940211740000002],[-87.46090337,19.941112550000003],[-87.46160211000002,19.94128442],[-87.46186148,19.94201322],[-87.46285462,19.94232326],[-87.46357306,19.94294665],[-87.4651178,19.94337682],[-87.46740129,19.945072939999996],[-87.468627812,19.945015653999995],[-87.471695855,19.943823388],[-87.473442656,19.940563544],[-87.472978661,19.938160289],[-87.472160722,19.936218054],[-87.469168549,19.931991536000005],[-87.466984799,19.930427039999998],[-87.466751612,19.930112951999998],[-87.46700341,19.929935279],[-87.466254305,19.929951147999997],[-87.465687993,19.929603746999994],[-87.464933704,19.928585338],[-87.464800454,19.928002369999998],[-87.465961631,19.925982206999993],[-87.465357248,19.92438321],[-87.465671337,19.923241068],[-87.464933942,19.921045896],[-87.463563372,19.918852984999997],[-87.462458168,19.916039404],[-87.46117809100001,19.915491876],[-87.46014689,19.91545602],[-87.45954666,19.915775829999998],[-87.45906803,19.91657274],[-87.45897368,19.917209519999993],[-87.4594552,19.917412879999997],[-87.45948017,19.91773108],[-87.45877970400001,19.917950694],[-87.457284926,19.917080048999996],[-87.458185314,19.916581314000002],[-87.458710382,19.914657956],[-87.459136781,19.914602751999997],[-87.460037169,19.913631931999998],[-87.46179463900002,19.910875565],[-87.463045284,19.908469454],[-87.464012197,19.905470244],[-87.46381575400001,19.904748689999998],[-87.464677118,19.901802918000005],[-87.464191708,19.900865409999998],[-87.46431544,19.897829218],[-87.464066,19.895451165],[-87.463554013,19.893845999999996],[-87.462046386,19.891825361999995],[-87.460612999,19.89130378399999],[-87.459563657,19.891270472],[-87.459956268,19.89034962],[-87.459975036,19.889175478000002],[-87.459166699,19.887694002000003],[-87.45748742,19.88732725],[-87.45647537,19.88740768],[-87.45524754,19.887853339999996],[-87.45472102,19.88845694],[-87.45289822,19.888339259999995],[-87.45107723,19.88939128],[-87.44999577,19.89071091],[-87.44887926,19.89008846],[-87.44745062,19.890205820000002],[-87.447959557,19.888759354999998],[-87.448716836,19.888164196000005],[-87.449025555,19.887267433],[-87.450484165,19.885649399],[-87.450924365,19.885418591999997],[-87.452680407,19.885804064],[-87.453832067,19.885271064999998],[-87.455345404,19.883467434],[-87.456461371,19.881294985999997],[-87.45679038,19.879212060000004],[-87.45553669,19.87701768],[-87.45586451,19.876648619999997],[-87.45518362,19.876255550000003],[-87.45517832,19.874743709999997],[-87.458630408,19.870310371000002],[-87.459777309,19.86669596899999],[-87.460174987,19.864352473999993],[-87.459832036,19.860845544999997],[-87.45935323,19.860217049999996],[-87.45966694,19.85963732],[-87.45937394,19.85839105],[-87.45975802,19.858208179999995],[-87.46011311,19.859437719999995],[-87.46176132,19.86102198],[-87.464125179,19.861291381],[-87.46547909200001,19.86056088599999],[-87.467456424,19.858412232999992],[-87.468198816,19.858564518],[-87.47073056200001,19.857660322999998],[-87.47188936,19.857534212],[-87.472995809,19.856870342],[-87.474333066,19.855268965000004],[-87.475970136,19.852796704999992],[-87.477697624,19.849217995],[-87.478613717,19.845660700999996],[-87.47907289,19.841716000000005],[-87.479912902,19.839609731999996],[-87.48089562,19.838741228999993],[-87.482049402,19.838544572],[-87.484208068,19.837498301],[-87.48752206200001,19.833058226999995],[-87.488350114,19.830683524999998],[-87.488340596,19.828958415999995],[-87.48753209,19.82732497],[-87.48612334,19.827351339999996],[-87.48625072,19.826891089999993],[-87.48654191,19.826276949999997],[-87.48722166,19.826031309999998],[-87.48723292,19.82476806],[-87.489511938,19.825313195],[-87.490845729,19.824109538000002],[-87.49144935,19.82150714],[-87.49132303,19.81938035],[-87.49175383,19.817315910000005],[-87.49223272000002,19.815839859999997],[-87.493102385,19.815496008],[-87.493639041,19.814779010999995],[-87.49395985000001,19.81242483],[-87.49381258,19.810889509999992],[-87.49512238,19.809668179999996],[-87.49554440000001,19.808479799999997],[-87.49674328,19.80784122],[-87.49772294,19.80690363],[-87.4999988,19.807103079999997],[-87.50043563,19.806746949999997],[-87.50177282,19.806981049999997],[-87.50267768,19.806643170000005],[-87.50531151900002,19.804851726999996],[-87.50787978,19.804049629999994],[-87.510312,19.80152535],[-87.51291743,19.80069592],[-87.51503970700001,19.798971721999997],[-87.51665062,19.79912345],[-87.51713208,19.79975088],[-87.51811731,19.800306230000004],[-87.52069832,19.801028599999988],[-87.52160126,19.800871349999998],[-87.52258543,19.79954108],[-87.52574254,19.796667739999997],[-87.53325149,19.79555366],[-87.5346,19.7956],[-87.53773151,19.797029139999996],[-87.5402,19.7997],[-87.54415943,19.79939128],[-87.54294032,19.797302769999998],[-87.5432428,19.796661090000004],[-87.545241343,19.795726279999993],[-87.54629337,19.79595551],[-87.54717586,19.79745775],[-87.54889703100001,19.798073340000002],[-87.55060583,19.799630219999997],[-87.5517288,19.799696090000005],[-87.55230762000001,19.80030811],[-87.55293771000001,19.801852029999992],[-87.55294046,19.802647690000004],[-87.55231583,19.803453319999996],[-87.55190109,19.80334957],[-87.55202875000002,19.804320540000003],[-87.55159842,19.80495842],[-87.5521882,19.80555091],[-87.552494252,19.806957184999995],[-87.55336309,19.807999249999998],[-87.55407076,19.808486096999996],[-87.554598665,19.808471957000002],[-87.557822359,19.807342187999996],[-87.561880299,19.804767843],[-87.565431399,19.800500524000004],[-87.56744722,19.797075650000004],[-87.56854823000002,19.795867279999992],[-87.570699375,19.795456424000005],[-87.572593577,19.793804721],[-87.574567194,19.793291192999998],[-87.578656205,19.790261109],[-87.581532379,19.785876952],[-87.582228609,19.783805631],[-87.583504,19.781796175999997],[-87.58419766000002,19.77974612],[-87.585652059,19.777394768000004],[-87.58634325,19.77516968],[-87.587010731,19.774332401999995],[-87.586726776,19.773354424999997],[-87.58523754,19.77192529],[-87.58777274,19.77189137],[-87.58979478,19.768670116999996],[-87.591879782,19.7661003],[-87.593555902,19.765045118999996],[-87.594811886,19.763691865000006],[-87.59716957,19.75947743],[-87.599595534,19.756067097999995],[-87.602590331,19.750010384],[-87.60464983,19.743522739999996],[-87.605659836,19.741722722],[-87.606516442,19.739042259],[-87.606798408,19.73868534],[-87.608139168,19.738211604],[-87.608968933,19.737120767],[-87.61098507,19.732614144999992],[-87.61321146,19.729262649999995],[-87.615610742,19.724619155999996],[-87.618093709,19.721650778],[-87.619076427,19.719797177999997],[-87.619573734,19.71939980799999],[-87.620633277,19.719299417999995],[-87.622336413,19.718134848999995],[-87.62873472,19.71036465],[-87.6302206,19.70761035],[-87.63100192,19.704765919999996],[-87.63255418,19.70255531],[-87.63465109,19.698410420000002],[-87.63604806,19.697342179999996],[-87.63785478,19.694852620000002],[-87.63898086,19.69421208],[-87.64280948,19.688030730999998],[-87.646324782,19.677867820999992],[-87.64839697,19.667743059999996],[-87.64920318,19.665239459999995],[-87.64974118,19.66171382],[-87.652858865,19.649998384000003],[-87.654653266,19.645651775],[-87.65771171,19.636001509999996],[-87.65840418,19.63511235],[-87.65954411,19.63210735],[-87.662483309,19.627013862],[-87.66677943,19.61648812],[-87.66835878,19.615345579999996],[-87.67073238,19.61474568],[-87.67518409000002,19.614229769999998],[-87.67602438,19.61429482],[-87.67660248,19.61479278],[-87.67933769,19.61457789],[-87.67984378,19.615076120000005],[-87.680931386,19.615395373999995],[-87.679993137,19.615338839],[-87.68032983000002,19.61650649],[-87.68016374,19.616961799999995],[-87.68095825,19.61754986],[-87.68115245,19.618071999999998],[-87.68346298,19.619586379999998],[-87.68413935,19.620606830000003],[-87.68399051,19.62147114],[-87.68364006,19.621727179999993],[-87.68298748,19.621592919999998],[-87.682585471,19.621328369],[-87.68232251,19.620488310000002],[-87.6813288,19.620049149999996],[-87.67986482,19.620077419999998],[-87.67969825,19.62041905],[-87.68042183,19.621257460000002],[-87.67761185,19.620836110000003],[-87.67686818,19.620929850000003],[-87.67641377,19.621318030000005],[-87.67737660000002,19.621973680000004],[-87.68008934,19.62209985],[-87.68222758,19.62259191],[-87.68379269,19.623768109999997],[-87.68585945,19.62437406],[-87.68667898,19.625189320000004],[-87.68812026,19.62545663],[-87.68939568000002,19.62622469],[-87.68904029,19.627317259999998],[-87.68832265,19.62788834],[-87.68746975,19.627965339999996],[-87.68673754,19.62775215],[-87.68654338,19.62716766],[-87.685757679,19.626492307],[-87.683327863,19.625389515],[-87.680948402,19.624958236999994],[-87.67635748,19.625069260000004],[-87.67602248,19.6253206],[-87.676419058,19.625678448],[-87.676462523,19.625272921000004],[-87.67645785,19.626114630000004],[-87.67626622,19.62620629],[-87.6724476,19.625674979999992],[-87.67065348,19.627136629999995],[-87.66945326,19.62711837],[-87.66902272,19.627483709999996],[-87.67346602,19.628149139999998],[-87.67548517,19.628846309999997],[-87.67755062000002,19.62913409],[-87.677947346,19.628916907],[-87.677730816,19.628469568],[-87.678203022,19.628737711],[-87.67850652,19.628012712000004],[-87.67912954,19.62787778],[-87.67985068,19.628125139999995],[-87.67978172,19.628852879999997],[-87.67922762,19.628833021999995],[-87.67865685,19.62963006],[-87.67791314,19.6297238],[-87.671515765,19.62870891],[-87.669593259,19.628816824],[-87.66866674,19.62846257],[-87.667611,19.628557419999996],[-87.66689383000002,19.62926482],[-87.66762749,19.629758580000004],[-87.66650097,19.630149229999997],[-87.66635815,19.63044529],[-87.66654305800002,19.630640763000002],[-87.667670206,19.630166702],[-87.667902861,19.630179165999998],[-87.66783026,19.63048071],[-87.666647609,19.630779612999998],[-87.66652948,19.631240340000005],[-87.66600177,19.631333229999996],[-87.664545687,19.631045762],[-87.664849625,19.630623174000004],[-87.66446212,19.630497769999998],[-87.66422508,19.631226119999997],[-87.66485225,19.631974020000005],[-87.66341114,19.631752],[-87.66535855,19.632517750000005],[-87.66543208,19.63288122],[-87.66281685,19.633163680000003],[-87.662151123,19.632742194999995],[-87.66231332,19.63330192],[-87.66298718,19.633731379999997],[-87.662796,19.63393668],[-87.661495867,19.634389768],[-87.66133189,19.6339648],[-87.66068502,19.634262709999998],[-87.66102338,19.63482982],[-87.6610004,19.635079969999996],[-87.66042488,19.635218479999995],[-87.66059346,19.635354259999993],[-87.66131497,19.635692619999993],[-87.66203478,19.63562177],[-87.66249449,19.63650669],[-87.66350378,19.636775769999996],[-87.66381760000002,19.637206549999995],[-87.66715752,19.63801262],[-87.66727951,19.63848955],[-87.6667774,19.63896883],[-87.66527862,19.63814957199999],[-87.663767187,19.638062008],[-87.662897731,19.637229196999996],[-87.66177551,19.63678214],[-87.66105538,19.63678478],[-87.66031303,19.63721945],[-87.660057827,19.637009595],[-87.660047535,19.637307636],[-87.659738153,19.637068848999995],[-87.65949689,19.63722245],[-87.65971506000001,19.63774451],[-87.66048355,19.637832629999995],[-87.66038857,19.638083049999995],[-87.659263201,19.638319145999994],[-87.65953037,19.639541139999995],[-87.65893092,19.639702479999993],[-87.65874074,19.64015783],[-87.65946003,19.63995059999999],[-87.65985655,19.640380263],[-87.660615234,19.640464073999993],[-87.66162088,19.64005634],[-87.66167206,19.64082909],[-87.66121551,19.640717090000003],[-87.66059363,19.641264979999995],[-87.65898588,19.641407289999993],[-87.6586272,19.6417496],[-87.6590134,19.642271059999995],[-87.66054551,19.642848969999996],[-87.66129206,19.643437309999996],[-87.66170368,19.64429966],[-87.66287994,19.64429534],[-87.66288311,19.645068259999995],[-87.66245391,19.645774580000005],[-87.66310251,19.645885859999996],[-87.66337292,19.64743074],[-87.66315837,19.647795259999995],[-87.66193398,19.647777050000002],[-87.66140475,19.64750618],[-87.66118638,19.646938650000003],[-87.66037031,19.64696438],[-87.65991151,19.646306779999996],[-87.65919198,19.646468570000003],[-87.65857045,19.647107379999998],[-87.65797042,19.647132310000003],[-87.65770422,19.64661042],[-87.65703337,19.646931139999996],[-87.65737295,19.647793769999996],[-87.65826422,19.648540719999996],[-87.6582898,19.648927089999997],[-87.65754609,19.649043479999996],[-87.65758306,19.64967271],[-87.6602,19.6504],[-87.660338486,19.650815457999993],[-87.660604883,19.650415892],[-87.6605,19.651299999999992],[-87.6597,19.6529],[-87.6564,19.655200000000004],[-87.656,19.656],[-87.6571,19.658099999999997],[-87.6566,19.660399999999992],[-87.6557,19.662499999999994],[-87.6539,19.6652],[-87.653601985,19.667836629000004],[-87.653895945,19.667831345999996],[-87.6528,19.669200000000004],[-87.652197605,19.673167287000002],[-87.6512,19.674199999999992],[-87.6508,19.675599999999996],[-87.652520566,19.678080854],[-87.652806747,19.678092177],[-87.653354023,19.67957934],[-87.651187233,19.680902132999993],[-87.651637182,19.681868241999993],[-87.651047076,19.683100802999995],[-87.651768052,19.684074002999996],[-87.649976694,19.684722127999997],[-87.649675919,19.685357552],[-87.649722311,19.687243444999996],[-87.6491,19.688099999999995],[-87.650432031,19.688735852999997],[-87.65100057700002,19.688331601999998],[-87.653382794,19.685687188],[-87.65585329,19.681672779999996],[-87.65669235,19.68135145],[-87.6602462,19.68140663],[-87.66103946,19.681834079999998],[-87.66332518,19.68173374],[-87.666104252,19.682597509999997],[-87.666889475,19.682466639999998],[-87.666706256,19.681983609],[-87.667015586,19.682433327000002],[-87.667301121,19.68237622],[-87.66895518,19.68101831],[-87.67621695,19.68226528],[-87.68181928,19.68216848],[-87.686617229,19.681197515000004],[-87.68748637,19.68157797],[-87.68874097,19.68157832],[-87.69342843,19.681078169999996],[-87.69590966,19.68017828],[-87.69684435,19.68032031],[-87.69789048000001,19.680043399999995],[-87.70051623000002,19.678712179999998],[-87.70137374000001,19.67789948],[-87.70212511,19.678062309999998],[-87.70285282,19.677840219999997],[-87.70415769,19.677125479999997],[-87.7053988,19.675920549999994],[-87.70662032,19.67588592],[-87.70787258000001,19.674530139999995],[-87.71038306,19.67439805],[-87.71360497,19.67311891],[-87.71548868,19.672973739999996],[-87.71626333000002,19.673173250999998],[-87.71860742,19.6720074],[-87.72210798,19.67121968],[-87.723425507,19.670424973],[-87.72392457,19.669609999999995],[-87.725940003,19.668587433999992],[-87.727119383,19.669293063],[-87.727558394,19.669196695],[-87.727387073,19.668786238],[-87.727801099,19.669025373999997],[-87.728008112,19.669453676999996],[-87.727804668,19.669674966999995],[-87.726921486,19.669559946],[-87.72726338,19.670325671],[-87.72981374,19.66986368],[-87.73102546000001,19.669144599999996],[-87.73218949,19.66907118],[-87.73259555,19.66814714],[-87.73241695,19.667515619999996],[-87.73219875,19.667013769999997],[-87.73084086,19.66590590099999],[-87.73124061,19.664828004999993],[-87.73392098,19.66482572],[-87.73425262,19.66443758],[-87.73450037,19.664528679999997],[-87.73440425000001,19.66498871],[-87.73511391000001,19.666314219999997],[-87.740456376,19.666170399],[-87.742233896,19.663731272000003],[-87.743019272,19.660692247],[-87.743278061,19.6585584],[-87.74299128,19.65771491],[-87.7433376,19.65690474],[-87.74335486,19.655076280000003],[-87.74297657,19.653960309999995],[-87.74157303,19.65287391],[-87.74225502,19.65227418],[-87.74273235,19.650378649999997],[-87.74253885,19.649833319999992],[-87.7429856,19.64920678],[-87.742889909,19.64788938],[-87.74207783,19.64623151],[-87.74167597,19.644460109999994],[-87.73960872,19.64315634],[-87.73943634,19.642171369999996],[-87.73840692,19.641690019999995],[-87.73840074,19.64117348],[-87.73928654,19.641306339999996],[-87.73963211,19.640930509999997],[-87.739710428,19.637734064000004],[-87.74066462,19.631800709999997],[-87.74118517,19.62976488],[-87.741612261,19.629280253],[-87.741526019,19.626805913000002],[-87.742106608,19.624992763999998],[-87.741868662,19.623600779],[-87.741190515,19.623083246999997],[-87.741479025,19.622366433999993],[-87.740494523,19.62189649],[-87.74037555,19.621536597],[-87.740524266,19.621248087],[-87.74201043,19.62083863],[-87.74238494,19.6191112],[-87.7407116,19.61787143],[-87.74104014,19.617383289999996],[-87.743290984,19.616506772999998],[-87.743724074,19.615212086999996],[-87.743599682,19.613847595999996],[-87.74345871,19.61352005],[-87.74223477,19.61293812],[-87.74225851000001,19.612712659999996],[-87.74366806,19.611620430000002],[-87.74417757,19.611791520000004],[-87.74484536700001,19.611075058999994],[-87.74476386,19.61048223],[-87.74412023,19.610599309999994],[-87.744067284,19.610164915],[-87.745352192,19.610207745],[-87.74579536700001,19.609888302999998],[-87.74583979,19.609269358],[-87.74530248,19.608935199999998],[-87.74449731,19.60894483],[-87.74437274,19.608478000000005],[-87.7457886,19.60767218],[-87.74605289,19.60555174],[-87.74682109,19.604303029999997],[-87.74821560000001,19.603519599999995],[-87.748400622,19.603120045],[-87.748546126,19.602659159999998],[-87.74769538,19.601990879999992],[-87.74779535,19.60104072],[-87.74851733200002,19.600686035],[-87.74847246,19.59947998],[-87.74801205,19.598985829999997],[-87.74566988,19.59818558],[-87.74560138,19.596652829999996],[-87.74590929,19.59524817],[-87.74570440000001,19.593941709999992],[-87.74532677,19.593117599999996],[-87.74449091,19.59293589],[-87.74366466,19.590226],[-87.74287711,19.589797779999994],[-87.74086249,19.589597059999996],[-87.74054592,19.587683740000003],[-87.73889482,19.586519749999997],[-87.73834817,19.587012859999998],[-87.73734186,19.587320769999994],[-87.737503771,19.586577565999995],[-87.73661428,19.585609988],[-87.73466329,19.58595342],[-87.73295282,19.585334659999997],[-87.73042109,19.58564608],[-87.72854518,19.58644858],[-87.72827882,19.586926619999996],[-87.72780952,19.587055689999996],[-87.7266004,19.58686978],[-87.72368431,19.587740030000003],[-87.72344822,19.5874866],[-87.724695877,19.58689672099999],[-87.72525349,19.585889519999995],[-87.72676138000001,19.58534291],[-87.72729266,19.584068909999996],[-87.72712214,19.583465459999996],[-87.72647285900001,19.583132413999998],[-87.726905921,19.582704110999998],[-87.72745405,19.582637399999996],[-87.72819569,19.58336574],[-87.72991092,19.584153709999995],[-87.731071068,19.584432069999995],[-87.731668055,19.584220659999996],[-87.73259934,19.584905939999995],[-87.73303363,19.584459020000004],[-87.73420788,19.584358849999997],[-87.73491078,19.583942629999992],[-87.73473995,19.583275580000002],[-87.73332935,19.583058749999996],[-87.73271965,19.58182117],[-87.730222413,19.581472383000005],[-87.729668364,19.579194789999995],[-87.72853252,19.577177692999992],[-87.728511105,19.576426736000005],[-87.727721124,19.576693235],[-87.72678655,19.57599462],[-87.72568291,19.576857549999993],[-87.72497815,19.57686038],[-87.72510926,19.57616034],[-87.72416488,19.57511485],[-87.72372803,19.574989419999994],[-87.72239682000001,19.57750668],[-87.720677919,19.57790676],[-87.71695905,19.576457059999996],[-87.71517908,19.57617794],[-87.712191473,19.574752048999994],[-87.70963366,19.57438743],[-87.70758066,19.57306003],[-87.70770811,19.57150149],[-87.70807572,19.571150290000002],[-87.710173392,19.570588133],[-87.7110568,19.56983491],[-87.71194991700001,19.569559250999998],[-87.713127493,19.56839546],[-87.714219071,19.564784628],[-87.713871075,19.561224359],[-87.712390056,19.557694145],[-87.7118096,19.557844549999995],[-87.71123788,19.557560649999992],[-87.70952635,19.55753558],[-87.70922254,19.55712342],[-87.706586355,19.555974077999995],[-87.705148058,19.554316197999995],[-87.70419685,19.553821220000003],[-87.70372046,19.552296829999992],[-87.702406919,19.551536987999995],[-87.701992136,19.550209403999997],[-87.70054438,19.550405059999996],[-87.699898967,19.55009444],[-87.699891779,19.549719411],[-87.69914034,19.55050949],[-87.69799175000001,19.550634919999997],[-87.69726725,19.552210569999996],[-87.69544895,19.553163489999996],[-87.693116746,19.552843123999992],[-87.68999929,19.55308109],[-87.68802906,19.555346199999995],[-87.68786654,19.556586889999995],[-87.68719757,19.5570982],[-87.68622631,19.557547050000004],[-87.68471678,19.557679969999995],[-87.68408122,19.558159320000005],[-87.68361008,19.557843139999996],[-87.68163128,19.558105],[-87.68160054,19.558772849999997],[-87.68079651,19.559093850000004],[-87.6797,19.56009999999999],[-87.6764,19.563799999999997],[-87.67722618,19.5639722],[-87.67914406,19.565173289999997],[-87.68115732,19.56510211],[-87.68119194,19.56535635],[-87.6806558,19.56554915],[-87.68213706,19.56665645],[-87.68354385,19.5660152],[-87.68268983,19.565315],[-87.68390826,19.56581383],[-87.68572342,19.565593569999994],[-87.68716318,19.564824970000004],[-87.68967978,19.564751779999998],[-87.690955699,19.563873158000003],[-87.69245277,19.561847649999994],[-87.69319009,19.56162223],[-87.69265452,19.56194226],[-87.69208974,19.56327989],[-87.68921903,19.56688391999999],[-87.68724094,19.567336619999995],[-87.68378452,19.567381549999997],[-87.68070097,19.56831531],[-87.68050122,19.568697629999996],[-87.67802183,19.569660879999997],[-87.677258217,19.569674393999996],[-87.676779945,19.569362683999998],[-87.676482512,19.56889393],[-87.676125921,19.56569337],[-87.67456938,19.564184199999996],[-87.67339683,19.56186974],[-87.67074888,19.552786999999995],[-87.66976249,19.550710139999996],[-87.66865777,19.54931071],[-87.66704672,19.549221279999998],[-87.66721083,19.54833035],[-87.66801354,19.54769145],[-87.67052885,19.547364149999993],[-87.671906254,19.546536831999997],[-87.6732002,19.5450764],[-87.67386902,19.54366328],[-87.67395015,19.54203071],[-87.673628983,19.540377002],[-87.67331709,19.540086089999992],[-87.67112112,19.539702509999998],[-87.67024537,19.538520139999996],[-87.66954792,19.538368219999995],[-87.66935709,19.537550719999995],[-87.67094183,19.538198079999997],[-87.67384354,19.53757214999999],[-87.676183335,19.538142094],[-87.677725226,19.537866076],[-87.67856955,19.53637798],[-87.680359289,19.535662695],[-87.68064488000002,19.53519369],[-87.682393728,19.534063697],[-87.68324736,19.533882264],[-87.68385758,19.533210139999998],[-87.68415329,19.53394346],[-87.68644476,19.533043504],[-87.68723147,19.531715763999998],[-87.686993524,19.531025720999995],[-87.687240305,19.530473383999993],[-87.68641878,19.53083032],[-87.6856316,19.53187906],[-87.68512026,19.53166902],[-87.68302495,19.532927949999994],[-87.68260472000001,19.53295214],[-87.68218017,19.53257414],[-87.67867852,19.53327037],[-87.67792452,19.53435695],[-87.67679038,19.534413089999997],[-87.67638371,19.534687430000005],[-87.67412345,19.53317822],[-87.67342443,19.53336883],[-87.6723,19.532999999999998],[-87.6722,19.531999999999996],[-87.67300000000002,19.530000000000005],[-87.6703,19.528599999999997],[-87.66585606,19.52981542],[-87.6638,19.529400000000003],[-87.66345237,19.528743019999993],[-87.6643,19.5265],[-87.6632,19.523300000000003],[-87.66414854,19.52111917],[-87.66627152,19.52136934],[-87.66852449,19.5199532],[-87.6718,19.519800000000004],[-87.67297734,19.51901442],[-87.67283429,19.51725103],[-87.67204122,19.517456109999998],[-87.67007678,19.5172196],[-87.66883451,19.51617475],[-87.66956254,19.513815449999996],[-87.669,19.512600000000003],[-87.66683052,19.51331143],[-87.66590000000001,19.5131],[-87.66495005,19.51368574],[-87.66419185,19.513777029999996],[-87.66352985,19.51319094],[-87.66715668,19.510114890000004],[-87.668499999,19.5105],[-87.67012077,19.50990358],[-87.67092542,19.50905489],[-87.67170000000002,19.507499999999997],[-87.6693,19.506599999999995],[-87.66871834,19.505849019999996],[-87.6691,19.5039],[-87.67003337,19.50293914],[-87.6695,19.501],[-87.6673,19.5021],[-87.66537126,19.503612459999996],[-87.66407929,19.503055549999996],[-87.663233619,19.503196799999998],[-87.66313142,19.504047620000005],[-87.66253812,19.50411272],[-87.66353069000002,19.501600349999997],[-87.66313008,19.50072309],[-87.66152808,19.500824219999995],[-87.65868809,19.50025114],[-87.65827909,19.50046091],[-87.65766200000002,19.501741749999997],[-87.65651089,19.50223971],[-87.65595872,19.503923139999998],[-87.65490111,19.503793049999995],[-87.65341843,19.50429071],[-87.651985,19.504267819999992],[-87.65044294,19.505166649999993],[-87.65007423,19.50637935],[-87.64907002,19.507306490000005],[-87.64800332,19.50960765],[-87.64727492,19.512038369999996],[-87.64728094,19.513108000000003],[-87.64579624400001,19.514837277999995],[-87.64487202,19.516549419999997],[-87.64335515000002,19.518132339999994],[-87.64074708000001,19.519652750000002],[-87.6401916,19.52128428],[-87.63866458,19.52270078],[-87.6377418,19.52400555],[-87.63569994,19.52911138],[-87.635331332,19.531318566999996],[-87.63421003,19.533962110000004],[-87.63410323,19.53544029],[-87.6330438,19.536813459999998],[-87.63275897,19.53839938],[-87.626037179,19.54498428],[-87.62407942,19.547446309999994],[-87.62119791,19.549211309999997],[-87.61861623,19.550031019999995],[-87.61767868,19.55107466],[-87.61526582,19.55248357],[-87.61312728,19.55293162],[-87.6106804,19.553008109999997],[-87.61007668,19.55410018],[-87.60733383,19.55360518],[-87.60416358,19.553766309999993],[-87.6018868,19.55443319999999],[-87.59772482,19.554953970000003],[-87.5966056,19.55536292],[-87.59210575000002,19.555207079999995],[-87.58250165,19.556452580000002],[-87.57942558,19.557285280000002],[-87.57745363,19.55886177],[-87.57621683000002,19.559046080000005],[-87.57471775,19.559802920000003],[-87.56981652,19.56070325],[-87.56792137,19.56143025],[-87.56334815,19.56250277],[-87.55880971,19.56300705],[-87.55488286,19.563802089999996],[-87.55041669,19.56609945],[-87.54516217,19.56115662],[-87.54381935,19.56078128],[-87.54115651,19.56090295],[-87.54009418,19.561638019999997],[-87.54004748,19.5607552],[-87.5379,19.5597],[-87.5383,19.558199999999992],[-87.5381,19.557699999999993],[-87.5368,19.5577],[-87.5361,19.557299999999998],[-87.5353,19.5574],[-87.5339932,19.56108925],[-87.53193252,19.56208945],[-87.53146115,19.56196375],[-87.53182715,19.561131380000003],[-87.5313,19.558799999999998],[-87.5315,19.557699999999993],[-87.5336,19.5572],[-87.533311803,19.556126783999996],[-87.532586067,19.555859094],[-87.5331,19.555274978],[-87.533246367,19.552938306000005],[-87.5338,19.552],[-87.5345,19.551499999999997],[-87.5359,19.551099999999998],[-87.5363,19.550399999999993],[-87.5362,19.549600000000005],[-87.5356,19.5491],[-87.5347,19.5494],[-87.534503318,19.549241812999995],[-87.534479523,19.54788552],[-87.535134151,19.547293492],[-87.535174326,19.54682904],[-87.535874839,19.546995484000004],[-87.5368,19.5466],[-87.535502564,19.545673259999994],[-87.53505059400001,19.545931982999996],[-87.534926321,19.545694737000005],[-87.5344,19.5458],[-87.5313,19.5451],[-87.5311,19.544199999999996],[-87.5298,19.5431],[-87.5279,19.543099999999995],[-87.5275,19.542800000000003],[-87.5271,19.542400000000004],[-87.5272,19.541000000000004],[-87.5266,19.540600000000005],[-87.52570000000001,19.5405],[-87.5249,19.5415],[-87.5256,19.543100000000003],[-87.52520403,19.544679000000002],[-87.52570000000001,19.545400000000004],[-87.5255,19.5464],[-87.5237,19.548299999999998],[-87.5237,19.5489],[-87.5217,19.5506],[-87.5207,19.5537],[-87.5191,19.555699999999995],[-87.5189,19.5574],[-87.5172,19.559299999999993],[-87.5165,19.5609],[-87.5155,19.561599999999995],[-87.515,19.5631],[-87.5142,19.5636],[-87.5124,19.5639],[-87.5115,19.564699999999995],[-87.5103,19.564900000000005],[-87.5079,19.5641],[-87.5072,19.564699999999995],[-87.5068,19.5683],[-87.5039,19.569300000000002],[-87.5025,19.570399999999996],[-87.5,19.569299999999995],[-87.4988,19.569499999999994],[-87.4973,19.5706],[-87.4953,19.5696],[-87.49390000000001,19.569699999999997],[-87.493282214,19.570111860999997],[-87.494445883,19.570222328999996],[-87.493184113,19.570177262],[-87.4924,19.570699999999995],[-87.492899999,19.571500000000004],[-87.494079645,19.57190437],[-87.496649545,19.573569727999995],[-87.4989,19.574099999999998],[-87.5028,19.575699999999998],[-87.5045,19.574599999999997],[-87.5073,19.5751],[-87.5085,19.576100000000004],[-87.5099,19.5764],[-87.5093,19.578500000000002],[-87.5098,19.58],[-87.5087,19.581799999999998],[-87.5037,19.5807],[-87.502,19.580599999999997],[-87.5028,19.5824],[-87.5037,19.582799999999995],[-87.50490000000002,19.5847],[-87.5072,19.5867],[-87.5065,19.587699999999995],[-87.5042,19.5885],[-87.5047884,19.59013198],[-87.5027,19.590100000000003],[-87.5011,19.590499999999995],[-87.50011778,19.589959399999998],[-87.5005,19.588999999999995],[-87.5002,19.587699999999998],[-87.49910000000001,19.5871],[-87.4981,19.587499999999995],[-87.4966,19.5857],[-87.495400001,19.585799999999995],[-87.4949,19.5873],[-87.4929,19.587199999999996],[-87.4921,19.5879],[-87.49260466,19.58967248],[-87.49022542,19.590262679999995],[-87.48847635,19.589520720000003],[-87.48392138,19.589000449999997],[-87.4819,19.5879],[-87.4762,19.5889],[-87.4755,19.5913],[-87.4743,19.591800000000003],[-87.4723,19.590700000000002],[-87.4705,19.5902],[-87.469315529,19.591404077999997],[-87.4658,19.591999999999995],[-87.4646,19.593199999999996],[-87.4616,19.592999999999996],[-87.4586,19.5948],[-87.4539,19.5946],[-87.4534,19.595999999999997],[-87.45170000000002,19.595999999999997],[-87.4515,19.597599999999993],[-87.4525,19.598199999999995],[-87.4525,19.5991],[-87.4516,19.599499999999995],[-87.4519,19.600699999999996],[-87.4532,19.602099999999997],[-87.4544,19.602199999999996],[-87.4557,19.600999999999996],[-87.4572,19.600799999999996],[-87.4562,19.60279999999999],[-87.457469532,19.606004227000003],[-87.458400207,19.606552337],[-87.45836047,19.607330063999992],[-87.459341284,19.607826894999995],[-87.459265141,19.605974722999992],[-87.459986594,19.607097829],[-87.4603,19.606300000000005],[-87.4613,19.6063],[-87.46231799,19.607465693],[-87.460841088,19.609214825000002],[-87.46133789,19.609655035000003],[-87.46100774,19.609821597999996],[-87.460667291,19.609463083],[-87.460067853,19.611044045999993],[-87.4562,19.615799999999993],[-87.45430000000002,19.617199999999997],[-87.4525,19.6176],[-87.4503,19.616400000000002],[-87.4497,19.6176],[-87.4482,19.6193],[-87.446941128,19.619926994999997],[-87.446915834,19.620327163999995],[-87.446617919,19.619946007999992],[-87.445932918,19.620255086],[-87.445756565,19.620961679999997],[-87.446523025,19.621597102000003],[-87.44651463,19.622123379999998],[-87.44514788,19.622767550000003],[-87.445695812,19.623830114999997],[-87.4463514,19.62426458],[-87.44614243,19.62493303],[-87.44659129,19.625995030000002],[-87.44760669000001,19.626181829999997],[-87.44759369,19.62704108],[-87.449512936,19.627791077],[-87.449478511,19.629405524999996],[-87.450492441,19.629442899],[-87.449459407,19.629719772],[-87.449033,19.63037245],[-87.449485929,19.630363869],[-87.449686827,19.630885335999995],[-87.450493375,19.631369136999997],[-87.45131211,19.631531799999994],[-87.45088657,19.633338710000004],[-87.451171011,19.633740452999998],[-87.45213342,19.63378703],[-87.45297806,19.637104629999993],[-87.45334849,19.63758428],[-87.45371498,19.637777773],[-87.453879723,19.637198098],[-87.45348378100002,19.637310408],[-87.453108778,19.636863069000004],[-87.453541695,19.636288846999996],[-87.453295328,19.636269156000004],[-87.45321918500001,19.635838948999996],[-87.454411295,19.633857333999998],[-87.45550885,19.63476815],[-87.45558889,19.635889309999996],[-87.45612811,19.636237459999997],[-87.45617662,19.637082000000003],[-87.4567024,19.63811462999999],[-87.45642938,19.63945514],[-87.45710923,19.640589339999995],[-87.45680355000002,19.641260020000004],[-87.45725452,19.643021],[-87.45656311,19.6432412],[-87.45616178,19.64271795],[-87.4556388,19.642675579999995],[-87.45518589,19.645641539999996],[-87.45484838,19.645933659999997],[-87.45509875,19.64746215],[-87.4544544,19.648017169999996],[-87.45333163,19.64797632],[-87.453024426,19.647557556999995],[-87.45276268500001,19.645809247999996],[-87.452857864,19.642939023],[-87.452542585,19.641624370999995],[-87.451796029,19.64063392],[-87.45000489,19.639215761],[-87.449933506,19.638240182000004],[-87.450177401,19.637841623],[-87.449603951,19.636323527],[-87.449675335,19.635328911999995],[-87.448281645,19.632110849999997],[-87.446558362,19.630549663999997],[-87.443164536,19.628285988],[-87.44165131,19.62783717],[-87.440742245,19.627170021000005],[-87.438439002,19.62473689899999],[-87.436290273,19.623267704],[-87.435238552,19.622111285999992],[-87.4310842,19.620945279999994],[-87.429468359,19.619515294],[-87.42831278,19.61892846],[-87.42598506,19.61669126],[-87.423487465,19.612017612999995],[-87.4235065,19.611456060000002],[-87.424324242,19.611256383999997],[-87.424980653,19.610686862],[-87.424617233,19.610597114],[-87.423759913,19.611122499],[-87.42306749,19.610896450000002],[-87.422151358,19.609008963000004],[-87.420367714,19.606968337],[-87.419370661,19.603387313000002],[-87.41897865,19.602960969999998],[-87.41804063,19.602904910000003],[-87.41776298,19.60255602999999],[-87.41594705,19.60189032],[-87.41651418,19.601219109999995],[-87.41643642,19.60086977],[-87.41559106,19.600973659999998],[-87.41419114,19.600641919999997],[-87.413336884,19.601000298999995],[-87.413296431,19.601103680000005],[-87.413660489,19.601534362],[-87.41361052,19.601579572],[-87.41325836,19.601115577000005],[-87.41229943700002,19.601408250999995],[-87.410056795,19.598173373],[-87.410651563,19.596947573000005],[-87.410586225,19.592134895999997],[-87.410886998,19.589519840000005],[-87.411250729,19.588899503000004],[-87.411576577,19.585855836999997],[-87.4121949,19.584298577999995],[-87.413078155,19.579990800999994],[-87.41361115500001,19.574967282999992],[-87.413062927,19.572340357999998],[-87.414121073,19.568334297999996],[-87.41400758,19.565391860000002],[-87.41432698,19.56406586],[-87.41504906300001,19.563402864999997],[-87.415806683,19.561915821000003],[-87.416453897,19.557391869999993],[-87.41776157,19.55727438],[-87.4186552,19.55810243],[-87.41926997,19.558086449999998],[-87.419975023,19.557615064],[-87.423351954,19.551702578999997],[-87.4241229,19.548270444999996],[-87.424105123,19.545258466],[-87.423768836,19.542713927000005],[-87.42320683,19.541767449999995],[-87.422299281,19.538812801000002],[-87.42406886000002,19.536057309999997],[-87.42474894,19.535511341],[-87.42465065,19.535211259999997],[-87.425808806,19.534333237],[-87.427428159,19.531271912000005],[-87.427821534,19.527799227999996],[-87.42669863,19.52347228],[-87.430029674,19.518981896999993],[-87.430861533,19.516653831999992],[-87.431365979,19.512315599],[-87.430990976,19.507240685],[-87.430357087,19.504316803000002],[-87.42860731,19.500814289999997],[-87.42870911,19.49862954],[-87.42998905,19.49379303],[-87.43041891,19.49366094],[-87.432192128,19.490072398000002],[-87.4326558,19.486118219999998],[-87.43553489,19.48365905],[-87.43711074,19.481063489999993],[-87.4373234,19.479880799999997],[-87.43773029,19.479584260000003],[-87.43870595,19.474308569999994],[-87.43913628,19.47380737],[-87.439265912,19.470732674],[-87.44020252000001,19.469030509999996],[-87.44435077,19.468929449999997],[-87.44499749,19.468655050000002],[-87.44564208,19.46760766],[-87.44640882,19.467378430000004],[-87.447962,19.465373950000004],[-87.451085688,19.462929428],[-87.45276974,19.460996969999997],[-87.456801169,19.458216340999996],[-87.45828720000002,19.45666623],[-87.45888357,19.45557345],[-87.46257102,19.453745309999995],[-87.46292906,19.45317605],[-87.46465395,19.452648739999997],[-87.46723251000002,19.44879995],[-87.4711056,19.444925059999992],[-87.47282886,19.44387478000001],[-87.47699505,19.442116629999997],[-87.48015874,19.441721799999993],[-87.48113918,19.44085528999999],[-87.483501784,19.44074612],[-87.48537983,19.439820939999997],[-87.48679258,19.439516175],[-87.488856774,19.438573766999994],[-87.491844017,19.436428806999995],[-87.49298983,19.43509437],[-87.496093972,19.432646495],[-87.49679123,19.43160562],[-87.49884738,19.42975848],[-87.50087618,19.426820119999995],[-87.50380291,19.424103437],[-87.505226303,19.422115159999993],[-87.506437925,19.419293118999995],[-87.507609,19.417635065999995],[-87.512506731,19.412407865],[-87.51480351,19.40937378],[-87.516048431,19.407206444999996],[-87.515889038,19.407074871999995],[-87.51621038,19.407028139999998],[-87.517805286,19.404720155999996],[-87.52057443,19.399922490000005],[-87.52327377,19.397027450000003],[-87.52389631,19.396821029999998],[-87.525710232,19.395272179],[-87.528476844,19.393996046],[-87.5326164,19.392824259999998],[-87.535935135,19.392513029],[-87.53937609,19.39298622],[-87.54093289,19.39264057],[-87.542228581,19.391895423],[-87.545577243,19.391349466],[-87.54927166,19.39195628],[-87.549588483,19.392454494999996],[-87.54932205,19.392683629999997],[-87.547876988,19.392547426],[-87.547555992,19.392772407999995],[-87.54877137,19.392867169999995],[-87.549616864,19.393615882999995],[-87.5522882,19.392518400000004],[-87.55338783000002,19.39165115],[-87.55506491,19.39144143],[-87.55830146,19.3916816],[-87.55983737,19.392245249999995],[-87.55981635,19.393109220000003],[-87.56199715000001,19.393011549999997],[-87.56456482,19.393890249999995],[-87.56494092,19.39669171],[-87.56471038,19.39712457],[-87.56233251,19.39662792],[-87.56175382,19.3956294],[-87.56179974,19.39503815],[-87.56100588,19.394199429999997],[-87.56045515,19.394360279999997],[-87.5611276,19.39474468],[-87.56113103,19.395744980000003],[-87.56055366,19.39513294],[-87.56002597,19.395020889999998],[-87.55966643,19.395022],[-87.55930846,19.395477799999995],[-87.558436575,19.395441739999995],[-87.557408618,19.394522677],[-87.55784168,19.393323428],[-87.557555748,19.392784281999997],[-87.55663968,19.39269043],[-87.555747358,19.393753912999998],[-87.555229825,19.393510018000004],[-87.555595667,19.393188791],[-87.555224615,19.392761867999994],[-87.553608817,19.392817],[-87.5507254,19.394459],[-87.55120706,19.395139569999998],[-87.55240526,19.39506773999999],[-87.55293434,19.395589019999996],[-87.55276695,19.395703200000003],[-87.54912386,19.395759709999993],[-87.54876508,19.395988140000004],[-87.54859822,19.39626146],[-87.54893423,19.39639685],[-87.549202055,19.398013147999997],[-87.54888279,19.397757767999998],[-87.54857972,19.3978984],[-87.54838538,19.397126019999998],[-87.54785783,19.3970594],[-87.54756854,19.39656011],[-87.54708932,19.396607019999998],[-87.54701923000002,19.39715286],[-87.54759586,19.39756035],[-87.54769417,19.398287550000003],[-87.54642334,19.39815497],[-87.54635332000001,19.39872355],[-87.54666577,19.398972689999997],[-87.54645209,19.399587169999997],[-87.54568438,19.399384859999998],[-87.54531448,19.397926349999995],[-87.544105032,19.397512921999994],[-87.54332675,19.398861838],[-87.54146752,19.39992035],[-87.54072777,19.400922879999996],[-87.53987509,19.403099599999997],[-87.53947103,19.405064309999997],[-87.53984339700001,19.407412015000002],[-87.53878034,19.40897504999999],[-87.53802073,19.412699177],[-87.538096873,19.413208382],[-87.53915677,19.414089179999998],[-87.539786925,19.417376205999997],[-87.539691746,19.418198548],[-87.539346401,19.418483349999992],[-87.54137002,19.419306399999993],[-87.54327432000001,19.41962414],[-87.54490155,19.418755349999998],[-87.54552545,19.41893535],[-87.54590715,19.41854668],[-87.54611522,19.417931659999997],[-87.54527966,19.41723903],[-87.54540622,19.417006709999995],[-87.54738942,19.41717917999999],[-87.547895509,19.418572647],[-87.547555672,19.418610807000004],[-87.54713717,19.41928137],[-87.544605607,19.419875817999994],[-87.543920322,19.42070387],[-87.543435507,19.420702681],[-87.542617567,19.419926382],[-87.541823422,19.420229763000002],[-87.53958984,19.424474276],[-87.539371784,19.425808806],[-87.538632502,19.425793293999998],[-87.536644327,19.427745091999995],[-87.535737158,19.428188266999992],[-87.535443056,19.428608122999997],[-87.535456381,19.428996451],[-87.535829481,19.428358754999998],[-87.537323782,19.428016113],[-87.53787258000001,19.42825006],[-87.53961517,19.428170319999992],[-87.54052474,19.427735659999996],[-87.54177212,19.427959289999997],[-87.54215494,19.427730799999996],[-87.54254009,19.428207080000004],[-87.54328117000001,19.427568289999996],[-87.54390795,19.4286122],[-87.54438757,19.42865623],[-87.54548823,19.428016369999998],[-87.5461324,19.427082309999992],[-87.54693939,19.427234602999995],[-87.54660532,19.427263941999993],[-87.546802943,19.427708865],[-87.547497493,19.427706569],[-87.548614761,19.42721492],[-87.55089766,19.425453769999997],[-87.55195111,19.42504135],[-87.55236111000002,19.4257676],[-87.553751985,19.426204574],[-87.55413032,19.426852739],[-87.553576381,19.426357810999995],[-87.55386922000001,19.42701189],[-87.55458765,19.42678235],[-87.555306684,19.426114063],[-87.554149117,19.426130809999997],[-87.55505283700002,19.425913802999993],[-87.55653265,19.4245552],[-87.55886674,19.423222660000004],[-87.5623206,19.41973565],[-87.565586711,19.417129428],[-87.56802412,19.416237519999996],[-87.56833737,19.41639945],[-87.56990297,19.41593949],[-87.57027525,19.41559390999999],[-87.57152232000001,19.415749119999997],[-87.57245482,19.415064149999996],[-87.57367617,19.41471929],[-87.57431065,19.414821539999995],[-87.57547031,19.413900379999998],[-87.57630672,19.413978399999998],[-87.57927038,19.41068275],[-87.58132948,19.41006846],[-87.58256595,19.408895219999998],[-87.58317154,19.40896522],[-87.58423995,19.408151460000003],[-87.58529671000001,19.406662200000003],[-87.586868837,19.405735695],[-87.58871398,19.403741150000002],[-87.58909843,19.40383908],[-87.58974305,19.403283139999996],[-87.59065323,19.403098309999997],[-87.59259728,19.403665709999995],[-87.593187839,19.404166936999996],[-87.59387475,19.404181336999997],[-87.595990805,19.403121287],[-87.59827508800001,19.400996429000003],[-87.60027177,19.398360779999997],[-87.60079842,19.398177169999997],[-87.6015802,19.398835],[-87.602102451,19.398797806999998],[-87.60347943000001,19.398081659999995],[-87.60587242,19.39620266],[-87.609108536,19.392670218999996],[-87.609931829,19.390692886999997],[-87.61102282,19.389413859999994],[-87.61295634,19.38770583],[-87.61538174,19.386396279999996],[-87.61615122,19.38557902],[-87.61659132,19.38555652],[-87.61891586,19.38181606],[-87.6205118,19.381721029999998],[-87.621431169,19.381245832],[-87.622296948,19.381282494999997],[-87.62554548,19.38031454],[-87.62717674,19.379419570000003],[-87.6285,19.3777],[-87.6297,19.3767],[-87.632,19.375999999999998],[-87.63595548,19.373433910000003],[-87.6373,19.3711],[-87.6398,19.3639],[-87.6419,19.3595],[-87.6442,19.352899999999998],[-87.645624578,19.346580578999998],[-87.6479,19.3427],[-87.6481,19.341699999999996],[-87.65018129,19.33934586],[-87.6526,19.3309],[-87.655,19.319800000000004],[-87.6562,19.309799999999996],[-87.65626854,19.302797690000002],[-87.65716638,19.302218119999996],[-87.659229,19.301821819999997],[-87.66376718,19.298710689999997],[-87.667536846,19.297364739999995],[-87.669072141,19.295181797999998],[-87.6691,19.292999999999996],[-87.6684,19.2914],[-87.66716878,19.290995619999997],[-87.6649,19.2908],[-87.6638,19.2897],[-87.66247380000001,19.28914806],[-87.66106068,19.287872289999996],[-87.65992328,19.28740529],[-87.6590168,19.284398449999998],[-87.6579,19.2821],[-87.6584,19.274099999999994],[-87.6598,19.266800000000003],[-87.6612,19.2607],[-87.664,19.259500000000003],[-87.6654,19.2579],[-87.6664,19.2575],[-87.6686,19.2543],[-87.6692,19.2529],[-87.6699,19.252399999999998],[-87.671,19.252199999999995],[-87.6721,19.251399999999997],[-87.6744,19.2489],[-87.67612374,19.24624032],[-87.67675837,19.24449466],[-87.67815371,19.242838769999995],[-87.68005674,19.24131009],[-87.6834,19.239399999999993],[-87.68547098,19.23692366],[-87.68593398,19.235626200000002],[-87.68685112000001,19.23475242],[-87.68657292,19.23375689],[-87.685917771,19.233048767999996],[-87.6865,19.230899999999995],[-87.68177178,19.22946755],[-87.68087062,19.230029860000002],[-87.6794194,19.22946611],[-87.67763343,19.22982446],[-87.67639718,19.229676019999996],[-87.67494191,19.228508259999998],[-87.67359657,19.227952149999997],[-87.67381892,19.22353671],[-87.67412622,19.2233808],[-87.67577945,19.223754200000005],[-87.67689048,19.22320162],[-87.67729112,19.22255005],[-87.67857605,19.222919229999995],[-87.67964126,19.22257828],[-87.68327995,19.223335969999997],[-87.684558577,19.222794745999998],[-87.685048746,19.22224747],[-87.685293831,19.221252854999996],[-87.68613651,19.22045882],[-87.68554452,19.220205999999997],[-87.68490081,19.219408585],[-87.68401046900001,19.219506924999997],[-87.684686119,19.219231633],[-87.68403555,19.219038519999998],[-87.683764,19.21832546],[-87.683351276,19.218299016],[-87.683356117,19.218718014999997],[-87.68301174,19.21827726],[-87.68274483,19.21868629],[-87.68351195,19.219685509999998],[-87.684043,19.2196776],[-87.684574758,19.220057841999996],[-87.68414954,19.22061926],[-87.68334458,19.220826289999998],[-87.68215897,19.219912619999995],[-87.68161715,19.21879251],[-87.68020026,19.21816271],[-87.67914297,19.218036619999996],[-87.67785498,19.21834742],[-87.67715997,19.21916608],[-87.67685035,19.21909623],[-87.67729465,19.216427539999998],[-87.67867414,19.215694769999995],[-87.67968223,19.21557471],[-87.681506344,19.213979509],[-87.68230928,19.21362392],[-87.68265485,19.212594630000005],[-87.682283555,19.210912899000004],[-87.682426707,19.210003987000004],[-87.68220455,19.208314279999993],[-87.681403154,19.206537069999996],[-87.681693449,19.205970759000003],[-87.682183618,19.205801816999998],[-87.680881101,19.206064509],[-87.681412672,19.206069268],[-87.68059608,19.207192510000002],[-87.67953363,19.207004429999994],[-87.67873006000002,19.20738128],[-87.67919497000001,19.20624345],[-87.67865802,19.205311570000003],[-87.67823814,19.205134199999993],[-87.67783643,19.205035279999997],[-87.6743392,19.206366],[-87.67387409,19.20576594],[-87.67377798000001,19.205323],[-87.67490985,19.20457497],[-87.675787619,19.20210411],[-87.67659114,19.20164632],[-87.67788868,19.19986446],[-87.67849148,19.19990678],[-87.67790748,19.199195680000003],[-87.67699197,19.198902799999995],[-87.67560782,19.199389369999995],[-87.67535662,19.19977432],[-87.67490028,19.199439979999998],[-87.67237243,19.19940125],[-87.67207066,19.1997864],[-87.67166334,19.19906782],[-87.67090349,19.19868655],[-87.67006688,19.198822689999997],[-87.66944057,19.199459979999997],[-87.66928812,19.199268519999997],[-87.66941446,19.197795969999998],[-87.669972868,19.197120462],[-87.67065818,19.197171169999994],[-87.67098158,19.196304769999998],[-87.67167368,19.19557992],[-87.672798478,19.195610693999996],[-87.673576856,19.19396941],[-87.67320742,19.19339752],[-87.67244915,19.193400309999998],[-87.67234534,19.192728619999997],[-87.67193937,19.19234606],[-87.67138429,19.19258812],[-87.67062525,19.192398879999995],[-87.67043522,19.191257089999997],[-87.6708222,19.19110201999999],[-87.67081714,19.18985389],[-87.66955688,19.190722579999996],[-87.66884608,19.189957089999996],[-87.66773515,19.190249170000005],[-87.66729372,19.190920089999995],[-87.66627266,19.19111858],[-87.66596406,19.19018245],[-87.66611481,19.188828398],[-87.66545114000002,19.18795322],[-87.66492548,19.187866519999993],[-87.66449166,19.18819672],[-87.66449435,19.188868780000004],[-87.66312991,19.18896974],[-87.66262785,19.18983565],[-87.6621894,19.189762879999996],[-87.66189215,19.18847894],[-87.66133957,19.18864737000001],[-87.66067051,19.19023942],[-87.65988722,19.190746140000005],[-87.65881568,19.19031611],[-87.6571794,19.19013557],[-87.65840189,19.186896149999995],[-87.65891068,19.18627329],[-87.65787185,19.18388988],[-87.65519128,19.18113948],[-87.65401445,19.18071485],[-87.65131858,19.18056306],[-87.64950075,19.18104957],[-87.64788888,19.18249543],[-87.6460184,19.182454019999998],[-87.64586508,19.182022509999992],[-87.64515629,19.18173697],[-87.64460158,19.18207495],[-87.64298405,19.18208063],[-87.64288426,19.182417029999993],[-87.64177349,19.18275694],[-87.64010486,19.182618770000005],[-87.639835669,19.182188821],[-87.63924406,19.182237719999996],[-87.639245,19.182477740000003],[-87.637877905,19.181867136000005],[-87.63930558200002,19.180244342999995],[-87.640509589,19.179867198999997],[-87.63973823,19.17930765],[-87.63927738,19.17777308],[-87.638317,19.17777642],[-87.63811277,19.17724906],[-87.63775858,19.17715428],[-87.63745678,19.17753938],[-87.63745974,19.178307460000003],[-87.6362444,19.177735599999995],[-87.63554008,19.178602149999993],[-87.6336146,19.179147920000002],[-87.63379237,19.181534010999993],[-87.632677775,19.182224403],[-87.632450354,19.183725495],[-87.632064882,19.183543466],[-87.63232164400002,19.182582341999993],[-87.63,19.1834],[-87.630962484,19.185912251999998],[-87.63386317,19.187916139999995],[-87.62875592,19.189961539999995],[-87.6275,19.1882],[-87.6244,19.191699999999997],[-87.62370000000001,19.195399999999992],[-87.623437648,19.196203773],[-87.622689007,19.196753901],[-87.6226,19.197999999999997],[-87.6199,19.200899999999994],[-87.619443145,19.201813711],[-87.618404097,19.206621251999998],[-87.617737538,19.208398445],[-87.616964523,19.209374288],[-87.614385187,19.210723441999995],[-87.6138,19.212200000000003],[-87.6138,19.2146],[-87.613406039,19.216372282999995],[-87.611074167,19.219358505999995],[-87.610053378,19.220100897999995],[-87.608428206,19.222061574000005],[-87.607700001,19.225000000000005],[-87.608486813,19.226712343999996],[-87.608236969,19.227357178],[-87.607328432,19.228062094],[-87.606873538,19.230238705000005],[-87.6054,19.231],[-87.603303752,19.232784133],[-87.602063724,19.233136275999996],[-87.60155,19.233649999999997],[-87.601517966,19.235418197000005],[-87.6007,19.2355],[-87.5999,19.236699999999995],[-87.59884825,19.237384829999993],[-87.5973,19.236600000000003],[-87.59518822,19.236511059999998],[-87.59339417,19.236854969999996],[-87.5927,19.238699999999998],[-87.59262468,19.240664059999997],[-87.592,19.242100000000004],[-87.5898,19.2449],[-87.5891,19.2467],[-87.5882,19.246400000000005],[-87.587477735,19.245497168999997],[-87.58681256,19.246129975],[-87.586684069,19.247361345999998],[-87.586412948,19.247253323999995],[-87.5857,19.2486],[-87.5856,19.250399999999992],[-87.58609753200001,19.250842496999994],[-87.585969041,19.251313630999995],[-87.583782365,19.254299999999994],[-87.583701068,19.254873898999996],[-87.583571786,19.2543],[-87.5833,19.254299999999997],[-87.58331619,19.255688865],[-87.582965726,19.256702424000004],[-87.583251945,19.257027311],[-87.5825,19.257899999999996],[-87.582952914,19.259955603],[-87.583136541,19.259707774],[-87.583575551,19.260396627999995],[-87.58314011,19.261438832000003],[-87.583264437,19.261886171],[-87.58280639100002,19.262171706000004],[-87.58252281,19.262013058999994],[-87.5812,19.2629],[-87.580969605,19.264054454999997],[-87.581338422,19.26464932],[-87.580590426,19.264699227999998],[-87.5796,19.266499999999997],[-87.57893065,19.267002013],[-87.579286256,19.266994279],[-87.580177364,19.266022269],[-87.580229712,19.266493402000002],[-87.579456387,19.267875869],[-87.578727177,19.267238369999998],[-87.5778,19.269],[-87.57782272,19.269844999999997],[-87.57872518,19.26941337],[-87.58021738,19.26807738],[-87.58208628,19.26745018],[-87.583735414,19.265786144],[-87.583605572,19.265467378999997],[-87.583931558,19.265117597999996],[-87.584566874,19.264622669999998],[-87.58460297400002,19.265046614],[-87.584858001,19.264508575000004],[-87.58609617,19.2637986],[-87.58665495,19.2630868],[-87.58683954,19.2623762],[-87.58777157,19.261396949999998],[-87.58786228,19.260597909999998],[-87.58760411,19.26020905],[-87.58785345,19.25985689],[-87.58902488,19.260089280000003],[-87.58945795,19.25972852],[-87.59024088,19.257899449999996],[-87.58943138000001,19.25464655],[-87.5909294,19.254996719999994],[-87.59177100000001,19.254905250000004],[-87.59260878,19.253748780000002],[-87.5931608,19.251173219999995],[-87.59465369,19.250103369999998],[-87.59708454,19.249740450000004],[-87.597703922,19.249076694000003],[-87.599171461,19.244996944999997],[-87.599113347,19.243536484999993],[-87.599772848,19.242674625],[-87.601034088,19.241590923999997],[-87.602225294,19.241454384],[-87.601345783,19.243745276],[-87.601630669,19.245506846999998],[-87.601998052,19.245773237999995],[-87.601516973,19.246435390000002],[-87.601275064,19.247568458999996],[-87.601652963,19.247879213999997],[-87.603636659,19.246392479999997],[-87.60455698,19.246698400000003],[-87.6055838,19.24621532],[-87.60674263,19.244955279999996],[-87.60828134,19.241982280000002],[-87.61244425,19.238735949999995],[-87.61198783,19.24012188],[-87.60978874,19.242048519999997],[-87.60894003,19.24304509],[-87.60745385,19.245890049999996],[-87.60503023,19.24820558],[-87.60353678,19.24909803],[-87.60250429,19.248987370000005],[-87.60141577,19.24940488],[-87.59900685,19.25074685],[-87.59696435,19.251969400000004],[-87.59522998,19.254272779999997],[-87.59389598,19.254818259999997],[-87.5920888,19.257214969999996],[-87.5910398,19.259700149999997],[-87.59118251,19.260442089999998],[-87.58787208,19.263349139999995],[-87.58726468,19.264723619999994],[-87.58218109,19.267804879999996],[-87.58141329,19.26863149],[-87.58134218,19.26933797],[-87.58076748,19.26980308],[-87.579735146,19.270187878999995],[-87.57945757,19.27062245],[-87.57565295,19.27289931],[-87.57401926,19.274144689999996],[-87.5735892,19.27505862],[-87.57278048,19.275205169999996],[-87.56899748,19.27819334],[-87.56869998,19.279922459999998],[-87.56744031,19.28131854],[-87.56649251,19.285161919999997],[-87.56513278,19.286894349999997],[-87.56452648,19.28708825],[-87.56447754,19.287568450000002],[-87.56343060000002,19.288807460000005],[-87.56300286,19.28980912],[-87.55917938,19.292480819999998],[-87.55767318000001,19.294694179999997],[-87.55651138,19.29517779999999],[-87.55621098,19.29609082],[-87.55536728,19.296432420000002],[-87.55425445,19.2964358],[-87.55173025,19.297931619999996],[-87.55107569,19.29884571],[-87.54799565,19.30053517],[-87.54638489,19.302940279999998],[-87.54304845,19.303622309999998],[-87.53875697,19.306179339999996],[-87.53891063,19.306754949999995],[-87.53425803,19.30720068],[-87.52712202,19.306213309999997],[-87.52617042,19.30571669],[-87.52293317,19.305822019999997],[-87.52126488,19.30616283],[-87.51707205,19.308046979999997],[-87.516089813,19.308227393999992],[-87.51525434,19.30915626],[-87.51459714,19.309302119999998],[-87.51384132,19.31026437],[-87.513573121,19.311251989],[-87.51377323,19.311947644],[-87.514354103,19.312158289000003],[-87.51278095,19.314341],[-87.51256966,19.31572842],[-87.51151835,19.31664077],[-87.51135328,19.31748242],[-87.51022895,19.3180312],[-87.50987108,19.318509629999998],[-87.50963545000002,19.319783449999996],[-87.5086782,19.320127140000004],[-87.50561858,19.32240912],[-87.50487615,19.322502119999996],[-87.50379991,19.32311894],[-87.50260242,19.323258649999996],[-87.50102422,19.32426332],[-87.49968012,19.32347129],[-87.49943722,19.322380689999996],[-87.49845238,19.32154217999999],[-87.498017835,19.322092173999998],[-87.497212829,19.322227872],[-87.49693269,19.32303275],[-87.49617395,19.323082829999997],[-87.495269557,19.322653725999995],[-87.494738938,19.322803631999996],[-87.49460588,19.32318309],[-87.492333617,19.323403487],[-87.491897861,19.323660237999995],[-87.49157422,19.32448746],[-87.490485215,19.325277317],[-87.490367868,19.325754163999996],[-87.48925428,19.326387101000005],[-87.489086512,19.32615704699999],[-87.4808,19.3243],[-87.4798,19.3237],[-87.4794,19.323899999999995],[-87.4791,19.325699999999998],[-87.4781,19.3261],[-87.4765,19.3261],[-87.4752,19.3241],[-87.474,19.3248],[-87.4732,19.323499999999996],[-87.47250000000001,19.323299999999996],[-87.4717,19.324800000000003],[-87.4704,19.325799999999997],[-87.4694,19.324499999999997],[-87.4671,19.3242],[-87.46644652,19.32543706],[-87.463798059,19.325923997999997],[-87.46290377,19.32501403],[-87.4625426,19.322518629999998],[-87.46198438,19.321514052],[-87.461411701,19.321662401],[-87.46195537900002,19.321459380000004],[-87.46061054,19.31911509],[-87.45771882,19.316242000000003],[-87.453583581,19.313055418999998],[-87.45204169,19.312648531],[-87.4493124,19.313190509999995],[-87.44693351,19.312764290000004],[-87.446760481,19.312830167],[-87.446791378,19.313374948],[-87.44666225200001,19.313367945],[-87.446708562,19.312840247999993],[-87.445547308,19.313074573],[-87.445328398,19.311991919],[-87.445406444,19.31167783],[-87.446186907,19.31149128],[-87.44874477000002,19.30911138],[-87.458145761,19.298142514],[-87.45907709,19.297499580000004],[-87.461274522,19.295069199],[-87.46442092,19.29105325],[-87.46623729,19.289416399999993],[-87.47117538,19.28277888],[-87.47289263000002,19.28191032],[-87.473850189,19.282107733],[-87.47507128,19.281127717999997],[-87.475323115,19.280810504],[-87.47518038000001,19.280090060000003],[-87.475890046,19.280048589999996],[-87.476591131,19.279312674999996],[-87.47775326,19.27777906],[-87.47810298,19.276289949999995],[-87.47941312,19.27460629],[-87.48092652,19.27325815],[-87.48127735,19.272153079999995],[-87.482086537,19.272116038],[-87.48321303,19.270838857],[-87.48475557,19.26820738],[-87.485424909,19.266071678000003],[-87.487404648,19.265396926999998],[-87.487942379,19.264897414],[-87.488485729,19.262286312999997],[-87.489719559,19.260738710999995],[-87.49049692,19.26003102],[-87.49211366,19.259498599999997],[-87.496631417,19.255570522000003],[-87.49867585,19.25301974],[-87.500735512,19.249774155],[-87.505093666,19.247504037999995],[-87.50509194,19.24694306],[-87.50640026,19.244827179999998],[-87.50644862,19.24410695],[-87.508045966,19.243712924],[-87.509956869,19.242230841],[-87.512279194,19.239602902999998],[-87.513810055,19.236517345000003],[-87.51481552,19.235298479999997],[-87.515523267,19.23517770799999],[-87.516297192,19.236209967000004],[-87.51714778,19.236584011],[-87.519612436,19.235740222999993],[-87.52033060500001,19.235213801],[-87.52102822,19.23312063],[-87.52628155,19.229961553],[-87.52788612000002,19.227196219999996],[-87.52833582,19.225514709999995],[-87.52817922,19.223978969999997],[-87.52848122,19.223546049999996],[-87.52847862,19.222729939999997],[-87.52915635,19.221529749999995],[-87.5306186,19.220277369999998],[-87.53086942,19.21965255],[-87.531423188,19.2195758],[-87.532315894,19.218347120999997],[-87.535708567,19.211979037999996],[-87.53724329,19.207976230000003],[-87.53962338,19.19982797],[-87.54004108,19.194854569999997],[-87.53942928,19.19327215],[-87.53968095000002,19.19293537],[-87.53856295,19.18771518],[-87.53809866,19.18723187999999],[-87.53798945,19.184735859999996],[-87.539301654,19.18396192],[-87.5397532,19.183050459999997],[-87.54039594,19.178632],[-87.539717626,19.17221598],[-87.54173303,19.169184546999997],[-87.54218799,19.16801277],[-87.54227765,19.16667285999999],[-87.54150617,19.16259458],[-87.54069309,19.161252799999996],[-87.54075691,19.155073059999996],[-87.54172612,19.152467079999997],[-87.54452442,19.150787739999995],[-87.54681422,19.14841648],[-87.54833794,19.145505889999995],[-87.54859745,19.144368370000002],[-87.54849188,19.14139037],[-87.54762103,19.13857382],[-87.54737452,19.136391969999995],[-87.54941298,19.130523770000003],[-87.55008311,19.123314719999993],[-87.54971955,19.11408672],[-87.54975714,19.10374209],[-87.55222817,19.093731459999997],[-87.55153309,19.090869519999995],[-87.55006902,19.08946431],[-87.54991865,19.087395849999996],[-87.549035992,19.086222338999995],[-87.54981324200001,19.085886135999996],[-87.549873563,19.084497229999997],[-87.55077299900002,19.084121274999998],[-87.55106207,19.083703713],[-87.550558847,19.082657905999998],[-87.551902774,19.082350834999996],[-87.5519082,19.08091023],[-87.55160382,19.080527079999996],[-87.551829238,19.080334726999993],[-87.551489217,19.080026223],[-87.55169385,19.079785897],[-87.552243506,19.079931044000002],[-87.552491089,19.079617858],[-87.552826474,19.07659266],[-87.55375869,19.07528788],[-87.553469523,19.07376641],[-87.55418407500001,19.073722902],[-87.55410528,19.07317454],[-87.555061382,19.071338884000003],[-87.555068997,19.070427074],[-87.555891338,19.069787475000002],[-87.556289184,19.068590129999997],[-87.557979553,19.068106624],[-87.55954619100001,19.068525408999996],[-87.56199418,19.068637719999995],[-87.564529734,19.065946072999996],[-87.565554471,19.064417678000005],[-87.56572388,19.06354535],[-87.566826539,19.062298527999996],[-87.5671206,19.061048079999992],[-87.568063859,19.059637338],[-87.57122934,19.05304268],[-87.57121529,19.05022458],[-87.57226908,19.04820505],[-87.57351378,19.04296843],[-87.575247656,19.041261805000005],[-87.57688378,19.038925369999998],[-87.578328224,19.037710147000002],[-87.58072032200002,19.032893050000002],[-87.58159982,19.02988529],[-87.583444184,19.026173101],[-87.584982337,19.02093862],[-87.58543415000001,19.01806977],[-87.586487353,19.017156229999998],[-87.588614517,19.013134178999998],[-87.58867635,19.010597336],[-87.590305139,19.006618495],[-87.59219718500002,19.004761495000004],[-87.596155713,18.998653314],[-87.598431668,18.994420253],[-87.600516076,18.991663409],[-87.60320382,18.98914262],[-87.60476349,18.988292309999995],[-87.60533029,18.987667709999997],[-87.60586865,18.984033309999997],[-87.60922866300001,18.972149020999996],[-87.612735036,18.966305065],[-87.615014459,18.959850480000004],[-87.616384299,18.953775909],[-87.614611857,18.953375560999994],[-87.614347261,18.954069888],[-87.613769051,18.953872392999997],[-87.61404507,18.953156175],[-87.616387045,18.953759016999996],[-87.616926592,18.95114106],[-87.617888494,18.949399839],[-87.620975131,18.947727078],[-87.624378125,18.944763706],[-87.62610725,18.9423872],[-87.62743211,18.939660739999994],[-87.62900128,18.9346238],[-87.62951463,18.93129237],[-87.63153606,18.92641198],[-87.632277895,18.922349627],[-87.63220697,18.91594222],[-87.63247497,18.915158550000005],[-87.6320006,18.90969686],[-87.63126211,18.905682259999995],[-87.6314754,18.90301092],[-87.63305649,18.89993745],[-87.633657539,18.897909730000002],[-87.63512138400002,18.896664795999992],[-87.63751877,18.895497909999996],[-87.63935491,18.892767709999998],[-87.64050126,18.889928229999995],[-87.642030482,18.884326469000005],[-87.6417936,18.882103490000002],[-87.642450208,18.875879690999998],[-87.64220098,18.873431430000004],[-87.64086211,18.869246459999996],[-87.6407844,18.866631579999996],[-87.64170215,18.861632629999995],[-87.6435656,18.856880179999997],[-87.64394665,18.85642795],[-87.64667137,18.855369519999996],[-87.64727202000002,18.854782949999997],[-87.648676851,18.853113512000004],[-87.649834696,18.851064795999996],[-87.65392358,18.846306619999996],[-87.65433497,18.84238962],[-87.65352023,18.840424179999996],[-87.65388662,18.839354630000003],[-87.65472738,18.838704170000003],[-87.65601003,18.838381539999997],[-87.65730812,18.83758009],[-87.65774412,18.836952799999995],[-87.65776609,18.832237020000004],[-87.66082534,18.830203909999998],[-87.661391872,18.82924801],[-87.660588317,18.828887880999996],[-87.660629343,18.828815243],[-87.661424623,18.829214819999997],[-87.66257894,18.82777454],[-87.66305025,18.826516419999997],[-87.66349303,18.822156769999996],[-87.66253251,18.81803294],[-87.66253822,18.81695275],[-87.66356285000002,18.814846619999997],[-87.66602178,18.811707369999997],[-87.66652312,18.810664509999995],[-87.66688691,18.80760103],[-87.6675658,18.80648415],[-87.66781191,18.804947029999997],[-87.66893726000002,18.801846220000005],[-87.669097123,18.797983776999995],[-87.66873432,18.79587034],[-87.66822754,18.79524805],[-87.66738826,18.78873028],[-87.66792237,18.78661058],[-87.66940583,18.78365817],[-87.66892145,18.782064059999996],[-87.66917046,18.780917999999993],[-87.67006335,18.779692169999997],[-87.67049837,18.777579109999998],[-87.67114754,18.777229619999993],[-87.67143494,18.77593858],[-87.67093497,18.774305800000004],[-87.67000166,18.77358237],[-87.66858038000001,18.771749799999995],[-87.66818408,18.76994929],[-87.66888414,18.76845855],[-87.66917929,18.76658522],[-87.66904508,18.76541294],[-87.66959968,18.764526659999994],[-87.66934922,18.763380600000005],[-87.67012322,18.76256082],[-87.67221158,18.756222479999998],[-87.67317135,18.754698550000004],[-87.67383375,18.752574170000003],[-87.676460478,18.748082372],[-87.680014022,18.743798057999996],[-87.6810824,18.741942078999998],[-87.681993733,18.741723168],[-87.68337806,18.741889779999998],[-87.68392628,18.74149778],[-87.68457655,18.74075206],[-87.684418404,18.739274703000003],[-87.684651591,18.737882717999998],[-87.686593232,18.737085599],[-87.68799011,18.736859079999995],[-87.688823914,18.736156546000004],[-87.68903406,18.73529514],[-87.690741045,18.734087919],[-87.691159417,18.733233251],[-87.691487783,18.733038134999997],[-87.691697175,18.733423607999995],[-87.692101133,18.733247721999998],[-87.692149273,18.732864435],[-87.68991258,18.730199438],[-87.686643676,18.73189183],[-87.689842148,18.730118655999995],[-87.68797855400001,18.727886720999997],[-87.69223445800002,18.732810778000005],[-87.69344132,18.731653859999994],[-87.69289452,18.730865330999997],[-87.69530155,18.728900420999995],[-87.69627506000002,18.72890554],[-87.69883863,18.728151119999996],[-87.699522139,18.727350050999995],[-87.6995286,18.725406510999996],[-87.7006948,18.724838000000002],[-87.701977319,18.72270222099999],[-87.703984477,18.721336341000004],[-87.70368280100001,18.721029894],[-87.704023202,18.721309644999998],[-87.705640849,18.720162401],[-87.706867939,18.715428510000002],[-87.710354153,18.712058570000003],[-87.709339398,18.711680071999996],[-87.709737808,18.711566386],[-87.709667267,18.711155293999997],[-87.71045768,18.711967370999993],[-87.711765249,18.710112051],[-87.71262202,18.707588231],[-87.71401028,18.703166710999998],[-87.714158164,18.701527718000005],[-87.713865083,18.700340795999992],[-87.714137293,18.699002586999995],[-87.715153323,18.697401210000002],[-87.71530202,18.69411931999999],[-87.71745614,18.69082192],[-87.71792115,18.6882726],[-87.71763091,18.685550450000004],[-87.71842108,18.685716679999995],[-87.71934992,18.684571890000004],[-87.72154271,18.680077219999998],[-87.7221168,18.678018879999996],[-87.72200968,18.67674566],[-87.723508237,18.672447604],[-87.723175485,18.672247439999992],[-87.723524562,18.672401981999997],[-87.72523051,18.66854383],[-87.72570454,18.66630166],[-87.72597982,18.66170611],[-87.725784201,18.659655150999995],[-87.725229388,18.659823962],[-87.725167171,18.659634521999994],[-87.725780455,18.659615875],[-87.72573227800001,18.659068283999996],[-87.72512430800002,18.659263554999992],[-87.725117775,18.659036694999998],[-87.725731696,18.659037562999995],[-87.72588128,18.655675259999995],[-87.726704654,18.65005065],[-87.728246545,18.645044264],[-87.727769463,18.639625635999995],[-87.729212011,18.632088693],[-87.729235806,18.628274417000004],[-87.72968974,18.62637578],[-87.730772384,18.625166161],[-87.73159665,18.62358628],[-87.732045445,18.620662909000004],[-87.731523549,18.617973818],[-87.73236902,18.615710000000004],[-87.73275006,18.61197829],[-87.73353989,18.609802659999996],[-87.73420052000002,18.60487495],[-87.735672747,18.601229584999995],[-87.73653343,18.59647514],[-87.73760726,18.59327043],[-87.738037432,18.588452948],[-87.739367968,18.582001593],[-87.739118421,18.576967050999997],[-87.74016926000002,18.569757279999997],[-87.740025948,18.561868894999996],[-87.73943718,18.55662691],[-87.74010571,18.549681739999997],[-87.739751834,18.545808128],[-87.740952977,18.544508343],[-87.741606862,18.543254490999995],[-87.74215668,18.54189837],[-87.742226375,18.540471788999998],[-87.741892635,18.539653097],[-87.740626762,18.53902254],[-87.741254939,18.538689415999997],[-87.742568402,18.538770316999997],[-87.743377419,18.537202253],[-87.743391695,18.535650844],[-87.744454151,18.531812177999996],[-87.74481257,18.528968019999997],[-87.74726723,18.52695158],[-87.74901886,18.52305291],[-87.75100963,18.52112831],[-87.75467425,18.51636515],[-87.75708423,18.515102909999996],[-87.75776451,18.51417602],[-87.758134911,18.512982032],[-87.758012,18.51056828],[-87.758859818,18.509618939],[-87.759455512,18.50782574],[-87.75959743,18.50339354000001],[-87.76033717000001,18.500727119999997],[-87.76190836100001,18.497320395000003],[-87.762229369,18.493989175000003],[-87.761224046,18.487588423999995],[-87.76169518,18.480835513999995],[-87.76160714,18.477261564000003],[-87.76217821,18.473321176],[-87.76305652,18.470821412],[-87.76317726,18.46671166],[-87.763981683,18.464099574999995],[-87.764298151,18.460242468999997],[-87.763786567,18.457437084000002],[-87.761473731,18.451581231],[-87.76128337400002,18.449039966],[-87.76186848,18.447650629999995],[-87.762243566,18.444612585999995],[-87.761419004,18.441378102000005],[-87.761818555,18.439722195],[-87.763024668,18.438074655999998],[-87.762632242,18.437824918999997],[-87.763042793,18.438050670000003],[-87.763797315,18.436341555999995],[-87.764886156,18.430779328],[-87.765064532,18.428682045],[-87.764490214,18.424682197000003],[-87.764600621,18.423020381999997],[-87.764961501,18.422148339000003],[-87.764840599,18.421463565999996],[-87.764246113,18.421121683000003],[-87.764691207,18.420766224],[-87.764317496,18.42038643],[-87.764212324,18.419152440999998],[-87.763791636,18.418316774000004],[-87.76525865,18.4163396],[-87.766211072,18.414246943999995],[-87.766182518,18.413700619999993],[-87.76544774,18.41321140299999],[-87.766093592,18.412912319000004],[-87.76580909,18.41196835],[-87.76665972,18.411951029999997],[-87.76760042,18.411097219999995],[-87.76765017,18.410390313999997],[-87.767050545,18.409830665],[-87.7681972,18.409510519999998],[-87.76886189,18.408779109999998],[-87.769618661,18.407245913999997],[-87.769612749,18.405513371],[-87.770857502,18.404477126000003],[-87.770831355,18.403180816999996],[-87.77023834,18.401422620000005],[-87.77038848,18.401216109999996],[-87.77133942,18.401551779999995],[-87.77248629,18.400947630000005],[-87.773375529,18.3999561],[-87.773135204,18.399078079000002],[-87.77485895,18.39906114],[-87.77706705,18.39732418],[-87.779759508,18.394141401999995],[-87.779627308,18.394003727000005],[-87.779542834,18.393750312],[-87.779796693,18.394108144],[-87.782458503,18.390505382999997],[-87.78496529,18.385792690000002],[-87.78607252,18.385884140000005],[-87.78694449,18.38562005],[-87.78846746000002,18.38373592],[-87.79221986,18.374663749999996],[-87.793200973,18.373418309999998],[-87.79356495,18.371777629999997],[-87.79862735,18.364227779999993],[-87.80070202,18.355961619999995],[-87.80209357,18.352307119999995],[-87.80401445,18.349331660000004],[-87.80593562,18.34721503],[-87.808616631,18.34507504999999],[-87.81329342,18.340122459999996],[-87.8138772,18.33874451],[-87.816693163,18.334903280999992],[-87.81639002700001,18.334674371],[-87.816709081,18.334881852000002],[-87.818606281,18.332901350000004],[-87.819661317,18.331331737999996],[-87.820066362,18.329876977999998],[-87.82088431,18.328794309999992],[-87.82237923,18.325513489999995],[-87.82599037,18.31581374],[-87.826534404,18.312891908999998],[-87.827875449,18.310543527],[-87.82997815,18.302366890000002],[-87.83223302,18.29616791],[-87.831515319,18.295746877],[-87.832269483,18.296005408],[-87.832492355,18.295150465],[-87.831798493,18.294995432],[-87.832504576,18.295109870999998],[-87.832595367,18.293400233],[-87.832974711,18.292683371],[-87.832828554,18.291675481],[-87.83331857,18.290386089999995],[-87.833060432,18.289196161999996],[-87.834076462,18.284832229999996],[-87.83456315,18.281022219999997],[-87.83443955,18.277611679999993],[-87.834785672,18.274190374],[-87.832340328,18.274192114],[-87.834698374,18.274061242999995],[-87.834800691,18.273789985],[-87.8345554,18.27125546],[-87.835317394,18.266946079],[-87.835102287,18.266767599999998],[-87.835297212,18.26661395],[-87.835032807,18.263274552000002],[-87.83614997900001,18.256155201999995],[-87.8361778,18.253190619999994],[-87.836864913,18.249053305999997],[-87.836672176,18.247761259],[-87.837665774,18.245559908],[-87.8377886,18.24401862],[-87.838081205,18.243907307],[-87.839058776,18.241734083999997],[-87.83983686,18.236464767999998],[-87.84017872,18.23497045],[-87.84043028,18.23501737],[-87.840771988,18.234140034999996],[-87.84082731,18.23197413],[-87.841643465,18.229263924],[-87.84174915,18.227385650000002],[-87.841365068,18.227134305999996],[-87.84175411,18.222457872],[-87.841667022,18.219246076],[-87.841912582,18.218907241],[-87.84175449300001,18.211177845],[-87.843550435,18.200009083999998],[-87.843527592,18.196970988],[-87.843860717,18.19504648],[-87.84363562,18.193890537],[-87.84429468,18.190940049999995],[-87.84559431,18.18949406],[-87.84740198,18.189198029999996],[-87.84834632,18.187033479999997],[-87.849209623,18.186583462999998],[-87.848748843,18.185946528],[-87.84958982,18.18438749],[-87.85029169,18.184048320000002],[-87.853771057,18.184698347999998],[-87.85457066,18.183089519999996],[-87.85608205,18.182644519999997],[-87.85609558,18.18141509],[-87.85630805,18.18130582],[-87.85737145,18.181846350000004],[-87.85717303,18.182556580000004],[-87.85764031,18.183752739999996],[-87.85752934,18.18442534],[-87.85883577,18.18563654],[-87.85961382,18.187007230000003],[-87.858890232,18.186775769],[-87.85988451,18.18784165],[-87.86018858,18.18983032],[-87.86607748,18.18919958],[-87.86751131,18.188238660000003],[-87.90242566,18.14269225],[-87.92545257,18.160235819999993],[-87.99998875,18.159593079999997],[-88.03029889,18.160361089999995],[-88.03073888,18.25080689],[-88.03036589,18.41479429],[-88.24963365,18.41555245],[-88.25009437,18.47307229],[-88.25774202,18.474694],[-88.2608008,18.47492289],[-88.2889866,18.475272949999994],[-88.30449968,18.47875312],[-88.31035843,18.48521645],[-88.31371115,18.4855684],[-88.31918654,18.48822742],[-88.32420354,18.48929712],[-88.3268526,18.49017669],[-88.32973417,18.489504829999994],[-88.33111168000002,18.488684229999997],[-88.33440774,18.48817075],[-88.33843874,18.487057400000005],[-88.34673789,18.485865259999997],[-88.35111778,18.48447368],[-88.35488065,18.48464118],[-88.35910623,18.486014879999995],[-88.36227658,18.48666088],[-88.36723477,18.486106749999998],[-88.36971778,18.48490085],[-88.37183618,18.483438340000003],[-88.37417609000002,18.480911370000005],[-88.37684966,18.479229450000002],[-88.38013297,18.47894635],[-88.386997651,18.48163932],[-88.38814202,18.483056489999992],[-88.38925978,18.485570049999996],[-88.38985465,18.486278459999998],[-88.39167362,18.487042680000002],[-88.39443417,18.48935509],[-88.39603851,18.49158958],[-88.39937882,18.494966080000005],[-88.40239546,18.496658479999997],[-88.40614543,18.49557506],[-88.40996174,18.49373274],[-88.41074549,18.49296945],[-88.41191942,18.49291592],[-88.41355866,18.492321619999995],[-88.41749937,18.492470049999994],[-88.4202152,18.49064346],[-88.423356,18.487277429999995],[-88.42799222,18.48523674],[-88.43018794,18.484888689999988],[-88.43109852,18.48512774],[-88.43244628,18.48501752],[-88.43331568,18.484536309999996],[-88.43481891,18.482819749999994],[-88.43576822,18.48232071],[-88.43963485,18.48146466],[-88.44104945,18.48161429],[-88.44248928,18.48140142],[-88.44342478,18.48025422],[-88.44423645,18.478339430000002],[-88.44571078,18.476201259999996],[-88.4471414,18.475591569999995],[-88.44805225,18.47641565],[-88.45032535,18.47935126],[-88.45078675,18.480362339999992],[-88.45242977,18.48216509],[-88.45333971,18.487437349999997],[-88.45422832,18.488514649999995],[-88.45481508,18.488855889999996],[-88.45839545,18.489602970000004],[-88.46186908,18.488626450000005],[-88.46428728,18.48702025],[-88.46507008000002,18.487023079999997],[-88.46656755,18.488219539999996],[-88.46774457,18.490222320000004],[-88.46947929,18.49026894],[-88.47174589,18.489550339999997],[-88.47265432,18.489896769999998],[-88.47322189,18.49084759999999],[-88.47432917,18.49450542],[-88.47642314,18.494674369999995],[-88.47830706,18.493909370000004],[-88.47937455,18.492767199999992],[-88.48051592,18.492226059999993],[-88.48716577,18.48492154],[-88.488709,18.484258539999995],[-88.49087437,18.48438386],[-88.49181948,18.48380838],[-88.49381285,18.48136602],[-88.49510154,18.47855971],[-88.49643291,18.47711311],[-88.50421723,18.472263769999994],[-88.50471717,18.47171722],[-88.50818608,18.469996819999995],[-88.51028391,18.46776252],[-88.51197989,18.466758910000003],[-88.51380783,18.46488474],[-88.51633478,18.464174549999996],[-88.51761409,18.46346522],[-88.52058737,18.459250020000002],[-88.52159862,18.456474629999995],[-88.52262855000001,18.44968492],[-88.52324098,18.448666979999995],[-88.52381243,18.445585089999998],[-88.5250474,18.441770149999996],[-88.52794308,18.43536094],[-88.52816188,18.427728779999995],[-88.5286382,18.42597068],[-88.52928612,18.41965075],[-88.53193528,18.408221629999996],[-88.53582142,18.40140615],[-88.54040546000002,18.395673339999995],[-88.54138451,18.393859660000004],[-88.54292997,18.393319650000002],[-88.54519982,18.391207339999998],[-88.54626814,18.3880212],[-88.54672406,18.384611019999998],[-88.54738717,18.382412739999996],[-88.5501674,18.3793936],[-88.55163751,18.37614815],[-88.55185235,18.37515966],[-88.55129932000001,18.37324825],[-88.54878252000002,18.37035775],[-88.54665603,18.369320419999998],[-88.54587451,18.36839522],[-88.54494991,18.36575818],[-88.54499275,18.364369319999998],[-88.54403806,18.36260185],[-88.54438475,18.360024449999997],[-88.54538811,18.358996919999996],[-88.54720586,18.355623379999994],[-88.54892452,18.35381208],[-88.55155314,18.351721060000006],[-88.55579089,18.34547138],[-88.55937629,18.342059230000004],[-88.56164215,18.33776337],[-88.56446605,18.334077999999995],[-88.56548206,18.333657259999995],[-88.56838948,18.3312986],[-88.57067498,18.328653649999996],[-88.57195368,18.32630915],[-88.57275362,18.32321451],[-88.57399502,18.322661580000002],[-88.57526618,18.320224709999998],[-88.57612243,18.319785659999994],[-88.57724677,18.320562450000004],[-88.57838738,18.320688910000005],[-88.57883592,18.320413400000003],[-88.5792064,18.3190642],[-88.58065037,18.317029719999997],[-88.58337049,18.314450349999998],[-88.58517008000001,18.313329199999995],[-88.58765349,18.30963278],[-88.5934268,18.304056429999996],[-88.59530171,18.30162157],[-88.59629212,18.300911170000003],[-88.59835408,18.296950140000007],[-88.60112423,18.29638234],[-88.60208862,18.2958296],[-88.6058316,18.291741049999995],[-88.6056138,18.290798770000002],[-88.60500372,18.290604170000005],[-88.604403,18.291448490000004],[-88.60328954,18.29176629],[-88.6022538,18.290735939999994],[-88.60073038,18.290439999999993],[-88.59872278,18.291237459999998],[-88.59813155000002,18.29102452],[-88.59745829,18.290158650000002],[-88.59725372,18.28887842],[-88.59861385,18.286500380000003],[-88.6009842,18.279282279999997],[-88.60081672000001,18.27837183],[-88.59997168,18.276825380000002],[-88.59997446,18.275204320000004],[-88.60073965,18.273244079999998],[-88.60269386,18.27045848],[-88.60233785,18.26826628],[-88.60334517,18.26654814],[-88.60464091,18.265518050000004],[-88.60593168,18.265066519999998],[-88.6063888,18.264387050000003],[-88.60631285,18.2615034],[-88.60555583,18.259176850000003],[-88.60383138,18.257447289999998],[-88.60401829000001,18.257128630000004],[-88.60557749,18.256478709999996],[-88.60546506,18.25216151],[-88.60320435,18.25116006],[-88.60310426,18.25059466],[-88.60416263,18.249566550000004],[-88.60435828000001,18.247617059999996],[-88.60658189,18.245575859999995],[-88.60643285,18.245026799999994],[-88.60608929,18.244857689999996],[-88.6042934,18.24530263],[-88.60412951,18.24509763],[-88.60442062,18.241518179999996],[-88.60541825,18.24039202999999],[-88.60841148,18.238267399999998],[-88.60885348,18.23732628],[-88.60945306,18.233993340000005],[-88.61014875,18.2333376],[-88.61231902000002,18.23243949],[-88.61246242,18.23208835],[-88.61191558,18.230012939999998],[-88.61386674,18.228513600000003],[-88.61397846,18.226231249999998],[-88.61417211,18.22563391],[-88.61479243000001,18.22523577],[-88.6155444,18.22327809],[-88.61645882,18.22304225],[-88.61718131,18.22364452],[-88.61886834,18.223744350000004],[-88.61931595,18.223334999999995],[-88.62107828000002,18.222965220000003],[-88.62258074,18.221773769999995],[-88.62414411,18.2213672],[-88.62455115,18.220882139999997],[-88.6248566,18.21946],[-88.62580522,18.21867882],[-88.62900742,18.218968489999998],[-88.63070414,18.21714271],[-88.63166989,18.216779599999995],[-88.63232395,18.215734739999995],[-88.63164435,18.214037369999996],[-88.63237746,18.212928459999997],[-88.6356292,18.21426958],[-88.63699457,18.21405514],[-88.63825977,18.21511145],[-88.6396474,18.21523969],[-88.64070365,18.21667658],[-88.64164983,18.216371019999997],[-88.64325208,18.21479477],[-88.64503866,18.212372229999996],[-88.64838548,18.209565969999996],[-88.65260002,18.20790446],[-88.65824742000001,18.20372289],[-88.66299758,18.20353683],[-88.66657031,18.20273149],[-88.66887314,18.199867879999992],[-88.67015866,18.19701334],[-88.67188097,18.195233649999995],[-88.67349455,18.194229719999996],[-88.67938063,18.194312580000002],[-88.68080234,18.19468388],[-88.68668223,18.19469597999999],[-88.68732562,18.194349650000003],[-88.68992998,18.190867049999998],[-88.69433151,18.18686992],[-88.69476145,18.18582408],[-88.69662108,18.183191109999996],[-88.69756392,18.18241858],[-88.69773422,18.181094919999992],[-88.69732303,18.180227049999996],[-88.69589165,18.179127380000004],[-88.69496255,18.178865939999998],[-88.69153411,18.17888666],[-88.68749557,18.178290180000005],[-88.68522892,18.178284649999995],[-88.68439022,18.177805889999995],[-88.68474498000002,18.176616720000002],[-88.68406211,18.171868369999995],[-88.68315555,18.1685794],[-88.68330169,18.16684763],[-88.68156732,18.164179540000003],[-88.68008677,18.162520290000003],[-88.68008882,18.160184889999996],[-88.68042265,18.159514449999996],[-88.68129152,18.158904119999995],[-88.68633646,18.155898279999995],[-88.68788455,18.156118060000004],[-88.68922418,18.155814689999993],[-88.69011129,18.15499029],[-88.69140877,18.15166217],[-88.692921801,18.14946628],[-88.69519960000001,18.14820682],[-88.69598617,18.14690765],[-88.69665574,18.144626850000005],[-88.69848572,18.142452509999995],[-88.69859411000002,18.140653690000004],[-88.69940337,18.13809945],[-88.70014797,18.137276260000004],[-88.701975,18.13635737],[-88.70358695,18.13478766],[-88.70497485,18.132708830000002],[-88.7060768,18.12888814],[-88.70844814,18.125781109999995],[-88.70950783,18.12390514],[-88.70972134,18.12285331],[-88.70934309,18.121097139999993],[-88.70934569,18.1192694],[-88.71071958,18.11624348],[-88.71375222,18.11424422],[-88.71729465,18.110903279999995],[-88.71745435000001,18.110189949999995],[-88.71860802,18.108829379999996],[-88.71880535,18.108282630000005],[-88.71852222,18.10782491999999],[-88.71637985,18.10635426],[-88.71470371,18.106574569999996],[-88.71425228,18.10574289],[-88.71207982,18.104121999999997],[-88.71031300000001,18.096960509999995],[-88.71062792,18.096247779999995],[-88.71137152,18.095865749999998],[-88.71465751,18.09512209],[-88.71573811,18.094228379999997],[-88.71692208,18.09063957],[-88.71866072,18.088195919999997],[-88.71757817,18.086279829999995],[-88.71764391,18.085704919999998],[-88.71959486,18.083881230000003],[-88.71921106,18.08110417],[-88.71867658,18.080842460000003],[-88.71669257,18.081296079999994],[-88.71575378,18.08113483],[-88.71540822,18.080762449999998],[-88.71514391,18.077187709999997],[-88.71486997,18.076366549999996],[-88.71389797000002,18.075449819999996],[-88.71377308,18.07432455],[-88.71415568,18.073291709999996],[-88.71517437,18.072556],[-88.71628572,18.07187354],[-88.71860728000001,18.07235568],[-88.71914892,18.071981369999996],[-88.71902778,18.067252420000003],[-88.71839432,18.06601932],[-88.71828732,18.06413089],[-88.71635158,18.06162086],[-88.71668662,18.06052631],[-88.72029891,18.059549579999995],[-88.72477725,18.054464709999998],[-88.72709442,18.05314814999999],[-88.73148329,18.04957212],[-88.73740505,18.047945659999993],[-88.73961052,18.04816811],[-88.74042971,18.04748142],[-88.74031592,18.044331890000002],[-88.74075134,18.04370863],[-88.74293358000001,18.04414926],[-88.74380506,18.043923419999995],[-88.7459766,18.042503739999994],[-88.74742271,18.04020169],[-88.74813243,18.04026795],[-88.74895582,18.040911279999996],[-88.74955171,18.04099068],[-88.75048035,18.040146620000005],[-88.75197303,18.03999992],[-88.75422135,18.038108749999996],[-88.75691342,18.037853200000004],[-88.75724977,18.03602137],[-88.75803085,18.035608820000004],[-88.75975982,18.035771909999998],[-88.76088511,18.034682939999996],[-88.76153272,18.034493059999996],[-88.76345523,18.035014480000005],[-88.76559577,18.034779369999995],[-88.76665174,18.03429823],[-88.76688208,18.03371609],[-88.77077848,18.02917745],[-88.77074509,18.02843343],[-88.77029586,18.027643599999994],[-88.76919154,18.02623948],[-88.76894998,18.025447740000004],[-88.76800662,18.02456317],[-88.76825643,18.023583419999998],[-88.76767418,18.019867109999993],[-88.76792486,18.01897292],[-88.76879845,18.018071739999993],[-88.76912795,18.017274779999994],[-88.76857929,18.01692134],[-88.76696708,18.01663834],[-88.76693492,18.016018350000003],[-88.76839212,18.01377207999999],[-88.76961826,18.013252249999997],[-88.77152977,18.013080819999995],[-88.77280218,18.01205605],[-88.77309280000001,18.00988174],[-88.77320285,18.00792068],[-88.77299094,18.007476019999995],[-88.77024506,18.00777406],[-88.76980226,18.00757963],[-88.7698462,18.00678528],[-88.7717082,18.00627203],[-88.77305468,18.005241739999995],[-88.77772145,18.004615080000004],[-88.77733451,18.002786310000005],[-88.77771309,18.002481139999993],[-88.77975523,18.002136379999996],[-88.78308503,18.00021343],[-88.78439183,17.997985079999996],[-88.78441028,17.995859549999995],[-88.78719958,17.993575139999997],[-88.78849562,17.99303748],[-88.78840838,17.99210323],[-88.78772303,17.99137638],[-88.78792232,17.990195090000004],[-88.7877022,17.989641219999996],[-88.78714923,17.989585919999996],[-88.78624662,17.990515149999993],[-88.78579103000001,17.990529980000005],[-88.78563042,17.990032049999993],[-88.78623571,17.98832708999999],[-88.78546697,17.987162059999996],[-88.78497509,17.987125880000004],[-88.78404615000001,17.988480629999998],[-88.78330183,17.988519349999997],[-88.78313254,17.988265890000005],[-88.78329286,17.987626889999998],[-88.78481282,17.986242179999998],[-88.78511258,17.985235049999993],[-88.7842864,17.984870749999995],[-88.78305842000002,17.985445219999992],[-88.78204777000002,17.98552889],[-88.78153206,17.98508735],[-88.78178214000002,17.98453252],[-88.78300295000001,17.984351289999996],[-88.78467785,17.9829014],[-88.78489315,17.982053890000003],[-88.78434772,17.980905910000004],[-88.78445535,17.979860830000003],[-88.78549805,17.979076139999993],[-88.78640808,17.97894668],[-88.78676622,17.979318829999997],[-88.78713769,17.98111858],[-88.78757194,17.981406659999998],[-88.78877732,17.98096789],[-88.79173337,17.976985710000005],[-88.79155077,17.975826819999998],[-88.79073409,17.97516822],[-88.79058925,17.97443257],[-88.79084475,17.973630509999996],[-88.79207438,17.97183895],[-88.79254794,17.971560279999995],[-88.79306274,17.97161244999999],[-88.79322478,17.972112969999994],[-88.79281931,17.973239780000004],[-88.79303075,17.974005769999998],[-88.79596712,17.97433663],[-88.79626645,17.97373723],[-88.79578671,17.97255858],[-88.79588185,17.971625739999997],[-88.79681663,17.971212539999996],[-88.79860398,17.971043859999998],[-88.79923674,17.97059369],[-88.80001765,17.96824071],[-88.80420551,17.96626271],[-88.80460674,17.96532806],[-88.80452806,17.964133139999998],[-88.80501032,17.963573819999997],[-88.80635315,17.963430659999997],[-88.80656029,17.962908259999995],[-88.80630223,17.962415819999997],[-88.80483255,17.96225989],[-88.80473857,17.96172788000001],[-88.80506122,17.961095110000002],[-88.80615665000002,17.960539939999997],[-88.807054019,17.958915149999992],[-88.81026088,17.954813879999996],[-88.81165086,17.95384106],[-88.81399111,17.952967679999997],[-88.8142862,17.95161552],[-88.81517132,17.950299280000003],[-88.81638998,17.949428029999993],[-88.82129032,17.94937197],[-88.82311611,17.947507969999997],[-88.82589855,17.946682520000003],[-88.82841295,17.947524849999994],[-88.82985754,17.948740889999996],[-88.83054245,17.94877109],[-88.83061123,17.94825645],[-88.82980598,17.94703374999999],[-88.83005335000001,17.946401549999997],[-88.83084305,17.946077119999998],[-88.83259375,17.946027279999996],[-88.83379843,17.945232380000004],[-88.83417338,17.943260679999998],[-88.83371755,17.941928279999996],[-88.83499409,17.94120595],[-88.83798665,17.94022229],[-88.8394124,17.94002091],[-88.8442656,17.94026934999999],[-88.84454958,17.939982879999995],[-88.84449646,17.939470739999997],[-88.84353895,17.938445369999997],[-88.84348743,17.937883649999993],[-88.84391111,17.93743488999999],[-88.84740012,17.937005219999996],[-88.84940062,17.93430695],[-88.85002846,17.93387472],[-88.85220851,17.93347705],[-88.85543474,17.92855875],[-88.85560388,17.92615815],[-88.85713651,17.92525666],[-88.85843877,17.92563134],[-88.8594348,17.92519106],[-88.85941908,17.924716849999996],[-88.85902823,17.924462779999995],[-88.85770288,17.92455795],[-88.85739817,17.924292750000003],[-88.85743669,17.923848949999993],[-88.85811242,17.9235022],[-88.85803854000001,17.92268462],[-88.85712563,17.922002419999995],[-88.85599175,17.921927379999996],[-88.85599229,17.92131297],[-88.85651968,17.920849880000002],[-88.85496565,17.92013128],[-88.85503206,17.91978751],[-88.85639266,17.918939230000003],[-88.85651755000002,17.91850494],[-88.85500931,17.91760154],[-88.85549366,17.91642668],[-88.85548238,17.915343999999997],[-88.85416486,17.910074629999997],[-88.85470694,17.908269150000002],[-88.85415163,17.907748519999995],[-88.85524145,17.90678942],[-88.8549458,17.90423948],[-88.85635091,17.90317805],[-88.85784458,17.90329312],[-88.858274179,17.902750800000003],[-88.85830077,17.90193669],[-88.86041885,17.900841169999996],[-88.86025228,17.899988179999998],[-88.85988148,17.899710219999996],[-88.85790808,17.89998042],[-88.85779135,17.89977518],[-88.85905808,17.89725966],[-88.85976617,17.89446135],[-88.86115922,17.893985549999996],[-88.86350926,17.89425603],[-88.86527334,17.894792829999997],[-88.86586349,17.89594337],[-88.86661252,17.89617971],[-88.86880586,17.89485949],[-88.87223626,17.894473739999995],[-88.87296315,17.894627599999996],[-88.87391911,17.895573520000003],[-88.87507002,17.896065119999996],[-88.87562569,17.895929079999995],[-88.87763312,17.89439106],[-88.87842405,17.89463477],[-88.88066917,17.896221709999992],[-88.88194608,17.89631557],[-88.88238455,17.89602982],[-88.88294372,17.89622548],[-88.88362965,17.89747557],[-88.88372475,17.898520229999995],[-88.8826212,17.900606969999995],[-88.88517434,17.900698309999996],[-88.88559125,17.90108942],[-88.88517528,17.90188385],[-88.88538406,17.90252],[-88.88633875,17.90272354],[-88.88727722,17.903819369999994],[-88.88694691,17.905615879999996],[-88.88638311,17.906350819999997],[-88.88544002,17.906555029999996],[-88.88535694,17.907561659999995],[-88.88598543,17.90778325],[-88.88797643,17.90713791],[-88.89043574,17.90690495],[-88.89331543,17.90745455],[-88.89439102,17.90625829],[-88.89510655,17.90598245],[-88.89625338000002,17.90612065],[-88.89959605,17.908534150000005],[-88.90207546000002,17.909625289999997],[-88.90303355,17.91061177],[-88.90390698,17.91315638],[-88.90594302,17.91549862],[-88.90658192,17.91585711],[-88.90788282,17.91549658],[-88.90929592,17.9142804],[-88.90963706,17.913517179999996],[-88.90956588,17.91249626],[-88.90993865,17.91202488],[-88.91139329,17.911463519999995],[-88.91277648,17.91038322],[-88.91368211,17.91059455],[-88.91364095,17.91210297],[-88.91311731,17.91414175],[-88.91363634,17.9149802],[-88.91434378,17.915233749999995],[-88.91542888,17.91656897],[-88.91616242,17.91686571],[-88.91856371,17.91574788],[-88.92046158,17.915811179999995],[-88.92088798,17.91643505],[-88.92101086,17.918254139999995],[-88.92286228,17.920823940000002],[-88.92389897000001,17.923543339999995],[-88.92431782,17.92626222],[-88.92694686,17.929747460000005],[-88.92773255,17.93014346],[-88.93220405,17.930585059999995],[-88.93374068,17.931280420000004],[-88.93403172,17.931763829999998],[-88.93394766,17.93279809],[-88.93296957,17.933385290000004],[-88.93138162,17.933654149999995],[-88.93069977,17.93492754],[-88.93115472,17.939285219999995],[-88.93058365,17.940355879999995],[-88.93047571,17.941390429999995],[-88.93131554,17.94286408],[-88.93189252,17.943245350000005],[-88.93289502,17.94330332],[-88.93464306,17.942066430000004],[-88.93522774,17.94080168],[-88.93600662,17.939936649999996],[-88.93720615,17.93996058],[-88.93796303,17.940634539999998],[-88.93876206,17.94173851],[-88.93871922,17.94286963],[-88.93737548,17.94519566],[-88.93736643,17.946420820000004],[-88.93974535,17.949545940000004],[-88.94186052,17.95058903],[-88.94426129,17.950660339999995],[-88.94527211,17.95274048],[-88.94493769,17.956438230000003],[-88.94405665,17.958132849999995],[-88.94477968,17.95912992],[-88.94583257,17.959442199999998],[-88.94757274,17.958914579999995],[-88.9486506,17.958233779999997],[-88.94998958,17.95609725],[-88.95091117,17.956638949999995],[-88.95382118,17.95462871999999],[-88.95468825,17.95508629],[-88.95440182,17.956308679999996],[-88.95500655,17.95676888],[-88.95691706,17.95667794],[-88.95696335,17.955138019999996],[-88.95907925,17.952208549999998],[-88.95976585,17.951716949999998],[-88.96542738,17.95419455],[-88.96610745,17.954253449999996],[-88.96755148,17.95418126],[-88.96920272,17.95257262999999],[-88.97043822,17.952452509999997],[-88.97108966,17.953345449999997],[-88.97302717,17.95336122],[-88.97376329,17.954326910000002],[-88.97369383,17.95576203],[-88.97391986,17.95619335],[-88.97458265,17.95624417],[-88.97538797,17.955191679999995],[-88.97574082,17.955212739999997],[-88.975776751,17.95612512],[-88.97601889,17.956246019999988],[-88.97855808,17.956077519999997],[-88.97927223000002,17.955431629999996],[-88.97983055,17.95536837],[-88.98034366,17.955516350000003],[-88.98113185,17.95755135],[-88.98227189,17.95798375],[-88.98325231,17.957981949999994],[-88.98506208,17.95646852],[-88.98561606,17.95440354],[-88.98539243,17.95358838],[-88.98558075,17.95273949],[-88.98520566,17.95154798],[-88.98627865,17.947983169999997],[-88.98591878,17.94747034],[-88.98722386,17.94728431],[-88.98722666,17.94830391],[-88.98828546,17.948411450000002],[-88.98949808,17.95004495],[-88.99127698,17.951692379999997],[-88.99181643,17.952789799999998],[-88.99152792,17.954086949999997],[-88.99240235,17.954480820000004],[-88.99362986,17.955931179999997],[-88.99371971,17.957854460000004],[-88.99296686,17.95971983],[-88.9953314,17.96268775],[-88.99667602,17.96541028],[-88.99962109,17.967473830000003],[-88.998134,17.970203979999997],[-88.99791574,17.97091948],[-88.99815878,17.971662259999995],[-88.99928682,17.972225999999996],[-89.00130143,17.97209395],[-89.00398875,17.97248554],[-89.00362903000001,17.974035939999997],[-89.00411314,17.97525295],[-89.0038262,17.97582491],[-89.00313592,17.976358],[-89.0001178,17.97729318],[-89.00016717,17.9789428],[-88.99885368,17.97992515],[-88.99951068,17.980722319999998],[-89.00049042,17.98106868],[-88.99962745,17.981943509999997],[-88.99984497,17.98273218],[-89.00119231,17.982828249999997],[-89.00115043,17.98364734],[-89.00050498,17.98400269],[-89.00062069,17.98442906],[-89.00642612,17.987800690000004],[-89.00809094,17.988417060000003],[-89.00955183,17.98801605],[-89.01099246,17.98877028],[-89.01264368,17.99016465],[-89.0143768,17.989697219999993],[-89.01516182,17.989898479999997],[-89.01751923,17.99177578],[-89.02156838,17.99273682],[-89.02535062,17.99628763],[-89.02861032,17.99730662],[-89.02911494,17.999460740000004],[-89.02896917,18.000819340000003],[-89.02814180000001,18.00188066],[-89.02854315,18.00258195],[-89.03012652,18.00345902],[-89.03065869,18.002700919999995],[-89.03143989,18.002222419999995],[-89.03193903,18.00287565],[-89.03332148,18.00337852],[-89.03503025,18.00232588],[-89.03586545,18.002270079999995],[-89.03695131,18.002634939999993],[-89.03686271,18.003482460000004],[-89.03603128,18.00386745],[-89.03618794,18.00466535],[-89.03752071,18.00512169],[-89.03981832,18.003968749999995],[-89.04172966,18.00343129],[-89.04251948,18.003705169999993],[-89.04355023,18.003553219999993],[-89.04480566,18.001564629999997],[-89.04830515,18.00066825],[-89.0491896,18.00004818],[-89.04916817,17.999233139999998],[-89.05046728000002,17.99963868],[-89.05123326,18.000201509999997],[-89.05226388,18.0001906],[-89.05271148,17.99845483],[-89.05553915,17.99257825999999],[-89.05859769,17.990307489999996],[-89.06165154,17.990402939999996],[-89.06348897000001,17.991021519999997],[-89.06736065,17.9908468],[-89.07046045,17.99257002],[-89.07635292,17.99381829],[-89.08016648,17.992722690000004],[-89.08151409,17.991729820000003],[-89.0850602,17.990417680000004],[-89.08686248,17.988771600000003],[-89.09035962,17.987435030000004],[-89.09480018,17.984404510000005],[-89.09542009,17.982555799999997],[-89.09605365,17.98186411],[-89.09787312,17.98127768],[-89.10132975,17.981333660000004],[-89.1019516,17.980989629999996],[-89.10285975,17.980217799999995],[-89.10337274,17.979173079999992],[-89.10311128,17.977850619999998],[-89.10403323,17.977726379999996],[-89.10423914,17.97715405],[-89.10501103,17.97718952],[-89.10539082,17.97624775],[-89.10659757,17.976277049999997],[-89.10650878000001,17.975829199999996],[-89.10576482,17.975667479999988],[-89.1056008,17.975253249999998],[-89.10653226,17.975088029999995],[-89.10716734,17.975702659999996],[-89.10773005,17.975280999999992],[-89.10763452,17.97470535],[-89.10676765,17.97490983],[-89.10695845,17.97379682],[-89.10934223000001,17.972068089999997],[-89.11100068,17.96999549],[-89.11159218,17.96976008],[-89.11443868,17.970432970000005],[-89.11512554,17.97000992],[-89.11567542,17.968816419999996],[-89.11669405,17.96886221999999],[-89.11837589,17.9698894],[-89.11932818,17.971510919999997],[-89.11994582,17.971979079999997],[-89.12064811,17.97210709],[-89.12170378,17.971817800000004],[-89.1224086,17.972157800000005],[-89.12291105,17.97263569],[-89.12346491,17.97494734],[-89.124214,17.97527835],[-89.12700095000001,17.97393332],[-89.12813098000001,17.974012939999994],[-89.12941757,17.973303420000004],[-89.13036615,17.973259079999995],[-89.1308192,17.97230926],[-89.13164537,17.97241043],[-89.13270526,17.972034120000004],[-89.13296269,17.971310459999998],[-89.13396755,17.971218290000003],[-89.13387278,17.96948034],[-89.13268272,17.96861994],[-89.13284403,17.96650194],[-89.13372295,17.964197399999996],[-89.13381591,17.961604859999994],[-89.133459171,17.96084475],[-89.13363912,17.960399479999996],[-89.13519951,17.959904780000002],[-89.13560032,17.95951008999999],[-89.13574371,17.956847599999996],[-89.13621085,17.95543992],[-89.13744066,17.95409117],[-89.13943703,17.953704689999995],[-89.14497091,17.95107109],[-89.14576863,17.94610771],[-89.14699911,17.944711749999996],[-89.14812226,17.942370909999998],[-89.15002405000001,17.942070020000006],[-89.15156275000001,17.941386229999992],[-89.15195663,17.94025690999999],[-89.15217009,17.95360998],[-89.19057385,17.95375838],[-89.20587205,17.95409972],[-89.20713695,17.973362259999995],[-89.20741428,17.9926486],[-89.20731086,18.007445369999996],[-89.20673894,18.02107995],[-89.16300383,18.018517309999996],[-89.16336069,18.057885119999998],[-89.14475354,18.057699080000003],[-89.14438286,18.082442940000004],[-89.20245778,18.08327622],[-89.20023665,18.144629340000005],[-89.14306597,18.1458196],[-89.14287263000001,18.224163830000002],[-89.15805868,18.22132698],[-89.15167366000001,18.29356263],[-89.13235954,18.29340265],[-89.13821406,18.385543890000005],[-89.1212292,18.385849629999992],[-89.12488705,18.44449363],[-89.12549018,18.450625419999994],[-89.15023782,18.4510594],[-89.14962074,18.549610889999997],[-89.15133263,18.70127085],[-89.15131363000002,18.72402126],[-89.15211512,18.73573074],[-89.15300211,18.740976829999994],[-89.15574225,18.75311475000001],[-89.14438185,18.755918739999995],[-89.14493838,18.79962695],[-89.14557306,18.808794619999997],[-89.14860155,18.877307059999996],[-89.14712175,18.995045579999996],[-89.13581978,19.132372659999998],[-89.14695143,19.13315666],[-89.14666685,19.42386165],[-89.29656182,19.55117408999999],[-89.21955657,19.608022250000005],[-89.22286874,19.63665697],[-89.19024963,19.633317739999992],[-89.18920314,19.644005939999996],[-89.14486169,19.637398719999997],[-89.14952065,19.581249339999996],[-89.10902446,19.582349379999997],[-89.10839168,19.612338489999992],[-89.1336406,19.614632029999996],[-89.12339852,19.703424150000004],[-89.07421269,19.694194109999998],[-89.0760306,19.685432549999998],[-89.03620046,19.678039519999995],[-89.03052363,19.708831749999998],[-88.99752938,19.70488389],[-88.99474128,19.727439599999993],[-88.99662238,19.72677952],[-89.01538534,19.72297338],[-89.01695185,19.72638671],[-89.04882706,19.721493319999997],[-89.02516298,19.776709680000003],[-89.00408743,19.7720074],[-88.99946797,19.797994379999995],[-88.98440498,19.79816026],[-88.98474657,19.79986169],[-88.98443915,19.80520514],[-88.97610851,19.81076583],[-88.97445177,19.818100829999995],[-88.95638672,19.81682355],[-88.9580768,19.810466539999997],[-88.94385214,19.813442779999995],[-88.94543375,19.79194632],[-88.92951246,19.790948549999996],[-88.92029414,19.803973909999996],[-88.91110397,19.800937579999996],[-88.90973094,19.813587709999997],[-88.90820975000001,19.820661089999998],[-88.90506589,19.826703519999995],[-88.90348111,19.831046229999995],[-88.90253323,19.83214472],[-88.89972486,19.83334688],[-88.89758543,19.83686254],[-88.89881165,19.851662600000004],[-88.90048802,19.861114020000002],[-88.89042158,19.858544539999997],[-88.89056857,19.86096862],[-88.87912483,19.862393230000002],[-88.88019154,19.878124879999998],[-88.86995146,19.87825649],[-88.86641817,19.87805484999999],[-88.86264832,19.87845114],[-88.85422771,19.878482510000005],[-88.833043,19.878227109999997],[-88.83213943,19.881606059999992],[-88.82592634,19.87992557999999],[-88.82041405000001,19.890473150000002],[-88.82982472000002,19.89855445],[-88.82736545,19.904487689999996],[-88.82943672,19.9060146],[-88.82728274,19.910920369999996],[-88.82315249,19.90814914],[-88.82442542,19.90476291],[-88.822734,19.904143679999997],[-88.82016591,19.905558509999995],[-88.81788148,19.904065179999996],[-88.81716074,19.90494315],[-88.81650329,19.90447352],[-88.8161428,19.91549903],[-88.81333318,19.91828282],[-88.81258438,19.925555029999998],[-88.80974486,19.92599093999999],[-88.80985098,19.926989859999996],[-88.80888834,19.934121310000002],[-88.81141817,19.93524222],[-88.81017622,19.944946679999994],[-88.80604075,19.944568649999997],[-88.80563951,19.953830740000004],[-88.79837765,19.952523019999997],[-88.79875598,19.97049388],[-88.79802238,19.974930080000004],[-88.7907708,19.97202018],[-88.79047988,19.99213351],[-88.78921226,19.99556822],[-88.78441571,19.99523963],[-88.78350258,20.00818018],[-88.77118054,20.00767038],[-88.77146565,20.013463229999996],[-88.7576976,20.012191919999996],[-88.75777328000001,20.013936220000005],[-88.74247208,20.01508735],[-88.74261535,20.008582779999994],[-88.73624557,20.00966131],[-88.73234814,20.0140662],[-88.73581072000002,20.01598755],[-88.73597891,20.017576549999994],[-88.72657,20.01476895],[-88.72278249,20.01319974999999],[-88.72377755,20.005499169999993],[-88.7221482,20.00512406],[-88.71843477,20.01032125],[-88.71304143,20.009163449999996],[-88.71252358000001,20.01229558],[-88.70017617,20.01035672],[-88.69475254,20.030035659999996],[-88.69179629,20.02921342],[-88.68489183,20.077414319999995],[-88.69080211,20.077029570000004],[-88.69060891,20.089856119999993],[-88.6398664,20.120356059999995],[-88.61917315,20.11717154],[-88.61862357,20.127769149999995],[-88.62093869,20.130431740000002],[-88.62080846,20.131803550000004],[-88.61638363,20.134460819999997],[-88.61277255,20.13429748],[-88.61270595,20.13312505],[-88.58797352,20.131451200000004],[-88.58767566000002,20.140469679999995],[-88.57815046,20.139174279999995],[-88.57668155,20.14807831],[-88.5076212,20.143391089999998],[-88.50234525,20.19007795],[-88.519929952,20.192328032999995],[-88.443426183,20.238149783999997],[-88.415113804,20.232970453999997],[-88.409122403,20.239728144],[-88.402892004,20.239488884],[-88.405194144,20.246145053999996],[-88.409127743,20.252097323],[-88.40097337000002,20.25176751],[-88.3954042,20.253543449999995],[-88.37637078,20.257024309999995],[-88.37080702,20.25778968],[-88.35660149,20.258313509999994],[-88.35190337,20.259023059999997],[-88.30878843,20.253510029999997],[-88.27296138,20.269931279999998],[-88.26681495,20.26912032],[-88.2646342,20.290342029999994],[-88.23266948,20.29017891],[-88.232705169,20.28699845],[-88.167162449,20.285418050999997],[-88.1364896,20.281371779999997],[-88.047306601,20.366308721000003],[-88.04753328,20.378818171],[-88.034030061,20.37894009],[-87.992960031,20.417992919999996],[-87.992958111,20.42406771],[-87.995065451,20.447316431000004],[-87.96274205,20.44670603],[-87.74425948,20.653787090999998],[-87.53314528,20.99960213999999],[-87.53491291,21.49022245],[-87.53086591,21.490148829999995],[-87.51640868,21.48846531],[-87.51351126,21.488646139999997],[-87.512395615,21.488078125999998],[-87.507483433,21.487499197],[-87.502841942,21.486011415],[-87.4962522,21.485490059999993],[-87.49312605,21.485688029999995],[-87.48833323,21.485183139999997],[-87.48598769,21.483657169999997],[-87.48568603,21.481230880000002],[-87.4858058,21.47828338],[-87.48550503,21.474977519999996],[-87.48592064,21.474787593],[-87.486535253,21.472732737999998],[-87.486858767,21.472614678999996],[-87.48654963,21.470444540000003],[-87.48719937,21.468886399999995],[-87.48686358,21.467006059999996],[-87.48635271,21.466508050000005],[-87.48658218,21.46525537],[-87.48511283,21.463136539999997],[-87.48362986,21.46204585],[-87.48208097,21.461401820000003],[-87.48031151,21.459800630000004],[-87.47773545,21.45843978],[-87.47324382000001,21.45722588],[-87.46952414,21.456626310000004],[-87.46745726,21.456773629999997],[-87.46639958,21.45715402],[-87.46513826,21.45692163],[-87.46418083,21.45711302],[-87.46251882,21.457730950000002],[-87.46211766,21.458439769999995],[-87.4616328,21.45852465999999],[-87.46081008,21.459528509999995],[-87.459249,21.46019332],[-87.45834668000002,21.461894260000008],[-87.45794345,21.461942539999992],[-87.45754195,21.46255698],[-87.45527386,21.462893430000005],[-87.45522506,21.46341254],[-87.44988406,21.464748029999992],[-87.44469109,21.465045],[-87.44343289,21.465850400000004],[-87.44202182,21.46613722],[-87.44141842,21.466704969999995],[-87.43955475,21.467417569999995],[-87.43764292,21.46888517],[-87.43108645,21.46857194],[-87.42881598,21.468153149999992],[-87.42689606,21.466884199999996],[-87.42452426,21.466276909999998],[-87.42144188,21.464067229999998],[-87.42033157,21.463739749999995],[-87.41997751,21.46336322],[-87.41856492,21.46313085],[-87.41755414,21.462331319999997],[-87.41528449,21.46214824999999],[-87.41165114,21.46090946],[-87.40998714,21.46091355],[-87.40806694,21.459455679999994],[-87.40458405,21.458143080000003],[-87.40382769,21.458144909999998],[-87.40281663,21.45720374],[-87.39736912,21.45655625],[-87.39626795,21.4568916],[-87.3943952,21.45694072],[-87.39272946,21.456284119999996],[-87.39146938,21.45647578],[-87.39086345,21.456146939999996],[-87.38955255,21.456197179999997],[-87.38536462,21.455121719999998],[-87.38210875,21.455174719999995],[-87.3792122,21.45480552],[-87.37648563,21.45334909],[-87.37486886,21.452078860000004],[-87.37239546,21.45099923],[-87.37108383,21.449641709999998],[-87.369385,21.44877105],[-87.36578368,21.448371709999993],[-87.36522438000002,21.44783902],[-87.36270605,21.44757634],[-87.36093985,21.44696682],[-87.35978522,21.446806019999997],[-87.35963454,21.44704225],[-87.3571144,21.44733731],[-87.35544898,21.446768089999996],[-87.35439242,21.445967939999996],[-87.352771572,21.442782819],[-87.3526138,21.44191451],[-87.3518054,21.44120849],[-87.35129874,21.440171579999998],[-87.35134758,21.43951095],[-87.35054046,21.439323939999994],[-87.34942802,21.43795802],[-87.34836903,21.437865860000006],[-87.34750882,21.436546599999996],[-87.347432771,21.435546879999993],[-87.34710215,21.435132019999998],[-87.34518578,21.434900080000002],[-87.34437626,21.43367506],[-87.34392328,21.434006250000003],[-87.342688577,21.432808737],[-87.34165152,21.432689849999996],[-87.34109597,21.43226635],[-87.33877709,21.432365419999996],[-87.33837486,21.432838030000003],[-87.33751823,21.433028489999998],[-87.337619759,21.433924681],[-87.337400849,21.434314913],[-87.337443456,21.433075360999997],[-87.336683877,21.433707143999996],[-87.336951131,21.43470514399999],[-87.336436752,21.433846575999997],[-87.33535286,21.434117999999994],[-87.33434391,21.433836919999994],[-87.332223571,21.432567259999992],[-87.33111455,21.432616649999996],[-87.33076302,21.433230679999994],[-87.32955294,21.433185890000004],[-87.32904742,21.43257354],[-87.32738349,21.432482449999995],[-87.32678125,21.433710310000002],[-87.32632815,21.433994279999997],[-87.32416172,21.434659019999998],[-87.32365892,21.43527333999999],[-87.32139114,21.435702339999995],[-87.32073788,21.436694370000005],[-87.319775102,21.436965266],[-87.319672161,21.438914951999998],[-87.31933197,21.439339180000005],[-87.317415532,21.44044554],[-87.317272095,21.441093087000002],[-87.31575669,21.441374719999995],[-87.31545326,21.44095068],[-87.31404146,21.440906139999996],[-87.31116571,21.44001508],[-87.31045888,21.439544580000003],[-87.30940002,21.439499369999997],[-87.30884332,21.4385096],[-87.30702842,21.43856012],[-87.3069772,21.438182769999997],[-87.30637162,21.4379008],[-87.30606802,21.437382369999998],[-87.30526066,21.437053570999996],[-87.303783967,21.437056246000004],[-87.303498074,21.437329776],[-87.303214257,21.436727645],[-87.30183125,21.436540799999996],[-87.30127626,21.43545232],[-87.30062095000001,21.435500680000004],[-87.30026717,21.43507669],[-87.29673948,21.43579069],[-87.29638514,21.43508362],[-87.29567835,21.434613050000003],[-87.29537682,21.43508538],[-87.29416635000001,21.434851620000003],[-87.29315972000002,21.43570263000001],[-87.29326168,21.43626863],[-87.29376651000001,21.436597999999996],[-87.29391966,21.437541349999996],[-87.29382071,21.43848514],[-87.29341822,21.438910479999997],[-87.29342048,21.440042820000006],[-87.29271446000001,21.439949679999998],[-87.29251174,21.43943105],[-87.29165502,21.439621260000006],[-87.29054508,21.43924574],[-87.28988732,21.438067369999995],[-87.28807063000002,21.43722125],[-87.287874568,21.43795089],[-87.287462423,21.437505376999997],[-87.28600483,21.43788532],[-87.28564888,21.43632897],[-87.28484175,21.43609445],[-87.28438663,21.435387489999993],[-87.283429,21.435530659999998],[-87.28297452,21.435153979999995],[-87.28186537,21.43515586],[-87.28221692,21.434447549999998],[-87.28125974,21.434826619999996],[-87.28088554700001,21.434151826],[-87.28004886,21.43435683],[-87.27999942,21.434875909999988],[-87.27954586,21.434971020000003],[-87.27888938,21.434405949999995],[-87.27788212,21.43497378],[-87.27747683,21.43393649],[-87.27525765,21.433468339999997],[-87.273908817,21.432420373000003],[-87.27212977,21.43234112],[-87.27187921700002,21.433154580000004],[-87.272373366,21.434064296],[-87.272056108,21.434962485999996],[-87.27279254,21.436303230000004],[-87.27259168,21.43672818],[-87.27228915,21.43672868],[-87.27224015,21.437483629999996],[-87.27269538,21.438284969999994],[-87.27234343,21.438804540000003],[-87.27244557,21.439512079999997],[-87.27305245,21.44050189],[-87.27375917,21.440972539999997],[-87.273726708,21.441823048999996],[-87.274159831,21.442517908000003],[-87.27386432,21.443284219999995],[-87.27351122,21.44319043],[-87.27335837,21.442341449999997],[-87.27300517,21.44220048],[-87.27330611,21.441350719999992],[-87.27315406,21.44092635],[-87.27158934000002,21.43998528],[-87.26992617,21.440318229999995],[-87.26982369,21.43942195],[-87.270388385,21.438710770999993],[-87.271221197,21.438404414999997],[-87.271365406,21.437889929000004],[-87.271080291,21.43734398],[-87.271364206,21.437229560000002],[-87.270810739,21.436685254],[-87.270087978,21.436509769],[-87.269400909,21.436744741],[-87.269432139,21.435415513999992],[-87.268322359,21.435093335],[-87.267962584,21.43464219],[-87.268109287,21.434103483999998],[-87.267434049,21.434293056999998],[-87.26773225200002,21.435363642],[-87.2674476,21.43588722],[-87.266146188,21.435536998999996],[-87.266130994,21.435892953],[-87.26538146,21.436409489999996],[-87.265470694,21.436788224999994],[-87.26656822,21.437510987],[-87.265843855,21.437654106],[-87.26619275,21.43895597],[-87.26573934,21.439145419999996],[-87.26498212,21.438627629999992],[-87.26412511,21.43867615],[-87.26382211,21.43839355],[-87.263944527,21.436393829999997],[-87.264508575,21.436207523999997],[-87.264508207,21.43546726],[-87.26291078,21.436271849999997],[-87.26190228,21.436179080000002],[-87.26129938,21.437359520000005],[-87.2607958,21.43769057],[-87.26029172,21.43773855],[-87.2600382,21.43693686],[-87.25958488,21.437173479999995],[-87.25953545,21.43773972],[-87.25852718,21.43778846],[-87.25782035,21.437223379999995],[-87.25847295,21.435618219999995],[-87.25827003,21.434910830000003],[-87.25791712,21.43491137],[-87.25685995,21.435809429999996],[-87.25666028,21.436942079999994],[-87.25615528000002,21.43647105],[-87.256411836,21.43383093],[-87.25589792,21.433451859999995],[-87.25463771,21.433548140000003],[-87.2541342,21.433926350000004],[-87.254085,21.43463414],[-87.25340174,21.434886649999996],[-87.25232542,21.434311750000003],[-87.25010671,21.434079179999998],[-87.24929862,21.433231119999995],[-87.24909551000002,21.432382180000005],[-87.24748031,21.43125223],[-87.247123,21.430246320000002],[-87.24606631000002,21.429838879999995],[-87.24553474,21.42826423],[-87.24405535,21.42631443],[-87.24428,21.42545618],[-87.242793,21.425348199999995],[-87.24171162,21.425722969999992],[-87.24121185,21.42533125],[-87.24183425,21.42481908],[-87.24152638,21.42377803],[-87.24056938,21.42295577],[-87.24013365,21.424120139999996],[-87.23973058,21.42426226],[-87.23973143,21.424781249999995],[-87.23897585,21.425159769999997],[-87.23804311,21.42443562],[-87.23850043,21.42327078],[-87.23792952000001,21.422760370000002],[-87.23811338,21.42181115],[-87.23718675,21.421019969999996],[-87.23664842000001,21.41992598],[-87.23599237,21.419502290000004],[-87.2356912,21.420304779999995],[-87.23537695,21.419578459999993],[-87.23452963,21.418985349999996],[-87.23378925000002,21.419067140000003],[-87.23246218,21.418610779999998],[-87.23195831,21.418753029999998],[-87.23050025,21.421208449999995],[-87.23003158,21.422938569999992],[-87.22954617,21.42361598],[-87.229874859,21.42425248],[-87.22929566,21.42460714],[-87.22983392,21.42613023],[-87.22899649,21.42673068],[-87.2296558,21.42773666],[-87.22904905,21.428098859999995],[-87.22839586,21.429515170000002],[-87.22895189,21.43045805],[-87.22824609,21.430459],[-87.22801774,21.43098098],[-87.22837591,21.43221612],[-87.22897592,21.432716119999995],[-87.22837591,21.432816139999996],[-87.22757589,21.432516140000004],[-87.22627588,21.431616139999996],[-87.22557586,21.430716139999994],[-87.22245408,21.43132757],[-87.22217195,21.43243851],[-87.22252574,21.434174089999996],[-87.2213174,21.437098140000003],[-87.22170228,21.438509999999997],[-87.21739185,21.441821380000004],[-87.21643549,21.44290777],[-87.21563982,21.443261570000004],[-87.21411758,21.443854379999994],[-87.21038654,21.44385911],[-87.20726192,21.4448538],[-87.20585038,21.44499709],[-87.20211782000001,21.44391648],[-87.19675622,21.441260879999998],[-87.19155131,21.44003343],[-87.18837452,21.43970677],[-87.18626971,21.440516879999997],[-87.18623418,21.442181619999996],[-87.18552928,21.442937289999996],[-87.18320982,21.442798309999993],[-87.17983229,21.443273769999994],[-87.17502185,21.444852879999996],[-87.17195846,21.446609249999998],[-87.17119332,21.44751094],[-87.17086365,21.44842589],[-87.16829258,21.448805939999996],[-87.16661074,21.449713399999993],[-87.16580482,21.450969579999995],[-87.16569846,21.45177063],[-87.16537166,21.4519228],[-87.16532283,21.453338280000004],[-87.16315795,21.456312799999992],[-87.16277089,21.457945849999998],[-87.16159762,21.458862089999997],[-87.16129565,21.459381369999992],[-87.16134697,21.460183379999997],[-87.16064115,21.460325619999992],[-87.1593818,21.461506339999996],[-87.15837518,21.463253],[-87.15595954000001,21.46384642],[-87.15226829,21.46359088],[-87.14955226,21.464912449999996],[-87.14894680000002,21.464582720000006],[-87.14734002,21.46274338],[-87.14502202,21.46190568999999],[-87.14396294000001,21.461765060000005],[-87.14290426,21.46204905],[-87.142089133,21.460679181],[-87.14151881200002,21.460469889000002],[-87.13977606,21.460164459999998],[-87.13821328,21.460590379999996],[-87.13765806,21.46002468],[-87.13628295,21.45960009],[-87.13396157,21.4594384],[-87.13175806,21.459746339999995],[-87.131139222,21.460147930999995],[-87.131088513,21.460813389],[-87.130331732,21.460601447],[-87.12994371,21.46083292],[-87.129755063,21.461538648999998],[-87.12842237,21.461011279999997],[-87.12751595,21.46174235],[-87.12701103,21.46289365],[-87.12596172,21.4627232],[-87.125114995,21.464066530999997],[-87.12419812000002,21.46428149],[-87.12439294,21.465607139999996],[-87.12415243,21.46621252],[-87.12347471,21.467169250000005],[-87.12233497,21.46744398],[-87.12178158,21.469048539999996],[-87.12198378,21.469614569999997],[-87.12148845,21.46979915],[-87.120947769,21.469622580000003],[-87.12026871,21.46900245],[-87.11971526,21.470559819999995],[-87.11911023,21.470701799999997],[-87.118279557,21.469251415999995],[-87.11883873,21.468780283],[-87.118698342,21.468128311],[-87.11703989000002,21.46725905],[-87.11559949,21.46712852],[-87.11527106,21.467775180000004],[-87.11585426,21.468851520000005],[-87.115306837,21.469747534],[-87.11339585,21.470936850000005],[-87.11233674,21.47079602],[-87.11173191,21.47122105],[-87.11183371,21.472447679999995],[-87.11243989,21.47381552],[-87.11239108,21.47589152],[-87.11188712,21.476363659999993],[-87.1111812,21.476505679999995],[-87.11057652,21.477166620000002],[-87.11111277,21.477868949999994],[-87.11112797,21.47878182],[-87.11208983000002,21.47946722],[-87.11177091,21.479709169999996],[-87.11239651,21.4802824],[-87.11287032,21.481344939999996],[-87.11261229,21.48198723],[-87.11307846,21.48251935],[-87.1135068,21.48395869],[-87.11315402,21.484289179999998],[-87.11224852,21.48346477999999],[-87.11118675,21.48381871],[-87.10990018,21.48593938],[-87.11007826,21.48757069],[-87.10941229,21.490243889999995],[-87.11043566,21.490990689999997],[-87.110785797,21.491850157],[-87.10998248,21.491981779999996],[-87.10983138,21.492264970000004],[-87.11052594,21.493445509999997],[-87.11040428,21.493809279999997],[-87.10983249,21.493727569999997],[-87.10951802,21.495036731],[-87.10887526,21.495190800000003],[-87.10877509,21.496134490000003],[-87.1089268,21.49665337],[-87.11036586,21.49747375],[-87.11049162,21.49830368],[-87.10972643,21.49871965],[-87.10909009,21.49845968],[-87.10859214,21.498722139999998],[-87.108427275,21.499828014],[-87.10901517,21.50100575],[-87.10790694000002,21.502940880000004],[-87.10821063,21.50435611],[-87.10968346,21.50553243],[-87.10928026,21.50595732],[-87.10716125,21.50529815],[-87.106758149,21.50591177],[-87.10701128,21.507138309999995],[-87.108524357,21.508413109000006],[-87.10993948000001,21.510580599999997],[-87.10994011,21.51142986],[-87.111052,21.514259949999992],[-87.11080418,21.520063339999997],[-87.1101486,21.52034685],[-87.10908838000002,21.519215219999996],[-87.10848303,21.519215619999994],[-87.10813018,21.519593289999992],[-87.10808042,21.520489749999996],[-87.10929212,21.521810020000004],[-87.10924223,21.522564939999995],[-87.10813263,21.522895939999998],[-87.10767974,21.524406],[-87.10788198,21.52501922],[-87.10863883,21.52520745],[-87.10879074,21.525962229999994],[-87.10687378,21.526057829999996],[-87.10646951,21.52511449],[-87.10263605,21.52591895],[-87.10172909,21.52752366],[-87.1007706,21.527571419999997],[-87.10011525,21.52827952],[-87.099089196,21.532603340999998],[-87.09986692,21.533988519999998],[-87.10158357,21.535874710000005],[-87.10113066,21.53757348],[-87.101386734,21.538525735999997],[-87.10267350100001,21.539132009999996],[-87.10311735,21.54063689],[-87.10256295,21.54143929],[-87.10251295,21.542099859999993],[-87.10306855,21.54294877],[-87.10266525,21.543420819999998],[-87.103171084,21.545257617],[-87.104682242,21.546824332000003],[-87.10570445800002,21.546828615000003],[-87.106990795,21.547825133000003],[-87.108835353,21.547702352999995],[-87.109412134,21.548193472999998],[-87.11222323000001,21.548940148000003],[-87.113936442,21.550100848999996],[-87.115843817,21.550780422999996],[-87.118746283,21.550637655999996],[-87.124721111,21.551108788999997],[-87.12593177,21.55175582],[-87.127250803,21.553103041000004],[-87.128642938,21.553758556999995],[-87.12870934000001,21.55453734],[-87.12820543,21.555292599999998],[-87.12780182,21.555340089999998],[-87.12598665,21.556898430000004],[-87.12538202,21.55788968],[-87.12472617000002,21.558031709999998],[-87.12467603,21.558409179999998],[-87.1237684,21.559164749999997],[-87.12301178,21.559495580000004],[-87.12235538,21.558977079999995],[-87.12205274,21.55911883],[-87.12164949,21.55963812],[-87.121801581,21.560487249999998],[-87.12134785,21.560959380000003],[-87.12033868,21.561007289999996],[-87.11973397,21.561998519999996],[-87.11887606,21.56190478],[-87.11822095,21.562990379999995],[-87.11812074,21.563839710000003],[-87.11650662,21.564642909999996],[-87.11600249,21.565256619999996],[-87.11585185,21.566200319999997],[-87.11554897,21.566058979999998],[-87.11443965,21.567144909999993],[-87.11433914,21.56766395],[-87.11398598,21.56775857],[-87.11336182,21.568833890000004],[-87.11240332,21.56921198],[-87.11205069,21.570014280000002],[-87.11265683,21.570768769999997],[-87.11280883,21.571570719999997],[-87.11235495,21.57194848],[-87.11185032000002,21.571948819999996],[-87.11184974,21.571193919999995],[-87.11128151,21.570371849999997],[-87.11020318,21.570475419999998],[-87.10797558,21.572408549999995],[-87.10779208,21.573387629999996],[-87.10704326,21.573094380000008],[-87.10655088,21.573394169999993],[-87.1069234,21.57383622],[-87.106335873,21.574499437999997],[-87.10693326,21.576256279999996],[-87.10651454,21.57742748],[-87.10458517000001,21.57880423],[-87.10339498,21.58107858],[-87.10314255,21.58334336999999],[-87.10152015,21.58496955],[-87.09867631000002,21.58300883],[-87.09739695,21.582850400000005],[-87.09627202000001,21.583245679999997],[-87.095081021,21.58326417],[-87.09384765,21.583985540000004],[-87.09470991,21.58573491],[-87.09428042000002,21.586048509999994],[-87.09469149,21.5883006],[-87.09347243,21.588366],[-87.0924486,21.589264149999998],[-87.08959632,21.58952117999999],[-87.08745928,21.58923614],[-87.0857472,21.58941369]]],[[[-87.03398034,21.585844949999995],[-87.03367745000001,21.585467570000002],[-87.02984174,21.585090859999998],[-87.02928643,21.58438326],[-87.02787322,21.583770149999992],[-87.02534982000002,21.583912109999996],[-87.024189,21.583534830000005],[-87.02181677,21.58197822],[-87.01894003,21.58131803],[-87.01858666,21.580563180000002],[-87.01643797,21.57973048],[-87.015479,21.578739770000002],[-87.01411637,21.57836245],[-87.01184523,21.576475419999994],[-87.01007889,21.576003720000003],[-87.00917045,21.575012979999993],[-87.00770697,21.57482434],[-87.00654623,21.57392797],[-87.00457809,21.573597769999996],[-87.00377063,21.572559820000002],[-86.99998582,21.571380349999984],[-86.99251571,21.56567006],[-86.99231394,21.564584889999995],[-86.99251306,21.563996109999998],[-86.99568631,21.563826579999997],[-86.99710663000002,21.565155459999996],[-86.99731817,21.566003690000002],[-86.99840612,21.56603198],[-86.99925237,21.567587050000004],[-86.99858745,21.56854832],[-86.99897914,21.569219659999998],[-87.00079368,21.569226919999995],[-87.0014284,21.570414399999997],[-87.00327192,21.57021646],[-87.00561297,21.569433919999998],[-87.00721629,21.56841385],[-87.00864865,21.569093800000005],[-87.00884111,21.570573719999995],[-87.00946109,21.57125372],[-87.00982452000001,21.571133680000003],[-87.00995269,21.569293720000005],[-87.0145184,21.569833739999996],[-87.01592945,21.570913570000002],[-87.01601497,21.571253549999994],[-87.01657082,21.571333519999996],[-87.01721235,21.572413419999993],[-87.01699865,21.573013449999998],[-87.01734068,21.573453400000002],[-87.01712694,21.573793420000005],[-87.01687043,21.57357346],[-87.01635732,21.573893480000002],[-87.01637875,21.57421349],[-87.01511751,21.574553599999998],[-87.01462575,21.57441365],[-87.0144334,21.574713649999996],[-87.0156306,21.57481352],[-87.01716982,21.574453399999996],[-87.01864509,21.575433219999997],[-87.02099689,21.576292919999997],[-87.02171131,21.57831855],[-87.02288725,21.57907839999999],[-87.02273768,21.579798399999998],[-87.02312262,21.58021835],[-87.02361434,21.579998259999996],[-87.02423435,21.58025814999999],[-87.02511082,21.579698059999995],[-87.02543135,21.57887803],[-87.02708532,21.57809703],[-87.029479799,21.57833662],[-87.02988571,21.57699657],[-87.02918003,21.575876719999993],[-87.02971437,21.57535663],[-87.0297356,21.574536650000002],[-87.03031278,21.57461655],[-87.03056966,21.576136459999997],[-87.0307194,21.57641643],[-87.03151037,21.576096320000005],[-87.03163865,21.576416259999995],[-87.0313822,21.576616289999993],[-87.03187411,21.5777562],[-87.03114737000001,21.578256349999997],[-87.03097643,21.57891634],[-87.03219505,21.57887609],[-87.03240875,21.57817609],[-87.03386248,21.578255819999995],[-87.03385055,21.57925908],[-87.03539029,21.58103871999999],[-87.03534815,21.58377868],[-87.0358186,21.584038600000003],[-87.03588288,21.58441858],[-87.03654566,21.584418450000005],[-87.03690226,21.583965079999995],[-87.03933422,21.584073739999997],[-87.04054038,21.583491059999997],[-87.04133806,21.583436259999996],[-87.04201917000002,21.58414589],[-87.04209715,21.584691859999996],[-87.04166929,21.585201539999996],[-87.04192238,21.58580206],[-87.04069286,21.586456799999997],[-87.03933018,21.58640994],[-87.03811882,21.5859856],[-87.0354944,21.585844650000002],[-87.03483837,21.58608068],[-87.03398034,21.585844949999995]]],[[[-87.10386332,21.60550414],[-87.09856431,21.604922460000004],[-87.09689831,21.604451630000003],[-87.08695108,21.59841807999999],[-87.08276094,21.596910449999996],[-87.08003511,21.596345619999997],[-87.06961145,21.59578266],[-87.06481614,21.594793829999997],[-87.06375595,21.59413371],[-87.0604244,21.593144169999995],[-87.05749266,21.592685820000003],[-87.05628998,21.592175829999995],[-87.054638,21.59085585],[-87.0492774,21.58962142],[-87.04861277,21.589137719999997],[-87.048129749,21.58828679699999],[-87.04640374,21.587322250000003],[-87.04609942,21.586321109999993],[-87.04618445,21.58513409],[-87.04696425,21.585133880000004],[-87.04716665,21.58586309],[-87.04783095,21.585970939999996],[-87.05002549,21.58470083],[-87.05170089,21.585564629999997],[-87.05204777,21.58640183],[-87.05274102,21.586671709999997],[-87.05449015,21.587001120000004],[-87.05474995,21.586649910000002],[-87.05555858,21.5865146],[-87.058093875,21.587982855],[-87.058232835,21.588713825999996],[-87.05769732,21.59032226],[-87.058057707,21.590682115999996],[-87.058796292,21.590579323],[-87.059497102,21.591438864],[-87.060448887,21.591322745999992],[-87.06107325700002,21.591671099],[-87.061357365,21.591305614],[-87.06252095,21.5910498],[-87.06332755900002,21.592328782],[-87.064326456,21.592464412],[-87.06508978700002,21.593123045999995],[-87.066250964,21.593193478000007],[-87.067830326,21.594320917999998],[-87.06819791,21.594157909999996],[-87.069922949,21.591544988],[-87.071975594,21.591325638],[-87.072818515,21.590377147999998],[-87.07388602,21.590563149999998],[-87.07391523,21.59121138],[-87.07342434,21.591427679999995],[-87.07377188,21.593318219999997],[-87.07484085,21.593911949999995],[-87.0747828,21.593371780000002],[-87.07541765,21.59226409],[-87.07628358,21.59123732],[-87.07694791,21.59129103],[-87.0782482,21.592370830000004],[-87.07798908,21.593910509999997],[-87.07839377,21.59453154999999],[-87.07946257,21.59477414],[-87.08004011,21.594530769999995],[-87.080479503,21.593442636],[-87.08027018,21.592747999999997],[-87.07969222,21.592181079999996],[-87.080368114,21.591835172999996],[-87.081057206,21.591939869],[-87.08461202,21.593523110000003],[-87.08490063,21.593144819999996],[-87.084772972,21.591340245],[-87.08510145,21.590821860000002],[-87.08576548,21.59038937],[-87.086334425,21.59048026899999],[-87.087835815,21.589834522],[-87.088402126,21.589901146999996],[-87.090528413,21.591301662000003],[-87.090687837,21.591732344999997],[-87.091303593,21.591756709999995],[-87.092141927,21.592394947],[-87.091962239,21.593259034999992],[-87.09258645,21.59368912],[-87.09420154,21.59368822],[-87.095519879,21.594201962999996],[-87.09531308,21.59548042999999],[-87.09632262000001,21.595621380000004],[-87.096172,21.596848149999992],[-87.09647515,21.597319780000003],[-87.097319488,21.596688367000002],[-87.097651876,21.596019872],[-87.098686942,21.595458318999995],[-87.099296084,21.594363766999997],[-87.101179487,21.594342054],[-87.101303219,21.594746563000005],[-87.101614928,21.594472925],[-87.101890351,21.594663876000002],[-87.10099012100001,21.595455839999993],[-87.101897886,21.596280323],[-87.10152323,21.59844909],[-87.10046377000002,21.59915745],[-87.09889942,21.59963018],[-87.09874854,21.600432340000005],[-87.099630735,21.599809063999995],[-87.099871061,21.599956590999998],[-87.09945602,21.601658600000004],[-87.098904529,21.602346837],[-87.100280952,21.602271877],[-87.100231311,21.600822238999996],[-87.101835068,21.59949212],[-87.10273505,21.59910888],[-87.10369434,21.599532909999994],[-87.10389688,21.600429199999997],[-87.10475565,21.60141945],[-87.10531097,21.601560649999996],[-87.10606786,21.60127708],[-87.10672374,21.60089922],[-87.1070256,21.5995308],[-87.10667183,21.59891769],[-87.10631855,21.598965089999997],[-87.10556203,21.59976763],[-87.10561162,21.598540910000004],[-87.1060146,21.597455519999993],[-87.10677128000002,21.596888859999996],[-87.10707425,21.597077399999996],[-87.10702417,21.597596420000002],[-87.10657011,21.597879779999996],[-87.10667134,21.598257149999995],[-87.10763029,21.59820935],[-87.10722715,21.599106049999996],[-87.10798514,21.60028506],[-87.10833838,21.600190459999997],[-87.10863986,21.59835025],[-87.10954834,21.598302460000003],[-87.10964995,21.59919883],[-87.1099024,21.59929303],[-87.11146657000002,21.59863145],[-87.11151663,21.598112450000002],[-87.11060734,21.597075089999997],[-87.11217151,21.59646069],[-87.11227214,21.596036],[-87.11072189000001,21.59576063],[-87.1098634,21.595147849999993],[-87.10920675,21.594487749999995],[-87.10966069,21.594062850000004],[-87.111375895,21.593962669],[-87.11170082000001,21.593597768999995],[-87.112625954,21.593733445999998],[-87.112841057,21.593480272],[-87.113376698,21.593848580000003],[-87.113029511,21.593324179000003],[-87.113901209,21.593490882],[-87.11470583,21.59151171],[-87.11541214,21.591133779999993],[-87.11601685,21.589953859999998],[-87.11919778,21.58884845],[-87.11909863,21.58917265],[-87.11813538,21.589707289999996],[-87.11726103,21.591330720000002],[-87.11753745,21.59186826],[-87.11870432,21.591392739999996],[-87.1188554,21.59060226],[-87.12046306,21.589187689999996],[-87.12087894,21.58670032],[-87.12331675,21.58117462],[-87.12352505,21.57615152],[-87.12477902,21.57350583],[-87.12625569,21.571291769999995],[-87.12953323,21.56836409],[-87.13207683,21.56654608],[-87.13505274,21.56508109],[-87.13595986,21.56380649],[-87.13782655,21.563427519999994],[-87.13883483,21.562435890000003],[-87.142249168,21.562597338],[-87.143038518,21.562215459],[-87.144681774,21.562990687],[-87.145139556,21.563751579999995],[-87.14685943,21.563797259999998],[-87.14716268,21.56426878],[-87.14706243,21.564929399999997],[-87.1465072,21.564788339999993],[-87.14640568,21.56417509],[-87.14600222,21.564411350000004],[-87.14605338,21.565119],[-87.14706318,21.565684289999997],[-87.14807362,21.566862889999992],[-87.14817142,21.563796089999997],[-87.14776708,21.56313592],[-87.14806926,21.562569489999998],[-87.148626874,21.562852777],[-87.148387665,21.562139831999993],[-87.148701754,21.561860007],[-87.14791796,21.561770062999997],[-87.147679538,21.561089061999997],[-87.148411937,21.560336676],[-87.148820251,21.560773545],[-87.148633226,21.561603025000004],[-87.14885023300002,21.561764352999994],[-87.149185737,21.561101910999998],[-87.150149418,21.560540834],[-87.150723344,21.561030526999996],[-87.15026506,21.561306067999997],[-87.150500627,21.561623012999995],[-87.150771628,21.561656135],[-87.15089354,21.561104369999995],[-87.1512468,21.56115123],[-87.15134798,21.561387049999997],[-87.15134852,21.561906029999996],[-87.151367624,21.56192131],[-87.15183122100001,21.560440895999996],[-87.152590745,21.560305028999995],[-87.15399082,21.559363952],[-87.154336318,21.559512431],[-87.154183081,21.559797965999994],[-87.154775804,21.560661471999993],[-87.153594164,21.560429475000003],[-87.152461541,21.560691216],[-87.152574565,21.560919643999995],[-87.153246763,21.561094534],[-87.152762542,21.560779255999993],[-87.153468053,21.560599606],[-87.15418665,21.560967233000003],[-87.154601866,21.561622774999996],[-87.154523344,21.561237302],[-87.155057533,21.560961284000005],[-87.156532798,21.56194328799999],[-87.157909386,21.562169058],[-87.15805886,21.56109772],[-87.16209369,21.559300999999998],[-87.16234503,21.55845152],[-87.16163845,21.558310659999993],[-87.160798696,21.558516863999998],[-87.160815828,21.558806207],[-87.159383409,21.558692353999998],[-87.156858309,21.558996563999997],[-87.156551834,21.559301135],[-87.157334201,21.559580959],[-87.156978234,21.559976901],[-87.15722189,21.560235787],[-87.158525835,21.560351905],[-87.158324057,21.560854447],[-87.157806286,21.560618404],[-87.157748703,21.560990075999996],[-87.156854026,21.561109048999995],[-87.156375754,21.560813996],[-87.15609021900002,21.559831277999997],[-87.155652398,21.559469600000003],[-87.15508585,21.559630249999994],[-87.15410365,21.55934832000001],[-87.15261685,21.5592262],[-87.15142777,21.558148449999997],[-87.15131191,21.557107849999998],[-87.15183562,21.556703769999995],[-87.15263518,21.55683369],[-87.15478445,21.558176319999998],[-87.15573478,21.558363459999995],[-87.16118354,21.557603399999994],[-87.16446209,21.55646786],[-87.16532005,21.556608549999996],[-87.16653072,21.55632428],[-87.16799238,21.5549074],[-87.16874566,21.55179272],[-87.169704,21.551508680000005],[-87.17038371000001,21.550295999999992],[-87.17086278,21.550044909999997],[-87.1715694,21.550232909999995],[-87.17244469,21.54962105],[-87.17352009,21.550423519999995],[-87.17424343,21.5500886],[-87.174963088,21.549151445999996],[-87.17451782,21.548656749999996],[-87.17467377,21.548391169999995],[-87.17696571,21.548151339999993],[-87.17832669,21.54706474],[-87.179291996,21.546839259],[-87.180143849,21.544946601999996],[-87.180733955,21.54463013299999],[-87.180305652,21.546300514999995],[-87.180633926,21.546396812999994],[-87.18330522,21.544070309999995],[-87.18357818,21.54309905],[-87.183130611,21.542839345000004],[-87.180507431,21.544532099999998],[-87.179400981,21.544917572],[-87.179255834,21.545469606999998],[-87.178720455,21.545502919999997],[-87.179017888,21.544222769999994],[-87.180792966,21.542542870000002],[-87.18262991,21.542454830000004],[-87.18568612,21.541536599999997],[-87.190661319,21.53766777],[-87.19433952000001,21.534077820000004],[-87.19620506,21.53322638],[-87.1983738,21.532752019999997],[-87.20239078,21.530628479999997],[-87.20577954,21.52696142],[-87.20682765,21.524945119999998],[-87.2075468,21.52244412],[-87.20838731,21.521506460000005],[-87.20857832,21.520594229999993],[-87.20994226,21.51964459999999],[-87.211824,21.519620139999997],[-87.21384509,21.519130140000005],[-87.21503783,21.519381689999992],[-87.21688920000001,21.518406049999996],[-87.22024782,21.517556119999995],[-87.22288574,21.516532570000003],[-87.22563285,21.51644649],[-87.22550949,21.517115629999996],[-87.22450089,21.51760908],[-87.22425585,21.518224949999993],[-87.22320709,21.517861029999995],[-87.22185832,21.518044689999996],[-87.22053423,21.518575219999992],[-87.21841445,21.518794819999993],[-87.21668214,21.51966330999999],[-87.21496874,21.52011889],[-87.21304258,21.519746450000003],[-87.21281252,21.52028987999999],[-87.20988483,21.521049219999995],[-87.20865163,21.522146750000005],[-87.20816778,21.523309719999997],[-87.20816172,21.52423903],[-87.2073866,21.52502085],[-87.207037759,21.525965351999996],[-87.208414872,21.525819609999996],[-87.211180996,21.524002296999996],[-87.21162417,21.523942809999994],[-87.211826424,21.524162909999998],[-87.211228585,21.524124243999992],[-87.210122135,21.524924338],[-87.210931152,21.525424025],[-87.208134096,21.527362215],[-87.212786418,21.525980223999994],[-87.214320694,21.523416115999996],[-87.214707119,21.521535389999997],[-87.214788972,21.52215405],[-87.215435533,21.522877411999996],[-87.217345465,21.52150303],[-87.218070725,21.521442116],[-87.218373392,21.521600112],[-87.21820843,21.52242078],[-87.217532675,21.522932263999994],[-87.219302334,21.523142003],[-87.219115784,21.523743530000004],[-87.217829923,21.524679134000003],[-87.216816749,21.526168081999998],[-87.217459203,21.526489309],[-87.218259297,21.526284080999996],[-87.21927688,21.525347659999998],[-87.221688695,21.525263886999994],[-87.22109383000002,21.525299579],[-87.221081933,21.525831983000003],[-87.22204264,21.525564293999995],[-87.227994862,21.522306217000004],[-87.22905866,21.522223895999996],[-87.230383544,21.521675669],[-87.231310582,21.521953589999992],[-87.231578985,21.522341917999995],[-87.231398146,21.522583670999996],[-87.228205861,21.522861591999998],[-87.22863226,21.523059563],[-87.229669705,21.522798773999998],[-87.23034928,21.523093827],[-87.23169891,21.522859688],[-87.233002854,21.523632537000005],[-87.232544094,21.524464396999996],[-87.231710331,21.524390157999996],[-87.228893049,21.526367965999995],[-87.228538986,21.526149054999998],[-87.22841335,21.525682680999992],[-87.228820714,21.525140163999996],[-87.230592936,21.524161728999992],[-87.23102695,21.523459313],[-87.230176055,21.52411413999999],[-87.229264245,21.524363508],[-87.228984421,21.524791811000007],[-87.227966011,21.524926964000002],[-87.225752161,21.526307052],[-87.225426651,21.525952988],[-87.224174102,21.526756293999995],[-87.224807991,21.526718221999992],[-87.22504022600002,21.526388905],[-87.225491372,21.526752487],[-87.228028472,21.52612656899999],[-87.226399017,21.527139268],[-87.226939631,21.527731277999997],[-87.22749928,21.527171628999998],[-87.227914258,21.527240157000005],[-87.22821502200001,21.526750939999996],[-87.229037364,21.5273696],[-87.231011365,21.526762360999992],[-87.23229437,21.524959681999995],[-87.233046375,21.524717083999988],[-87.233298836,21.525252641000005],[-87.233801378,21.525324977],[-87.235876982,21.524512629],[-87.23875137,21.522799417],[-87.239122566,21.52290982399999],[-87.23919490200001,21.523528483999996],[-87.238094639,21.523907294],[-87.23667648,21.525114155999997],[-87.234925197,21.525936498000004],[-87.235037508,21.526397162],[-87.23713619200001,21.525884150000003],[-87.23784432,21.526094017999995],[-87.240254714,21.525099404],[-87.240509316,21.525268344999994],[-87.239824032,21.525308796],[-87.240000112,21.525746616999992],[-87.241756154,21.525499152999995],[-87.243131482,21.524887632],[-87.243312321,21.525270725000002],[-87.245908313,21.524713930999997],[-87.247566798,21.523138727999996],[-87.248297292,21.523445678],[-87.248252082,21.523919191],[-87.247814262,21.524076235],[-87.24881601500002,21.524506918000004],[-87.25112885100002,21.523988194999994],[-87.252401862,21.52428086899999],[-87.255350015,21.523735973],[-87.256542125,21.524045302],[-87.259088148,21.523257700999995],[-87.259247572,21.523662208999998],[-87.260544378,21.523547995],[-87.261793595,21.524314181999994],[-87.263142749,21.524566403999998],[-87.26270017,21.524697274999998],[-87.262643063,21.525223135999997],[-87.263261722,21.524823385999994],[-87.263837552,21.525166028999994],[-87.261406219,21.529406228],[-87.26160419,21.529834530999995],[-87.262727295,21.529107367999995],[-87.263104202,21.528227919000003],[-87.264099769,21.527394156000003],[-87.26513092,21.52546252],[-87.26618608,21.525007080999995],[-87.267115022,21.525039441],[-87.26753571,21.525511526],[-87.269237501,21.52535353],[-87.270145503,21.526573717999998],[-87.27272008,21.524848607999992],[-87.272841432,21.525931263],[-87.273418452,21.525685584],[-87.27334028,21.52536365],[-87.27470633500002,21.524138933999993],[-87.275533198,21.52357381199999],[-87.27613289,21.52364955],[-87.27683837,21.52262269],[-87.276603955,21.521705935000004],[-87.278323064,21.520643031000002],[-87.280904236,21.516027351999995],[-87.285324085,21.512826977],[-87.28984642000002,21.51112330999999],[-87.29078428,21.51389891],[-87.289406016,21.515076496999995],[-87.289767752,21.515638024],[-87.28979352,21.51650221999999],[-87.29107402,21.516331509999997],[-87.29213406,21.516810179999997],[-87.29232992,21.51815517],[-87.289530129,21.520023432999995],[-87.287237646,21.522450662],[-87.290314076,21.520693903],[-87.290146562,21.520332224999997],[-87.291907363,21.519174854999996],[-87.292870569,21.519812551000005],[-87.295352823,21.518565712999997],[-87.295667943,21.518973434],[-87.296768682,21.519273246000004],[-87.297088481,21.519461699],[-87.295368131,21.521457591],[-87.295766453,21.521508987000008],[-87.295603697,21.522545481],[-87.293984712,21.52255833],[-87.293262308,21.523066582999988],[-87.29344505,21.523199355999996],[-87.292881118,21.523293582999994],[-87.292525627,21.52305373299999],[-87.291472001,21.523497741000003],[-87.29101229,21.523337841],[-87.290826692,21.523729025000005],[-87.292155858,21.523677628000005],[-87.295737423,21.522799130999996],[-87.296064361,21.521676977],[-87.296572257,21.521328743],[-87.297093359,21.521492925999997],[-87.29704577,21.521956921],[-87.297428863,21.52235905],[-87.297081462,21.522918222999998],[-87.29624865,21.523632060999997],[-87.293576516,21.524598122999997],[-87.297188537,21.524769444000004],[-87.299940384,21.523799219],[-87.298863678,21.524878899000004],[-87.302313896,21.525101973999995],[-87.302087848,21.525241766999997],[-87.302813584,21.526054948],[-87.303774767,21.526282781],[-87.303489231,21.526865273000002],[-87.30372337,21.527337358000004],[-87.30611234900002,21.527954113999996],[-87.303422606,21.527782792999997],[-87.301172826,21.527988854999997],[-87.300639747,21.527571735000002],[-87.299762202,21.527581253],[-87.299716517,21.527984809000003],[-87.300607387,21.528015267000004],[-87.299101664,21.528274152],[-87.29882374300001,21.528454991],[-87.299284406,21.528462605],[-87.299008389,21.528950870999992],[-87.300048213,21.529124571000004],[-87.300075791,21.52933492299999],[-87.30220175,21.5292888],[-87.30356288,21.528814539999996],[-87.30603457,21.52866848],[-87.30653914,21.52871474],[-87.30704462,21.529185599999995],[-87.30758235,21.528104399999997],[-87.30841349,21.527492220000003],[-87.30917855,21.52755397],[-87.30922095,21.52633262],[-87.31169609,21.526517519999995],[-87.31293214,21.52590455],[-87.31587917,21.52583583],[-87.317638,21.52768549],[-87.31782183,21.529453889999996],[-87.31646852000002,21.531367509999995],[-87.31691208,21.532344720000005],[-87.31674742,21.532729419999995],[-87.31546711,21.53342646],[-87.31524134,21.533996],[-87.317639489,21.535090316],[-87.317976421,21.534955163],[-87.317881243,21.534764805999995],[-87.316826665,21.534288914],[-87.317677561,21.534502114000002],[-87.318801142,21.533205783],[-87.319004824,21.533691193],[-87.319503559,21.533919621],[-87.318794956,21.534968487999997],[-87.318829509,21.5355908],[-87.320292878,21.536487855999997],[-87.321224199,21.536076685999998],[-87.32173959,21.536169961],[-87.321316998,21.536504037],[-87.321462621,21.537243572999994],[-87.321910911,21.537079391],[-87.322300667,21.537296397000002],[-87.322487693,21.537020856000005],[-87.322226428,21.536683924],[-87.322863172,21.536389822999997],[-87.323431149,21.538065677],[-87.323187492,21.538526340999997],[-87.322940028,21.537907681],[-87.322511724,21.538507304999996],[-87.324017448,21.539019365],[-87.324542833,21.538855658000003],[-87.324689408,21.539087894],[-87.3229248,21.539618989],[-87.320785188,21.538516823000005],[-87.31961259,21.538313141],[-87.318613292,21.538427564000003],[-87.318836121,21.5396395],[-87.320412227,21.540360255999996],[-87.322812489,21.540445137999995],[-87.323031637,21.541076052000005],[-87.324598512,21.541681029999996],[-87.325452739,21.540979089],[-87.32692994,21.541135819999997],[-87.32660649,21.54417149],[-87.32623128,21.54504488],[-87.32529863,21.545200169999998],[-87.32519197,21.545475519999997],[-87.326630572,21.545906953],[-87.326141994,21.546309119000004],[-87.325947667,21.547379839],[-87.326785237,21.546796871000005],[-87.328191499,21.546523232999995],[-87.327737022,21.546232939],[-87.327220679,21.546513714999996],[-87.327020804,21.546247216000005],[-87.329526376,21.544357924],[-87.329759563,21.543786852999997],[-87.329566827,21.542756546999996],[-87.329849983,21.54234252],[-87.33064948200001,21.542368694000004],[-87.33092312,21.543092051],[-87.330725625,21.544543521999998],[-87.330549544,21.544702945999997],[-87.33030446,21.544367442],[-87.329521617,21.544683909999993],[-87.329350296,21.545162182],[-87.329814291,21.545735632],[-87.329930885,21.546489920999996],[-87.330323496,21.546758799999996],[-87.330692312,21.546563684],[-87.330509094,21.547089544999995],[-87.328473227,21.548927916999997],[-87.328522864,21.54915751],[-87.3294193,21.548762306],[-87.329581894,21.549002942],[-87.33044805,21.548712319999996],[-87.33117777,21.546923140000004],[-87.33184072,21.54882323],[-87.332197272,21.548448004999997],[-87.332051936,21.548176007],[-87.33274257,21.547949919999997],[-87.33370002,21.54680728],[-87.3343532,21.546511949999996],[-87.33543023,21.546530083999997],[-87.33586595,21.54395565],[-87.33677171,21.54291585],[-87.33656642,21.541406509999998],[-87.33768486,21.54054015],[-87.338930482,21.540274769],[-87.34114408,21.54059492],[-87.34174726,21.540361],[-87.342662068,21.54069908],[-87.343644194,21.540453228],[-87.34481552,21.54098132],[-87.34491278,21.54009391],[-87.34626066,21.539428939999997],[-87.34585528,21.53867489],[-87.34873795,21.53746282],[-87.34908237,21.537913289999995],[-87.34918638000002,21.53735118],[-87.35064454,21.53715512],[-87.351914018,21.536588283000004],[-87.352846291,21.535241984],[-87.353468758,21.535580342999996],[-87.353487879,21.536053437999996],[-87.35467958,21.536721979999996],[-87.35533465,21.53639032],[-87.35587035,21.53478375],[-87.35677388,21.535063660000006],[-87.35740598,21.534687689999995],[-87.35871195,21.535203599999996],[-87.358673631,21.534736065000004],[-87.35778295,21.534465449999992],[-87.35739678,21.5334662],[-87.35769451,21.531761659999994],[-87.35920114,21.53014823],[-87.35973794,21.52865683],[-87.360827872,21.528466357999992],[-87.36161783,21.52915774],[-87.36192749,21.528679579999995],[-87.362526807,21.528600559],[-87.36263108,21.529133000000005],[-87.36351395,21.52994817],[-87.36404697000002,21.53009662],[-87.36439952,21.529859949999995],[-87.36394698,21.528694060000003],[-87.36295195,21.528206689999998],[-87.36187043,21.526888199999995],[-87.36079109,21.52239622],[-87.36235989,21.52157008],[-87.365190733,21.521321074],[-87.365345853,21.520569451],[-87.36442577,21.51979535],[-87.36459486,21.518837369999996],[-87.36743042,21.519081],[-87.36786063,21.519878579999997],[-87.370495027,21.520202489999992],[-87.37114026,21.52102011999999],[-87.37161797,21.521147369999998],[-87.373765259,21.520556605],[-87.375237769,21.519737780999996],[-87.374732371,21.518812645999997],[-87.375497792,21.519429253],[-87.375693369,21.519223479999997],[-87.376025889,21.519384652],[-87.37539588,21.51873448],[-87.37452022,21.51666628],[-87.37445795,21.51562918],[-87.37281222000001,21.512888489999998],[-87.373157644,21.512306465999995],[-87.372534225,21.512137525],[-87.371732347,21.511188119999996],[-87.372022641,21.510831201000002],[-87.371829905,21.509781857999997],[-87.373267099,21.509841345000005],[-87.374142742,21.510431451],[-87.373514563,21.510141157000003],[-87.373274237,21.510395758999998],[-87.373547162,21.512396648],[-87.37430008,21.51404825],[-87.37528851,21.51467578],[-87.37589055,21.513400549999997],[-87.37589746,21.51238431],[-87.37743643,21.510979619999997],[-87.37835045,21.510752630000002],[-87.3790248,21.51113850799999],[-87.378766508,21.512077505999997],[-87.379016642,21.513845919],[-87.37955542,21.514731017999996],[-87.38054171,21.514613999999998],[-87.38121231,21.51360514],[-87.38078295,21.512820520000002],[-87.38083949,21.512136110000004],[-87.38511277,21.506522116],[-87.38530662,21.505141780000002],[-87.3862608,21.50432157],[-87.38855383,21.5040422],[-87.39031305,21.50309258],[-87.39077892,21.503205949999998],[-87.39189225,21.504464749999997],[-87.395490482,21.510316792999998],[-87.395916118,21.509990775000002],[-87.39558674,21.510455131000004],[-87.396673738,21.510537099],[-87.397251075,21.511242609],[-87.396986954,21.512767844],[-87.3956098,21.51457011],[-87.38991037,21.518712249999993],[-87.38770642,21.520702879999998],[-87.38026529,21.52550458],[-87.37762449,21.52757809],[-87.37302902,21.529535709999998],[-87.36882938,21.531780829999995],[-87.36395066,21.53675377],[-87.36177965,21.53836099999999],[-87.36006895,21.54013661999999],[-87.35843106,21.542884999999995],[-87.35667094,21.544382340000002],[-87.35215866,21.55057765],[-87.35054506,21.553406909999996],[-87.3481928,21.55569286],[-87.34500002,21.56050198],[-87.34067017,21.56359282],[-87.33594769,21.565333819999996],[-87.33492195,21.566179919999996],[-87.33367158,21.566111369999998],[-87.33253403,21.565623739999996],[-87.33102986,21.56409883],[-87.32750402,21.56175672],[-87.32071865,21.555582830000002],[-87.31139951000002,21.549761019999995],[-87.30800326,21.54812657],[-87.30130846,21.545738719999996],[-87.29771403,21.544847889999996],[-87.28092651,21.54148531],[-87.27031251,21.540280570000004],[-87.25717632,21.53992158],[-87.24961118,21.540188450000002],[-87.22815222,21.54258826],[-87.22119065,21.543715919999997],[-87.20877731,21.546772769999993],[-87.19862588,21.550321200000003],[-87.18811746,21.55540306],[-87.16500332,21.56368995],[-87.14712386,21.571359349999998],[-87.137178,21.577261279999995],[-87.12934757,21.58304554],[-87.1263478,21.586121710000004],[-87.12419568,21.588951909999995],[-87.12407258,21.589838509999996],[-87.12183678,21.593403459999998],[-87.1187428,21.5961386],[-87.113519301,21.599278363],[-87.113676228,21.599513109],[-87.111256645,21.601071346],[-87.10953177,21.603102939999996],[-87.10826689,21.604035830000004],[-87.10386332,21.60550414]]]]}},{"type":"Feature","id":"S50-31","properties":{"name":"Yucatán","source_id":"S50","status":"DERIVADO","origin":"OFICIAL"},"geometry":{"type":"MultiPolygon","coordinates":[[[[-92.22240000100001,20.910199981],[-92.224700001,20.907299981000005],[-92.226600001,20.907899980999996],[-92.227400001,20.907699981],[-92.22820000100002,20.904999980999996],[-92.232200001,20.902999980999997],[-92.234400001,20.902599981],[-92.236000001,20.900599981],[-92.237900001,20.900199980999993],[-92.238900001,20.898499980999997],[-92.239800001,20.898399981000004],[-92.242100001,20.89939998099999],[-92.242600002,20.899899981],[-92.244900001,20.900899980999995],[-92.245300001,20.901799980999996],[-92.245100001,20.902599981],[-92.244100001,20.903599980999996],[-92.239700001,20.905699979999998],[-92.239300001,20.906499981000003],[-92.237000001,20.907299981],[-92.234800001,20.908499980999995],[-92.228600001,20.910599981],[-92.227900002,20.910999981],[-92.227100001,20.912399981],[-92.226100001,20.913199981],[-92.224700001,20.913699981999994],[-92.222400002,20.912899981],[-92.221800001,20.912099981000004],[-92.22240000100001,20.910199981]]],[[[-92.200500001,20.924099980999998],[-92.201100001,20.924099980999998],[-92.201500001,20.924799980999996],[-92.201200001,20.92519998199999],[-92.200600001,20.92519998199999],[-92.200200001,20.924599982],[-92.200500001,20.924099980999998]]],[[[-92.197500001,20.926399982000003],[-92.198900001,20.925399980999995],[-92.199600001,20.925599981],[-92.199600002,20.926199982000004],[-92.19840000100001,20.927099980999998],[-92.197600001,20.928699982],[-92.197300001,20.928799982000005],[-92.197000001,20.928499980999998],[-92.197000001,20.927499981999997],[-92.197500001,20.926399982000003]]],[[[-92.202800001,20.925599981000005],[-92.205100001,20.924399981],[-92.205000001,20.923199980999993],[-92.203100001,20.923399982000003],[-92.202700001,20.922499980999998],[-92.205700001,20.919399980999998],[-92.209500001,20.916399982],[-92.212300001,20.914999981],[-92.212800001,20.914399980999995],[-92.213000001,20.913499981],[-92.215300001,20.913599981],[-92.215700001,20.913899981],[-92.216100001,20.915899981999996],[-92.213600001,20.918399980999997],[-92.213700001,20.919099982],[-92.214100001,20.919499981],[-92.215800001,20.918199980999997],[-92.217100001,20.917599981000002],[-92.217500002,20.918199981000004],[-92.217100001,20.919399981000005],[-92.214000001,20.922699981],[-92.212100001,20.924199981000005],[-92.208700001,20.925599982],[-92.206700001,20.925099982000003],[-92.20680000100002,20.928599982],[-92.206100001,20.930799982],[-92.203800001,20.932499982],[-92.203100001,20.934099982000003],[-92.202400001,20.934499981999995],[-92.200700001,20.934599981999998],[-92.198800001,20.933399981],[-92.198200001,20.931799981000005],[-92.19840000100001,20.930099982],[-92.200400002,20.927499981999997],[-92.201800001,20.926699981999995],[-92.202800001,20.925599981000005]]],[[[-92.302500001,20.98939997899999],[-92.299200001,20.988999977999995],[-92.298000001,20.988199978],[-92.298000001,20.987499978999995],[-92.298200001,20.986999979],[-92.298900002,20.986899979],[-92.300300002,20.987299979],[-92.301500001,20.986999978999997],[-92.301700002,20.986399978],[-92.30090000100002,20.985199979000004],[-92.301100002,20.984399978999996],[-92.304100001,20.983899978999997],[-92.306600001,20.982399977999997],[-92.30740000100002,20.981399978],[-92.308000001,20.97979997799999],[-92.307300001,20.977999977999996],[-92.306400001,20.977099978],[-92.307100002,20.976399977999996],[-92.308200001,20.976099978000004],[-92.311400001,20.974399979],[-92.313700001,20.972699977999998],[-92.318600001,20.971199977999994],[-92.319800001,20.971599978],[-92.319400001,20.972899977999997],[-92.320000001,20.973899977999995],[-92.322700001,20.972999977999997],[-92.324200001,20.974199977999994],[-92.324400001,20.974999977999996],[-92.323800002,20.976299978],[-92.321700002,20.977599977999997],[-92.321000001,20.977899978],[-92.319300002,20.977699977999997],[-92.317800002,20.978099978000003],[-92.316900001,20.979099977999997],[-92.315700001,20.978999977999997],[-92.314700001,20.98009997799999],[-92.312900001,20.979599978000003],[-92.312500002,20.979799977999992],[-92.312300001,20.980899979],[-92.312600001,20.981899978],[-92.313600002,20.981999979000005],[-92.316200002,20.981199977999996],[-92.317200001,20.980599978],[-92.321700002,20.980399978],[-92.324000002,20.979399978],[-92.325700001,20.979599977999996],[-92.326300001,20.980199976999998],[-92.325200002,20.981599977999988],[-92.324900002,20.983899978],[-92.323900001,20.984599978],[-92.320600001,20.985599977999996],[-92.320200001,20.985499977999993],[-92.320100002,20.984399978],[-92.319600002,20.984099977999996],[-92.318200001,20.984999978],[-92.317600002,20.984499977999995],[-92.317000001,20.984799977999998],[-92.315600002,20.984399978],[-92.315100001,20.986699979],[-92.314300001,20.987099978],[-92.314100002,20.987499977999995],[-92.312800001,20.987399978],[-92.31270000200001,20.986599977999994],[-92.313800001,20.985699978],[-92.314000002,20.984999977999998],[-92.313100001,20.984599978999995],[-92.308500001,20.989499978000005],[-92.307500001,20.989999977999993],[-92.306400001,20.989899978000004],[-92.305800001,20.989099978],[-92.305000002,20.989199977999995],[-92.304700001,20.989899978],[-92.304000001,20.990199978],[-92.30290000100001,20.989899979],[-92.302500001,20.98939997899999]]],[[[-92.079200001,21.837799984],[-92.07970000200001,21.837499985],[-92.080100002,21.837599984000004],[-92.08160000100001,21.838399984],[-92.081200001,21.839699984],[-92.080500002,21.840299984999998],[-92.07900000100001,21.839299984999997],[-92.078800002,21.838799985],[-92.079200001,21.837799984]]],[[[-88.283876809,21.564494335],[-88.283508104,21.563992404999997],[-88.28375128,21.563098103999998],[-88.28462294,21.562696366999997],[-88.285272713,21.562800296999995],[-88.285605097,21.563334019999996],[-88.285233377,21.563947218],[-88.284684,21.564467784],[-88.283876809,21.564494335]]],[[[-88.00716714700002,21.614788894000004],[-88.006518243,21.609848582999998],[-88.003284697,21.609820745],[-87.99403314,21.610206388999995],[-87.98942455,21.610924156],[-87.981887819,21.610300851000005],[-87.966589459,21.610233399999995],[-87.963011003,21.609866276999995],[-87.953284089,21.6076626],[-87.934702969,21.60159046],[-87.92190522,21.595666734],[-87.916133869,21.593436416],[-87.91103935,21.591699981],[-87.909030739,21.591357820999995],[-87.907910501,21.590777142],[-87.897556062,21.587582989],[-87.891167599,21.58527897],[-87.878457889,21.57966389],[-87.87156674,21.57617314],[-87.864218309,21.573266091000004],[-87.86018402,21.571126320000005],[-87.85984911,21.57119112],[-87.842126869,21.56383475499999],[-87.818488509,21.554681397000003],[-87.811313405,21.552169375999995],[-87.796754681,21.547293789999998],[-87.779941829,21.542158705],[-87.746579399,21.532594981],[-87.727830912,21.527623169000005],[-87.697293518,21.520301072999995],[-87.68803586,21.519062289999997],[-87.68789355,21.519392309999997],[-87.686974532,21.519324827],[-87.686799549,21.519979295000002],[-87.687007405,21.518830403000003],[-87.687548144,21.518361080999995],[-87.687410486,21.517100534999997],[-87.687108149,21.517728340999998],[-87.684381649,21.517527351],[-87.684323749,21.518355419999995],[-87.686235032,21.518566283],[-87.68644566000002,21.518832111],[-87.68621048,21.519963779999998],[-87.686512739,21.52039488000001],[-87.686258827,21.52179045300001],[-87.686281688,21.521081554],[-87.684563211,21.520354631000004],[-87.678910903,21.518684606999997],[-87.677890838,21.518507577999998],[-87.677632423,21.519770692],[-87.677387432,21.519722384],[-87.677773505,21.518487214999997],[-87.673114794,21.517262710999997],[-87.66108585,21.514706640999993],[-87.642862932,21.51149997],[-87.604698893,21.502367101000004],[-87.575950486,21.496098795],[-87.54916022,21.490939313],[-87.541999674,21.490219367],[-87.53491291,21.49022245],[-87.53314528,20.99960213999999],[-87.74425948,20.653787090999998],[-87.96274205,20.44670603],[-87.995065451,20.447316431000004],[-87.992958111,20.42406771],[-87.992960031,20.417992919999996],[-88.034030061,20.37894009],[-88.04753328,20.378818171],[-88.047306601,20.366308721000003],[-88.1364896,20.281371779999997],[-88.167162449,20.285418050999997],[-88.232705169,20.28699845],[-88.23266948,20.29017891],[-88.2646342,20.290342029999994],[-88.26681495,20.26912032],[-88.27296138,20.269931279999998],[-88.30878843,20.253510029999997],[-88.35190337,20.259023059999997],[-88.35660149,20.258313509999994],[-88.37080702,20.25778968],[-88.37637078,20.257024309999995],[-88.3954042,20.253543449999995],[-88.40097337000002,20.25176751],[-88.409127743,20.252097323],[-88.405194144,20.246145053999996],[-88.402892004,20.239488884],[-88.409122403,20.239728144],[-88.415113804,20.232970453999997],[-88.443426183,20.238149783999997],[-88.519929952,20.192328032999995],[-88.50234525,20.19007795],[-88.5076212,20.143391089999998],[-88.57668155,20.14807831],[-88.57815046,20.139174279999995],[-88.58767566000002,20.140469679999995],[-88.58797352,20.131451200000004],[-88.61270595,20.13312505],[-88.61277255,20.13429748],[-88.61638363,20.134460819999997],[-88.62080846,20.131803550000004],[-88.62093869,20.130431740000002],[-88.61862357,20.127769149999995],[-88.61917315,20.11717154],[-88.6398664,20.120356059999995],[-88.69060891,20.089856119999993],[-88.69080211,20.077029570000004],[-88.68489183,20.077414319999995],[-88.69179629,20.02921342],[-88.69475254,20.030035659999996],[-88.70017617,20.01035672],[-88.71252358000001,20.01229558],[-88.71304143,20.009163449999996],[-88.71843477,20.01032125],[-88.7221482,20.00512406],[-88.72377755,20.005499169999993],[-88.72278249,20.01319974999999],[-88.72657,20.01476895],[-88.73597891,20.017576549999994],[-88.73581072000002,20.01598755],[-88.73234814,20.0140662],[-88.73624557,20.00966131],[-88.74261535,20.008582779999994],[-88.74247208,20.01508735],[-88.75777328000001,20.013936220000005],[-88.7576976,20.012191919999996],[-88.77146565,20.013463229999996],[-88.77118054,20.00767038],[-88.78350258,20.00818018],[-88.78441571,19.99523963],[-88.78921226,19.99556822],[-88.79047988,19.99213351],[-88.7907708,19.97202018],[-88.79802238,19.974930080000004],[-88.79875598,19.97049388],[-88.79837765,19.952523019999997],[-88.80563951,19.953830740000004],[-88.80604075,19.944568649999997],[-88.81017622,19.944946679999994],[-88.81141817,19.93524222],[-88.80888834,19.934121310000002],[-88.80985098,19.926989859999996],[-88.80974486,19.92599093999999],[-88.81258438,19.925555029999998],[-88.81333318,19.91828282],[-88.8161428,19.91549903],[-88.81650329,19.90447352],[-88.81716074,19.90494315],[-88.81788148,19.904065179999996],[-88.82016591,19.905558509999995],[-88.822734,19.904143679999997],[-88.82442542,19.90476291],[-88.82315249,19.90814914],[-88.82728274,19.910920369999996],[-88.82943672,19.9060146],[-88.82736545,19.904487689999996],[-88.82982472000002,19.89855445],[-88.82041405000001,19.890473150000002],[-88.82592634,19.87992557999999],[-88.83213943,19.881606059999992],[-88.833043,19.878227109999997],[-88.85422771,19.878482510000005],[-88.86264832,19.87845114],[-88.86641817,19.87805484999999],[-88.86995146,19.87825649],[-88.88019154,19.878124879999998],[-88.87912483,19.862393230000002],[-88.89056857,19.86096862],[-88.89042158,19.858544539999997],[-88.90048802,19.861114020000002],[-88.89881165,19.851662600000004],[-88.89758543,19.83686254],[-88.89972486,19.83334688],[-88.90253323,19.83214472],[-88.90348111,19.831046229999995],[-88.90506589,19.826703519999995],[-88.90820975000001,19.820661089999998],[-88.90973094,19.813587709999997],[-88.91110397,19.800937579999996],[-88.92029414,19.803973909999996],[-88.92951246,19.790948549999996],[-88.94543375,19.79194632],[-88.94385214,19.813442779999995],[-88.9580768,19.810466539999997],[-88.95638672,19.81682355],[-88.97445177,19.818100829999995],[-88.97610851,19.81076583],[-88.98443915,19.80520514],[-88.98474657,19.79986169],[-88.98440498,19.79816026],[-88.99946797,19.797994379999995],[-89.00408743,19.7720074],[-89.02516298,19.776709680000003],[-89.04882706,19.721493319999997],[-89.01695185,19.72638671],[-89.01538534,19.72297338],[-88.99662238,19.72677952],[-88.99474128,19.727439599999993],[-88.99752938,19.70488389],[-89.03052363,19.708831749999998],[-89.03620046,19.678039519999995],[-89.0760306,19.685432549999998],[-89.07421269,19.694194109999998],[-89.12339852,19.703424150000004],[-89.1336406,19.614632029999996],[-89.10839168,19.612338489999992],[-89.10902446,19.582349379999997],[-89.14952065,19.581249339999996],[-89.14486169,19.637398719999997],[-89.18920314,19.644005939999996],[-89.19024963,19.633317739999992],[-89.22286874,19.63665697],[-89.21955657,19.608022250000005],[-89.29656182,19.55117408999999],[-89.41247852,19.64937629],[-89.44811299,19.698353511],[-89.46829548,19.700161289999997],[-89.47722008,19.711054949999998],[-89.49166182,19.742228449999995],[-89.47914943000002,19.740645549999993],[-89.47590946,19.771220200999995],[-89.50625582,19.773763229999997],[-89.51510852,19.774266279999996],[-89.52567237,19.77555465],[-89.53613009,19.797458030000005],[-89.54967868,19.816219229999998],[-89.57742986,19.853508859999998],[-89.57175751,19.852955289999997],[-89.58749975,19.87442005],[-89.58681034,19.92046003],[-89.59744588,19.921122340999997],[-89.59584174900002,19.937422049999995],[-89.604670079,19.938284969],[-89.59870389,19.99819738],[-89.74847417,20.179269721],[-89.75278666,20.176548741],[-89.77345318,20.153084140999997],[-89.77823448000001,20.150965322],[-89.787843819,20.14444797199999],[-89.79397478,20.136171942],[-89.80287086,20.164906602],[-89.802505279,20.201605080999993],[-89.84616490900001,20.209686980999997],[-89.846095659,20.213771201],[-89.840678169,20.251027510000004],[-89.87566069,20.253101950999998],[-89.87238231,20.28762809],[-89.83796388,20.287175879999992],[-90.00417368,20.487021879999997],[-90.00562472,20.4773672],[-90.02034149,20.47708306],[-90.02606785,20.473656689999995],[-90.0298902,20.471890620000003],[-90.03268175,20.47097471],[-90.03490437,20.46967218],[-90.03968994,20.46822083],[-90.04168845,20.466451489999997],[-90.04670377,20.46059862],[-90.04809072,20.459824259999994],[-90.05004768,20.456028568999994],[-90.050202241,20.45456537],[-90.04918965,20.454164258999995],[-90.05022702,20.452613539],[-90.05097245,20.452957019000003],[-90.05527217,20.444514378999994],[-90.05709876,20.432965879999998],[-90.06601856,20.433975478999997],[-90.067210652,20.425225888999996],[-90.100973512,20.425251770000003],[-90.10089154100001,20.425820618999996],[-90.10141842100002,20.426475418999996],[-90.105066881,20.428488349],[-90.10776562,20.43148911999999],[-90.11893345,20.436674909],[-90.12927337,20.44035242],[-90.131038211,20.442750289],[-90.13157125,20.443077579],[-90.13150396,20.442458918999996],[-90.13246053,20.439655168999998],[-90.13980467,20.440379550000003],[-90.147776911,20.44159935],[-90.16051482100002,20.441862769000004],[-90.16614059,20.441226218999997],[-90.16940061100001,20.440560229999996],[-90.17847951,20.437656019],[-90.18629757,20.436932319],[-90.1847879,20.461046138999997],[-90.23420799,20.470466619],[-90.223766654,20.51916496899999],[-90.23250803,20.519894049999994],[-90.22924097,20.543562889999997],[-90.23493611,20.544109030000005],[-90.23458338,20.545343179999996],[-90.33523611,20.54131231],[-90.33523611,20.576347709999997],[-90.34113811,20.55370112],[-90.38664878,20.555585799999996],[-90.379357,20.84832729],[-90.399847199,20.845286801000004],[-90.406689921,20.847567023999996],[-90.406985958,20.848619982],[-90.404479555,20.851622242],[-90.403099224,20.855458497],[-90.403006261,20.858696241000004],[-90.403948851,20.858841244],[-90.402973685,20.85876504],[-90.400386096,20.862594946],[-90.39500794,20.872304378999996],[-90.393581534,20.875844014000002],[-90.392107916,20.880821692999994],[-90.390483438,20.889196407999993],[-90.38769256500001,20.896960106],[-90.38489514,20.906613171],[-90.380038285,20.919910762999997],[-90.378951476,20.92218921],[-90.378468027,20.924157199000003],[-90.378656196,20.9244119],[-90.378455898,20.924364920000002],[-90.37439979,20.936042766999996],[-90.371886379,20.945541302],[-90.369358699,20.953644975999996],[-90.366921494,20.959440573],[-90.362464678,20.968426211000004],[-90.35160043,20.985537571],[-90.34491341700001,20.996851535999998],[-90.34203856600001,21.001043266999996],[-90.338404787,21.005419548999996],[-90.333268559,21.011145842],[-90.328536101,21.015607465999995],[-90.318514969,21.023199571],[-90.31045638,21.028689944],[-90.294177595,21.038206779999996],[-90.291998368,21.039971070999997],[-90.278583547,21.047052192],[-90.275106148,21.049816992999993],[-90.270787815,21.052604114],[-90.25889003,21.058568631000004],[-90.250662429,21.063539649999996],[-90.23965278,21.069195751000002],[-90.23438340100002,21.072881439],[-90.22043269,21.07994462],[-90.216949779,21.081954280999998],[-90.214490509,21.083795690999995],[-90.205238079,21.089032031],[-90.198102808,21.093475363],[-90.191906488,21.09804448199999],[-90.175059153,21.109108657999993],[-90.165898979,21.115949926],[-90.15525237,21.122381709999996],[-90.150886847,21.125343802999993],[-90.142786206,21.129977102],[-90.124160843,21.139023806000004],[-90.121742462,21.14051188],[-90.10729749,21.147309460000002],[-90.103538087,21.149455865],[-90.10184862,21.15080654999999],[-90.097530211,21.153459086999995],[-90.097113926,21.154254476999995],[-90.09461232,21.155552769999993],[-90.089251782,21.157212158999993],[-90.071834127,21.160010404999998],[-90.06118366,21.160624305999995],[-90.05344248,21.161433323],[-90.049654378,21.162504079999994],[-90.04962074,21.16439717],[-90.049417289,21.164453090000002],[-90.049371247,21.162681409999998],[-90.048661779,21.161505310999996],[-90.048397966,21.159694531999996],[-90.047670749,21.1596334],[-90.04799906,21.1607152],[-90.047302079,21.16086325],[-90.04685628,21.159370941],[-90.04646614,21.159444419999996],[-90.046782689,21.160971520000004],[-90.04614929000002,21.16109811],[-90.04573097,21.159651659999994],[-90.045431889,21.15972279999999],[-90.045667749,21.16099717],[-90.044738987,21.161349453],[-90.04479913,21.161621891999992],[-90.047955443,21.161152545999993],[-90.0492927,21.166301699999995],[-90.041028911,21.166005219000002],[-90.035194433,21.166577112999995],[-90.03195520400001,21.167418513],[-90.032156442,21.168214852999995],[-90.03195047,21.168249284999998],[-90.031869397,21.167471104999997],[-90.030494575,21.167634260999996],[-90.016101362,21.170460006000003],[-89.999790775,21.175094693],[-89.996626341,21.176243055000004],[-89.992958287,21.177737186000005],[-89.979408884,21.184360322999996],[-89.96464923500001,21.193390977000004],[-89.953525511,21.199707579999995],[-89.95086492,21.20160394],[-89.95069542,21.202003289999997],[-89.94256516900002,21.206790823000002],[-89.93325578,21.212946986],[-89.924122511,21.218024671],[-89.921859644,21.218952660999996],[-89.917233971,21.221486787],[-89.91120278800001,21.223750057000004],[-89.908666072,21.226043602],[-89.902549562,21.228828188999998],[-89.902549562,21.229417105999996],[-89.900271229,21.230725809999992],[-89.898418223,21.231377187],[-89.897710334,21.232180255000003],[-89.893718788,21.232983323],[-89.88683070800002,21.235818188999996],[-89.87350666,21.239290951],[-89.868517101,21.241265290999994],[-89.86242712,21.242778742],[-89.849219298,21.245314998999994],[-89.847760585,21.245966052],[-89.846724897,21.247249955],[-89.845022362,21.247976148],[-89.844863492,21.247706205999997],[-89.8441136,21.247897079999998],[-89.844938248,21.249420361999995],[-89.84512754,21.250811679999998],[-89.841407675,21.250786204],[-89.833172941,21.252190836],[-89.828494387,21.252545925999996],[-89.828061948,21.252921057999995],[-89.824222965,21.253241250000002],[-89.823617911,21.253729181],[-89.81583485100002,21.254904016],[-89.81615044,21.256644217999998],[-89.815777484,21.254914939999995],[-89.80535175800001,21.256517829000003],[-89.793409169,21.259265170999996],[-89.790440815,21.260871698],[-89.77528638,21.26370712],[-89.7688634,21.266200890000004],[-89.75596822,21.268437519999996],[-89.74726548,21.270445569999996],[-89.7426554,21.271166349999998],[-89.74269978,21.27136022],[-89.73537385000002,21.27344355],[-89.72893415,21.274452309999994],[-89.722949379,21.27566103],[-89.718148109,21.276971981],[-89.712654291,21.277881583999996],[-89.711911901,21.278084764999996],[-89.711925106,21.278676394],[-89.711691221,21.278381909999993],[-89.710457511,21.278483155],[-89.707503935,21.278973817999997],[-89.70738963,21.279318406],[-89.704315683,21.279644340000004],[-89.70362337,21.279908291],[-89.70378114,21.280949691],[-89.702701297,21.282846789],[-89.70307194,21.284645126],[-89.702613244,21.282883701],[-89.700233767,21.282526015],[-89.699859668,21.283256116],[-89.699948898,21.283589241],[-89.702084464,21.284338770999998],[-89.699486866,21.283466162999996],[-89.699341124,21.283820108],[-89.69948296000001,21.282613720999997],[-89.69916346000001,21.282489000999995],[-89.696009479,21.282259650999997],[-89.695980457,21.281740700000004],[-89.692889067,21.281842180999995],[-89.681259451,21.283412624999993],[-89.675781932,21.285174616000003],[-89.66952632900002,21.286521391],[-89.666769128,21.287506487999995],[-89.665839711,21.288076964000002],[-89.666111515,21.290517564999995],[-89.665755547,21.288086825999997],[-89.66495236000002,21.288552301],[-89.66556388200001,21.29130243],[-89.667313727,21.305049171],[-89.667107309,21.307013416],[-89.667328599,21.31108229499999],[-89.66927023,21.327936310000002],[-89.669780861,21.328465459999993],[-89.669900379,21.329450780000002],[-89.669644063,21.330222621999997],[-89.670498041,21.331420736999995],[-89.670774653,21.33264616],[-89.67008804000001,21.33482169],[-89.670518466,21.338373267000005],[-89.673445598,21.338309276999997],[-89.673650827,21.338692964999996],[-89.674882198,21.338761375],[-89.674900044,21.339359213999995],[-89.67176233600001,21.339447740000004],[-89.67176855,21.340098689999994],[-89.673014111,21.34009402999999],[-89.67303889000002,21.341472831000004],[-89.67623351,21.34144614],[-89.675623043,21.341711786999998],[-89.67260886100001,21.341730823],[-89.67262351600002,21.341925375999995],[-89.670956651,21.342248749999996],[-89.671215911,21.344826355],[-89.673143764,21.344938811999995],[-89.67462237,21.34619066],[-89.67609009,21.34479912],[-89.681148033,21.344855531],[-89.681513291,21.345389511],[-89.681303319,21.34874515],[-89.681532521,21.348163516999993],[-89.682185137,21.348039598999996],[-89.683761196,21.346934714],[-89.684191244,21.347482574999997],[-89.681108653,21.349192218],[-89.675240902,21.348483138999995],[-89.673722806,21.346747322],[-89.671771648,21.346687834999994],[-89.670730633,21.345676564],[-89.666156595,21.305151131],[-89.666227503,21.302569891999998],[-89.664652776,21.288733326],[-89.645702827,21.289550138],[-89.63637691,21.290717909999998],[-89.631023768,21.291672868999992],[-89.629300159,21.292294715],[-89.617084949,21.294051451],[-89.609251949,21.295490629],[-89.607337468,21.296018653999994],[-89.607292636,21.297712737999998],[-89.607257004,21.296023987999998],[-89.60458748,21.296200909999996],[-89.575637883,21.300935418999998],[-89.56911744,21.302235489],[-89.56096727,21.304528830999995],[-89.559041878,21.305098127999997],[-89.558258847,21.305788834999998],[-89.55540415,21.306520911999996],[-89.555021974,21.306953474000004],[-89.553946149,21.307294671],[-89.528009749,21.31164898],[-89.512583459,21.313510258999997],[-89.501043969,21.316141026999997],[-89.487998472,21.317528911],[-89.47874898,21.31937538],[-89.466928718,21.320637684999998],[-89.46101894000002,21.32169849],[-89.454314395,21.322098544],[-89.44091840300001,21.324220755999995],[-89.42446432,21.32596011],[-89.420069151,21.326696792999996],[-89.418727,21.326589109999997],[-89.41501022,21.32703273999999],[-89.412915175,21.327617163],[-89.40508534,21.32887935],[-89.40053963,21.330325420000005],[-89.39597748,21.331072110000004],[-89.38464908,21.33190162],[-89.36663237,21.33383915],[-89.36370832,21.333888889999994],[-89.352462255,21.335423289999998],[-89.33274605,21.337399429999998],[-89.3271866,21.33843586],[-89.318129,21.33878812],[-89.313506098,21.339416002],[-89.311449796,21.33993932],[-89.309533429,21.34112758],[-89.30930406,21.342564349999996],[-89.30955495,21.342780141000002],[-89.30959373400002,21.343804808],[-89.309546145,21.343547825999995],[-89.30762592,21.343136179999995],[-89.298616329,21.342423721],[-89.288725155,21.342175125],[-89.281525705,21.342464146999998],[-89.264079595,21.344128628999997],[-89.263805957,21.344288053000003],[-89.263940494,21.345320446999995],[-89.263740752,21.345337533],[-89.263734573,21.344283294],[-89.260343429,21.344278510999995],[-89.22564366,21.348223709999996],[-89.21018311,21.349429829999995],[-89.201339593,21.350977139],[-89.198491537,21.351789303999997],[-89.192308507,21.352218200999992],[-89.18527991,21.353461479999993],[-89.1680896,21.35489308],[-89.150802435,21.354927514999993],[-89.14696855,21.355178567999992],[-89.145654784,21.35544765],[-89.144742779,21.35606792],[-89.144744279,21.35803418],[-89.144537429,21.356325509999994],[-89.144746751,21.354784892999998],[-89.140725689,21.354950278999997],[-89.140946533,21.355431426],[-89.143817471,21.355398945999998],[-89.143949282,21.358332456999996],[-89.14365317,21.357769721999997],[-89.142389676,21.357096334000005],[-89.138721479,21.356589860999996],[-89.129058399,21.356603051999997],[-89.1278506,21.3569518],[-89.122191229,21.35705975],[-89.118654049,21.357669911000002],[-89.111490579,21.358187540999996],[-89.11002206,21.357824290999996],[-89.11016723,21.358228950999997],[-89.107469416,21.358723173],[-89.105959289,21.35855467999999],[-89.102710859,21.358999539999996],[-89.101926379,21.359392679999992],[-89.08924251,21.361582601],[-89.08791218,21.361965711],[-89.087368909,21.362956709999995],[-89.081921522,21.363925154],[-89.081384353,21.364550154999996],[-89.078965633,21.365689577],[-89.07536852,21.366774713],[-89.07291378,21.367191260000002],[-89.06463737,21.367730250000005],[-89.05463718,21.37000194],[-89.04344177,21.37197557],[-89.03530342,21.37287612],[-89.02908469,21.37321829],[-89.02185766,21.37419357],[-89.01468886,21.37441614],[-88.99967449,21.37644543],[-88.99663549,21.377144799999996],[-88.994510438,21.377184062],[-88.99328772,21.37784902],[-88.99026885,21.378281],[-88.990155684,21.377767659999996],[-88.990498327,21.377198493],[-88.990089059,21.377562075],[-88.990024566,21.378196578999997],[-88.98892326,21.378513229999996],[-88.985341,21.3792156],[-88.984621772,21.379111936999998],[-88.97717431,21.380158109999996],[-88.970903953,21.382050861],[-88.957183662,21.384409476000005],[-88.950152683,21.38518426],[-88.941443235,21.385357716],[-88.941334301,21.385550926],[-88.934008435,21.386021291],[-88.927990276,21.387163423],[-88.925772023,21.386904720000004],[-88.920752233,21.387337261],[-88.912443453,21.38966394],[-88.903618783,21.39129774],[-88.899720913,21.392417614000003],[-88.895619459,21.393171201],[-88.894181089,21.393125119999997],[-88.894201026,21.393653288000007],[-88.894080427,21.393317490000005],[-88.89288125,21.393627570999993],[-88.892579666,21.394032686000003],[-88.88868699600002,21.394677432],[-88.888507742,21.394459119000004],[-88.88666596900002,21.39456138],[-88.88548955,21.394890139999998],[-88.884486249,21.395659660999993],[-88.88049882,21.395710434999998],[-88.880248145,21.395814412000004],[-88.880053981,21.396995102000005],[-88.880116797,21.395601712999994],[-88.880529888,21.394929651],[-88.880527683,21.394666851],[-88.880085985,21.394689641],[-88.880193623,21.39401726],[-88.87992372,21.394746244],[-88.87987437,21.397785079999995],[-88.879533949,21.396325520999998],[-88.87869967,21.395932412000004],[-88.87653193,21.395721355],[-88.875386396,21.39627692699999],[-88.871183827,21.395904357000003],[-88.869017625,21.396489551999995],[-88.859013143,21.395812230000004],[-88.855422983,21.39630372],[-88.853963202,21.397036429999996],[-88.850871402,21.397652490000002],[-88.849609283,21.398309349999998],[-88.848230433,21.398557511],[-88.840977758,21.398922702],[-88.840601804,21.39842301599999],[-88.840622293,21.39787366],[-88.840560666,21.398689962999992],[-88.840127922,21.399150582000004],[-88.839255083,21.398740049999997],[-88.839024953,21.399050049999996],[-88.838315323,21.398805111],[-88.838608743,21.39914775],[-88.839179743,21.39919155],[-88.839325,21.39893303],[-88.83976968300001,21.399223],[-88.838657583,21.400389229999995],[-88.837154123,21.40100632],[-88.834873063,21.40107889],[-88.831510952,21.40179906],[-88.826478002,21.40355523199999],[-88.825138723,21.404287350999997],[-88.82439729,21.40514211],[-88.824309983,21.405655939999995],[-88.822703152,21.406679311],[-88.821393282,21.407303369999997],[-88.818806183,21.407674909999997],[-88.814077603,21.41034529],[-88.809994094,21.410463986000003],[-88.809633406,21.410784078000002],[-88.807203433,21.41127682],[-88.80615635,21.41193305],[-88.804659553,21.411752781],[-88.80281565,21.412374629999995],[-88.80164322,21.412225449999998],[-88.798834904,21.412496819999998],[-88.798432723,21.412959600999997],[-88.798017418,21.412765373999996],[-88.797713303,21.413239927999992],[-88.798092383,21.413879969999996],[-88.797993891,21.415225873999994],[-88.79670500100002,21.417277230999996],[-88.798477819,21.415798632999998],[-88.798797618,21.414905859999998],[-88.799576178,21.414310042],[-88.799736078,21.413613335999994],[-88.80064829,21.414523059999997],[-88.800640421,21.414997144],[-88.799593342,21.416654880999996],[-88.798196091,21.41782974199999],[-88.799458157,21.417405244999998],[-88.80052701,21.416307836999994],[-88.800862515,21.416303554],[-88.80085452,21.416539720000003],[-88.800018853,21.417156477],[-88.800182546,21.417382898000003],[-88.802386893,21.415816364],[-88.802463035,21.416206595999995],[-88.801935746,21.416817640999998],[-88.804860958,21.415480124],[-88.804007326,21.416318883],[-88.800155811,21.418016272],[-88.799702477,21.418519764999996],[-88.797859288,21.418992528],[-88.796531852,21.419992050000005],[-88.77395960000001,21.424623140000005],[-88.767344493,21.425496109999997],[-88.75593606,21.42615671],[-88.75273018,21.4268156],[-88.74601955,21.42891794],[-88.73871854,21.430725260000003],[-88.72924702,21.43473452],[-88.72005057,21.43982698],[-88.71897785,21.439982919999995],[-88.71458957,21.44205542],[-88.71419717,21.44259211],[-88.71122663,21.443967249999996],[-88.71093298,21.444366019999993],[-88.7049908,21.44676505],[-88.70392665,21.447356490000004],[-88.70350703,21.448204629999996],[-88.70290263,21.448660890000003],[-88.69808962,21.450665620000002],[-88.69582774,21.451216339999995],[-88.6947392,21.451073249999997],[-88.69429055,21.45424822],[-88.695212564,21.454014424],[-88.695748762,21.45349201499999],[-88.695707704,21.454457940999998],[-88.694451348,21.455274096],[-88.693564955,21.45680328],[-88.69031769,21.459603486],[-88.68344463,21.46519965],[-88.67626552,21.47007514],[-88.66734383,21.47715568],[-88.658076523,21.483108379],[-88.656956717,21.484639008999995],[-88.65093757,21.48870277999999],[-88.641753854,21.496444812000004],[-88.639806471,21.49896181],[-88.639961286,21.50007088],[-88.63945803,21.501015525999996],[-88.633690217,21.506640572],[-88.63168909,21.511002123999997],[-88.630458905,21.512580618000005],[-88.63026129,21.51364222],[-88.62912082,21.514888089999996],[-88.62320535,21.518572510000002],[-88.61672354,21.52189008],[-88.61434434,21.522287219999996],[-88.606322852,21.524817343000002],[-88.59262691,21.526275379999998],[-88.588785174,21.526081809999997],[-88.587686896,21.526781852],[-88.583634897,21.527512141],[-88.579159275,21.527701621999995],[-88.577165204,21.528514114999997],[-88.571330059,21.529664433000004],[-88.565156112,21.529425722],[-88.562912487,21.530925165000003],[-88.56057447200001,21.53192668899999],[-88.557367724,21.532235562],[-88.554552021,21.533103337999993],[-88.552423528,21.533147606000004],[-88.547549894,21.534754277999998],[-88.544971196,21.535173651],[-88.542387307,21.534926864],[-88.539399302,21.534084901000003],[-88.532905006,21.533146199999997],[-88.530920921,21.533087127999995],[-88.528461368,21.533449193000003],[-88.520419724,21.535383544000002],[-88.51921337,21.53644355],[-88.513268398,21.537791606000006],[-88.50533758,21.5408384],[-88.500480099,21.54222369],[-88.497614702,21.543520353],[-88.48997772300001,21.544626699],[-88.486594377,21.545695162000005],[-88.48391078,21.54707823],[-88.48020168600002,21.547611709999998],[-88.475386868,21.549270869],[-88.47030244,21.549757935999995],[-88.462262263,21.552701359999997],[-88.457623823,21.553683386],[-88.453771991,21.55402587],[-88.45113369,21.554702399999993],[-88.443812911,21.554881988000005],[-88.43960603200001,21.555699153],[-88.437903781,21.555666317],[-88.43259414,21.556773340000003],[-88.43080878,21.55745395],[-88.42944843,21.557418169999995],[-88.4294126,21.557659280000003],[-88.42857483,21.55785045],[-88.42803615,21.55755831],[-88.42622375,21.557654770000003],[-88.42466628,21.55821749],[-88.42276851,21.558325089999997],[-88.422233619,21.558639719],[-88.41889865,21.559221428000004],[-88.41601198000001,21.56086528999999],[-88.41486469,21.5606164],[-88.41195815,21.561230799999997],[-88.41100618,21.56176223],[-88.40323792,21.564288510000004],[-88.39755097,21.56538957],[-88.39355134,21.565649599999997],[-88.39288718,21.565473649999998],[-88.39195277,21.56571974],[-88.39084872,21.565398379999994],[-88.39016157,21.56556028],[-88.38709898,21.56511803],[-88.3853916,21.56509372],[-88.38511805,21.56532429],[-88.3834304,21.565152719999997],[-88.38289238,21.56541283],[-88.38180394,21.565273380000004],[-88.38160872,21.565627749999997],[-88.38092368,21.56554548],[-88.38041731,21.565829649999994],[-88.37956805,21.565436429999995],[-88.378381013,21.565924165000002],[-88.37311929,21.565704200000003],[-88.37134302,21.566357709999995],[-88.37024651,21.56575145],[-88.36987945,21.56598672],[-88.36902366,21.565909089999998],[-88.36248465,21.563709149999998],[-88.36252989,21.562844739999992],[-88.362189,21.56275845],[-88.36172888,21.561661880000003],[-88.36082214,21.56153773999999],[-88.36100663,21.562382449999998],[-88.35964078,21.562696310000003],[-88.35862022,21.563963149999996],[-88.35416997,21.562120860000004],[-88.35332598,21.561003349999996],[-88.352301971,21.560486608],[-88.351525835,21.559204246],[-88.35044471,21.55878935],[-88.350131579,21.557702476],[-88.350472166,21.557181536],[-88.34943415,21.557483250000004],[-88.347303589,21.55697793],[-88.34690384,21.557255136999995],[-88.34639026,21.55709983],[-88.34498112,21.557793320000002],[-88.344255089,21.557341587],[-88.34417997,21.55789611],[-88.342331706,21.557556139],[-88.34153232,21.555891579999997],[-88.34094563,21.555827979999997],[-88.33945675,21.554866519999994],[-88.338805668,21.553507649],[-88.338248875,21.553369640000003],[-88.337900435,21.552907880000003],[-88.33765208,21.553857539999992],[-88.33591278,21.55329255],[-88.335986007,21.553605205999997],[-88.335552,21.554072879999996],[-88.33438995,21.55414890999999],[-88.33314692,21.553809620000003],[-88.33229408,21.554488289999995],[-88.33086322,21.553799169999994],[-88.328746735,21.553440548],[-88.32843692000002,21.552846579999997],[-88.32779123,21.552869],[-88.32721791,21.552323340000004],[-88.32667672,21.55258223],[-88.3246042,21.552156309999997],[-88.32357569,21.552449264000003],[-88.32320063,21.551834369999998],[-88.32321777,21.551165519999994],[-88.32251886,21.55045115],[-88.32208943,21.55097009],[-88.32096354,21.550669150000004],[-88.320974728,21.550331372999995],[-88.32068046,21.55074778],[-88.32131115,21.552009419999997],[-88.32103978,21.552426059999995],[-88.31904688,21.551739369999996],[-88.31796334,21.551709169999995],[-88.317582534,21.550949854],[-88.31704346,21.550638089999996],[-88.31605534,21.551631889999996],[-88.31430618,21.55145748],[-88.31492078,21.552551539999996],[-88.31468954,21.552808549999998],[-88.31425035,21.55258958],[-88.31414837,21.553422710000003],[-88.31389977,21.553081739999996],[-88.31272443,21.552837489999998],[-88.31194238000002,21.552251],[-88.311799738,21.552673410000004],[-88.310650529,21.552816702],[-88.310442288,21.552461019],[-88.30949531,21.552355369999997],[-88.3089862,21.552915739999996],[-88.30795403,21.552661079999996],[-88.30772171,21.552235620000005],[-88.30616293900002,21.552231501],[-88.305759262,21.551772218999997],[-88.305347766,21.55221236],[-88.30596414,21.552632739999996],[-88.30593411,21.553201749999996],[-88.30464391,21.55229078],[-88.30456414,21.551875199999998],[-88.30422183,21.552534089999998],[-88.30353171,21.55218353999999],[-88.30404052,21.55295869],[-88.30385658,21.55315152],[-88.302981481,21.552949279999996],[-88.30184909,21.552187379999996],[-88.30188238,21.551920449999997],[-88.30057757,21.551466949999995],[-88.30093874,21.552345399999997],[-88.30092343,21.553455199999995],[-88.30047557,21.554601220000002],[-88.30121598,21.55534291],[-88.30058103,21.555532089999996],[-88.2999226,21.55497912],[-88.29931703,21.55487257],[-88.29926438,21.554307710000003],[-88.29887751,21.554329279999997],[-88.29826137,21.553440859999995],[-88.29762294,21.553670940000003],[-88.29692735,21.55295285],[-88.29624894,21.55341222],[-88.29605923,21.554027909999995],[-88.29531275,21.553532879999995],[-88.29391358,21.554009599999997],[-88.29323329,21.553412770000005],[-88.29239649,21.55353498],[-88.29248715,21.55409511],[-88.29172254,21.55451576999999],[-88.29117749,21.55425292],[-88.29049223,21.554823509999995],[-88.28941885,21.55466209],[-88.28912686,21.555219599999997],[-88.28850851,21.554314399999996],[-88.28814851,21.55464108],[-88.28826115,21.555296779999992],[-88.28792638,21.555664340000003],[-88.2873778,21.556199339999996],[-88.28691372,21.55594032],[-88.28686229,21.55658611],[-88.28624734,21.557245649999995],[-88.28570274,21.55735958],[-88.28482885,21.557386519999994],[-88.28419142,21.556706819999995],[-88.28353162,21.556944489999996],[-88.28370725000002,21.55631823],[-88.28293851,21.55601938],[-88.282653,21.556241220000008],[-88.28244986,21.55555978],[-88.28199931,21.555167349999998],[-88.28168966,21.55538858],[-88.28130091000001,21.554965679999995],[-88.28106289,21.55390535],[-88.28056463,21.555115940000004],[-88.28063629,21.555763180000003],[-88.28082191000001,21.555655459999997],[-88.28120072,21.556158719999996],[-88.28113741,21.556813511000005],[-88.28067375,21.55627186],[-88.280756051,21.557080969999994],[-88.27961051,21.557297970000004],[-88.27943017,21.559304399999995],[-88.27896468,21.55993543],[-88.27833134,21.560037740000002],[-88.27828695,21.5609472],[-88.27725891,21.56076691],[-88.27641357000002,21.559108660000003],[-88.27441083,21.55742169],[-88.2747312,21.55709611],[-88.27420066,21.556473850000003],[-88.27362128,21.556527169999992],[-88.27343697,21.555926420000002],[-88.272180167,21.556013059999998],[-88.271347935,21.556419900999998],[-88.27127852,21.556786019999997],[-88.26990837,21.55565735],[-88.26866685,21.556026740000004],[-88.26860212,21.556545109999995],[-88.26803729,21.55705311],[-88.26738955,21.557079109999997],[-88.26733991,21.557756630000004],[-88.26661645,21.557116999999998],[-88.26657255000002,21.558243139999995],[-88.26624022,21.55838566],[-88.26574529,21.55801557],[-88.26528409,21.55841467999999],[-88.26497294,21.55805151],[-88.26495865,21.55857086],[-88.26419225,21.558995369999995],[-88.26310686,21.558917289999997],[-88.2621704,21.56004645],[-88.26186775,21.55974665],[-88.26148223000001,21.56015825],[-88.26104266,21.561344600000005],[-88.26045389,21.560391429999996],[-88.25993103,21.56166737],[-88.25836323,21.561564739999998],[-88.25774134000001,21.56093419999999],[-88.25717237000002,21.56122788],[-88.257070558,21.562183611999995],[-88.25440643,21.564212019999996],[-88.252701151,21.563341549999997],[-88.2518468,21.563676519999998],[-88.25111692,21.563199059999995],[-88.25099571,21.563580819999995],[-88.25073714,21.56337485],[-88.25049518,21.563535059999996],[-88.25003525,21.563024419999998],[-88.24867806,21.562432369999996],[-88.24734052000001,21.56245891],[-88.24694397,21.5635246],[-88.24630105,21.563198579999998],[-88.24575172,21.563656749999996],[-88.24542655,21.563330599999997],[-88.24526291,21.563526570000004],[-88.24481662,21.562883049999993],[-88.24453151,21.563163859999996],[-88.24424109,21.562898309999998],[-88.24375777,21.563113379999994],[-88.24334168000001,21.56287077],[-88.24325358,21.56336772],[-88.24394982,21.56463428],[-88.24297637000001,21.56581668999999],[-88.24265102,21.565691649999998],[-88.24224498,21.565951980000005],[-88.24218174,21.56636769],[-88.24313735,21.566942139999995],[-88.24197580000002,21.5678008],[-88.24128469,21.56795698],[-88.240813837,21.567870719999995],[-88.24065254,21.567346402],[-88.23982026,21.56673794],[-88.23921946000002,21.56665609],[-88.23830875,21.567414750000005],[-88.2378,21.571399999999997],[-88.23816986,21.574290999999995],[-88.23929695,21.573663139999997],[-88.23965334,21.57450208],[-88.24052231,21.574336663999997],[-88.240460063,21.574719048999995],[-88.23984077,21.575342569999997],[-88.2384094,21.575985632],[-88.233693379,21.577139679],[-88.232164689,21.577871658],[-88.231798977,21.578092017],[-88.231663293,21.579059215999994],[-88.231945989,21.579834147],[-88.23106022,21.578736719999995],[-88.23068483,21.57879868],[-88.23072249,21.579328829999998],[-88.232266121,21.582138655999998],[-88.23075937,21.581867854],[-88.226798864,21.58289577],[-88.224542168,21.584133824],[-88.22369018900001,21.584993052999998],[-88.222513537,21.585398437000002],[-88.208966516,21.594745154999995],[-88.197238707,21.601155665999997],[-88.191009976,21.603327956],[-88.180246424,21.606290544],[-88.176193695,21.608111080999997],[-88.175369324,21.608923131999997],[-88.175885246,21.610182538999993],[-88.17493625,21.609056230999993],[-88.174448919,21.609299970000002],[-88.17484358,21.610634680999997],[-88.17758855,21.613342199999998],[-88.17603057,21.61350629],[-88.170165617,21.615076497],[-88.160420719,21.619682201],[-88.151525679,21.622335199999995],[-88.143318157,21.623977479],[-88.136603749,21.62480268],[-88.132049135,21.624923292],[-88.117182785,21.623287146000003],[-88.104323895,21.621044259],[-88.089646618,21.616988208],[-88.078127903,21.614605601000004],[-88.066161484,21.613069154],[-88.03579799,21.610431560999995],[-88.025310199,21.609811040999997],[-88.006568811,21.609844506999995],[-88.00716714700002,21.614788894000004]]],[[[-91.38590000100001,22.111499995],[-91.38720000100001,22.110599994999994],[-91.387500001,22.110899995000004],[-91.387500001,22.111599995],[-91.386400001,22.112399994999997],[-91.386,22.112299995],[-91.38590000100001,22.111499995]]],[[[-91.382800001,22.117399994999992],[-91.3805,22.117099994999997],[-91.380300001,22.116499995],[-91.381600001,22.115699995],[-91.383500001,22.115399995],[-91.384000001,22.116399994999995],[-91.3836,22.116999995000004],[-91.382800001,22.117399994999992]]],[[[-91.4082,22.117499994000003],[-91.409100001,22.117799994000002],[-91.40920000000001,22.119099994999992],[-91.40790000000001,22.119099993999995],[-91.407400001,22.118299995000005],[-91.40730000100001,22.117799995],[-91.4082,22.117499994000003]]],[[[-91.405900001,22.119199994999995],[-91.405000001,22.118899995],[-91.4045,22.117599994],[-91.405300001,22.117499995],[-91.405600001,22.117799995000002],[-91.405900001,22.119199994999995]]],[[[-91.388400001,22.121999994999992],[-91.389400001,22.122199995000006],[-91.389900001,22.122899995],[-91.3896,22.123599995000003],[-91.388700001,22.123399995],[-91.388100001,22.122799994999998],[-91.388400001,22.121999994999992]]],[[[-89.662810317,22.368585836999998],[-89.66359675300001,22.368378898],[-89.66403413900001,22.368973289999996],[-89.664219559,22.369489613000002],[-89.66401149300002,22.370056350000002],[-89.664317132,22.370673926],[-89.663901537,22.371354206000007],[-89.662630032,22.371536708999997],[-89.66238792500002,22.370904937000002],[-89.662906912,22.369389160999997],[-89.662810317,22.368585836999998]]],[[[-89.667961249,22.369027811999988],[-89.668499783,22.368251304],[-89.669827998,22.368827729],[-89.671697329,22.367675717],[-89.673782274,22.367553506999997],[-89.674004099,22.367957014],[-89.67394203,22.368627070000002],[-89.671725792,22.369606658],[-89.67019891200002,22.370978989],[-89.668579718,22.371668875],[-89.666984425,22.372855045000005],[-89.665697916,22.372751892999997],[-89.665057335,22.371832625999996],[-89.665356346,22.370844051999995],[-89.666518625,22.369490747000004],[-89.667961249,22.369027811999988]]],[[[-89.666948355,22.379620482],[-89.668189671,22.379093178999995],[-89.668581864,22.379896085999995],[-89.667996257,22.380620609000005],[-89.666928835,22.38039038599999],[-89.666948355,22.379620482]]],[[[-89.674958693,22.381465124],[-89.673833918,22.379265529999998],[-89.672580283,22.378484863],[-89.672740619,22.377593649999998],[-89.674134385,22.377421213999998],[-89.674605165,22.376886364],[-89.675763064,22.376979135],[-89.676535603,22.377734137],[-89.678259693,22.377661297999996],[-89.6792851,22.378135187],[-89.680152638,22.380314133000002],[-89.678561737,22.381495435],[-89.677588382,22.380711457999997],[-89.676396118,22.381339198999996],[-89.674958693,22.381465124]]],[[[-89.679120143,22.382156081000005],[-89.681542246,22.379962179999996],[-89.681985479,22.380214644],[-89.681919013,22.380932568],[-89.680026018,22.383711285],[-89.679281927,22.382928446999998],[-89.679120143,22.382156081000005]]],[[[-89.677794923,22.387624449],[-89.67828404,22.387241729999992],[-89.679168079,22.387493346],[-89.680095543,22.389375738],[-89.679637516,22.390122577],[-89.679036347,22.390315514999994],[-89.678238786,22.389829744000004],[-89.67772289000001,22.388402199],[-89.677794923,22.387624449]]],[[[-89.674559477,22.388269329999993],[-89.675588809,22.388351792999995],[-89.675902957,22.38873858399999],[-89.676163666,22.389422445999998],[-89.675568756,22.390387337999996],[-89.67452389,22.390472389],[-89.674163579,22.389744380999993],[-89.674112509,22.388896496999998],[-89.674559477,22.388269329999993]]],[[[-89.726117186,22.427140277999996],[-89.725556049,22.426758014000004],[-89.724861083,22.426926782999995],[-89.724575756,22.426506244999995],[-89.724672554,22.425597869999994],[-89.725354047,22.424675865000005],[-89.725912221,22.424303322],[-89.727114669,22.424760842],[-89.728428975,22.42428707],[-89.729286509,22.424548313],[-89.72954867600001,22.425594799999992],[-89.728377392,22.426345172000005],[-89.729248881,22.426642684],[-89.729452968,22.427334977999998],[-89.728482399,22.428486076000002],[-89.727117325,22.428666509999996],[-89.726227402,22.428474997],[-89.726117186,22.427140277999996]]],[[[-89.719742069,22.427479602999995],[-89.720919167,22.427790499999997],[-89.720698437,22.428496123999995],[-89.720025452,22.428623231999996],[-89.719742069,22.427479602999995]]],[[[-89.716346393,22.431827933],[-89.71615525600001,22.430434505999997],[-89.719148742,22.430311801000002],[-89.720231734,22.430518761],[-89.719896979,22.431335824],[-89.71865944100001,22.431749361999998],[-89.717865968,22.431659920999998],[-89.717041286,22.432072241999993],[-89.716346393,22.431827933]]],[[[-89.727869033,22.432720163000003],[-89.72854627,22.433024886999995],[-89.728503876,22.433484375999992],[-89.727478858,22.433576215],[-89.727300625,22.432809838999994],[-89.727869033,22.432720163000003]]],[[[-89.730752991,22.434878074999997],[-89.73031919,22.431709483999995],[-89.729411626,22.430865675],[-89.729258676,22.430274892999996],[-89.728577638,22.429786649],[-89.727308198,22.429492556999996],[-89.727016101,22.428948534],[-89.728648894,22.428789450000004],[-89.72942855600002,22.42798374],[-89.730351262,22.425627251],[-89.73126088900001,22.425661202],[-89.731310933,22.42489374599999],[-89.731702797,22.424693553],[-89.733355504,22.425779966],[-89.733278977,22.427172111000008],[-89.733805569,22.427648023],[-89.733076556,22.427792418],[-89.733168622,22.428368698],[-89.730987148,22.428966241],[-89.730316356,22.429491346],[-89.731165099,22.429848305999993],[-89.73354221,22.429941368],[-89.733793734,22.430588216],[-89.73166371,22.431189873],[-89.732778721,22.431471618],[-89.73383932,22.431218649000005],[-89.73437917200002,22.431550969000003],[-89.734317377,22.432221058999996],[-89.733258211,22.4335831],[-89.734527702,22.433877144000004],[-89.735986965,22.433800577],[-89.736881351,22.433100403],[-89.737786032,22.433413566],[-89.737711014,22.434227247999996],[-89.738246475,22.43460741799999],[-89.73784488900002,22.435587943000005],[-89.736731304,22.436415303999997],[-89.735632421,22.436520598999998],[-89.734755662,22.437029313],[-89.731862123,22.435786157],[-89.730752991,22.434878074999997]]],[[[-89.73553390700002,22.437630186],[-89.739024005,22.436341275999997],[-89.739009252,22.433688261000004],[-89.739590294,22.433011324000002],[-89.741156928,22.432895048],[-89.742506623,22.43372578],[-89.74381223,22.43503514],[-89.742856076,22.43556168],[-89.740892231,22.435766874000002],[-89.740737819,22.437442106999995],[-89.741366756,22.439059199],[-89.739027728,22.439113951],[-89.738634193,22.437756678],[-89.736600429,22.440125940999998],[-89.735497111,22.439435331000002],[-89.73553390700002,22.437630186]]],[[[-89.731528772,22.438565507],[-89.732154571,22.438528604],[-89.733031024,22.439148121999995],[-89.733454227,22.440295629999998],[-89.732314693,22.440841246999998],[-89.731521619,22.440835888000002],[-89.730596197,22.439735124999995],[-89.730796149,22.439085689999995],[-89.731528772,22.438565507]]],[[[-89.72862103100002,22.44355792],[-89.727360007,22.442047063000004],[-89.726867833,22.443164992],[-89.725969702,22.443201854999998],[-89.725433519,22.44268899099999],[-89.726098907,22.44180185],[-89.726436618,22.440671604999995],[-89.727072177,22.440107537999996],[-89.726960776,22.439628552999995],[-89.727630498,22.439537311],[-89.729370404,22.440073821],[-89.729309659,22.441153829],[-89.728809828,22.441511755],[-89.729397814,22.443149751],[-89.729091061,22.443523073],[-89.72862103100002,22.44355792]]],[[[-89.723080211,22.443571678999998],[-89.724769675,22.443474999],[-89.725890625,22.444142987999992],[-89.725841095,22.445354073999997],[-89.725562136,22.445678981],[-89.724490528,22.44582495199999],[-89.723168301,22.445314475000004],[-89.723080211,22.443571678999998]]],[[[-89.740151713,22.47217675],[-89.744016095,22.471761227999995],[-89.744766552,22.472062051],[-89.744242428,22.473527059],[-89.744607064,22.474918175000003],[-89.744465841,22.475606057],[-89.743999393,22.475882322999997],[-89.742336974,22.475906665999997],[-89.741019949,22.474716942999997],[-89.740113097,22.472595562000002],[-89.740151713,22.47217675]]],[[[-89.74935959000001,22.468340425999994],[-89.749297393,22.462761614999998],[-89.748752893,22.461633436999996],[-89.746791482,22.45965489],[-89.745497387,22.45896353],[-89.744879334,22.457226788000003],[-89.744110828,22.457784073000003],[-89.743368726,22.45739350299999],[-89.742815931,22.454245621],[-89.740734047,22.452211473],[-89.73871478,22.448936213999993],[-89.737680975,22.443876405],[-89.73786853,22.441842195000003],[-89.73866659,22.440218239999997],[-89.740854858,22.440392559999996],[-89.74334636,22.441332444],[-89.7454024,22.441534738999998],[-89.747419696,22.442833226],[-89.74483322,22.444457336999992],[-89.744484678,22.446551052999997],[-89.74457299,22.447281312999998],[-89.745313054,22.448256328999996],[-89.745457384,22.45063036499999],[-89.74507401500001,22.451365385],[-89.745725123,22.452743143999996],[-89.745598319,22.454119237],[-89.748028236,22.454889129],[-89.747803195,22.455642659],[-89.75139850300002,22.458002051000005],[-89.752239368,22.458165391],[-89.752561667,22.458890154999995],[-89.751515701,22.460108735999995],[-89.752402966,22.460613272000003],[-89.753036563,22.46218246],[-89.752473896,22.463222532999996],[-89.753237652,22.464223494999995],[-89.754564082,22.46418437399999],[-89.75465037100001,22.465782336],[-89.75652246,22.469113441999998],[-89.759253668,22.470188225999998],[-89.760811452,22.475808598],[-89.758449041,22.478107684000005],[-89.757469086,22.478608339000004],[-89.75699047,22.482003198],[-89.756329539,22.482644935999993],[-89.755546288,22.484164104],[-89.754466704,22.483943235],[-89.752486798,22.481104968],[-89.751244683,22.47994541],[-89.750556433,22.478405616000003],[-89.749375796,22.477510771999988],[-89.747925817,22.475409677999995],[-89.7481354,22.473135162999995],[-89.74935959000001,22.468340425999994]]],[[[-89.74811146000002,22.484321888999997],[-89.749507593,22.483950833999998],[-89.751148462,22.484443006999996],[-89.751650739,22.485326738],[-89.75162142,22.486348981999996],[-89.750922464,22.486896067000004],[-89.749542841,22.487087642999995],[-89.748534755,22.486766349],[-89.747870645,22.486231344],[-89.74811146000002,22.484321888999997]]],[[[-89.752245452,22.490135320999997],[-89.753919473,22.490268481],[-89.754256188,22.490837686],[-89.754403513,22.492054786999997],[-89.754094623,22.493295873999998],[-89.753605335,22.493678840999998],[-89.74977165600001,22.494458713],[-89.74929515,22.493998912999995],[-89.749173662,22.493205743999997],[-89.74953773,22.49136636],[-89.752245452,22.490135320999997]]],[[[-89.732027989,22.499774698000003],[-89.730715199,22.499380797],[-89.729753853,22.499658919],[-89.729005223,22.499352729999995],[-89.728676197,22.494836376],[-89.72809018,22.496266289],[-89.727533658,22.496673956999995],[-89.72675195200001,22.496766662],[-89.726589657,22.497259996],[-89.727248591,22.497710304],[-89.727497914,22.499646770999995],[-89.72613684,22.500478495999996],[-89.724614701,22.500104014999994],[-89.724304728,22.497981892999995],[-89.725533317,22.497320435000002],[-89.726319228,22.497238438000007],[-89.725460615,22.495578854],[-89.725802921,22.493978845999997],[-89.726773165,22.493586083],[-89.728334265,22.493694409000003],[-89.727951725,22.492217434],[-89.728068437,22.491231995],[-89.72852284,22.490527174999993],[-89.730206427,22.490275628000006],[-89.731192411,22.490836362999996],[-89.731536015,22.491960374],[-89.731389702,22.493545872],[-89.731705138,22.495047623],[-89.734377012,22.494561652],[-89.73555142100001,22.495330229000004],[-89.735486647,22.497157276],[-89.736200265,22.497997343999998],[-89.73634612500001,22.500215124999997],[-89.735952806,22.501382885999995],[-89.735009735,22.502326614],[-89.732922738,22.502449655],[-89.732266906,22.501963174999997],[-89.7319985,22.501218831999996],[-89.732027989,22.499774698000003]]],[[[-89.757859061,22.505532451],[-89.759426531,22.505415986999996],[-89.760927896,22.506017484000004],[-89.761568419,22.507514853],[-89.761177424,22.508645414000004],[-89.759684825,22.509655365000004],[-89.75780177000001,22.50895566],[-89.757340459,22.506937681],[-89.757859061,22.505532451]]],[[[-89.770988262,22.500791008999997],[-89.770054326,22.499662127],[-89.768248638,22.499548826999998],[-89.767098706,22.49900545599999],[-89.764900997,22.499636912],[-89.763387169,22.499162551],[-89.762383413,22.498088338],[-89.761818016,22.495972557],[-89.76111491400002,22.494817361999996],[-89.759143857,22.493908513],[-89.756981798,22.491017262999996],[-89.755326555,22.487356269],[-89.755294536,22.48567583],[-89.756617288,22.484027489999995],[-89.756746091,22.483304861000004],[-89.757465962,22.483149960000002],[-89.758036981,22.480824035],[-89.758610327,22.479962325999995],[-89.759689568,22.480227127],[-89.759784445,22.482577925],[-89.759433849,22.483876487999996],[-89.76045504,22.485464400000005],[-89.761167442,22.488293404000004],[-89.762505109,22.489966725000002],[-89.763780116,22.490911825999998],[-89.764251824,22.492155212999997],[-89.765924312,22.493239321999997],[-89.766503822,22.494384670999995],[-89.770171937,22.495457681999994],[-89.771154819,22.497464347],[-89.776272996,22.498232371999997],[-89.778275628,22.498829577999995],[-89.777891072,22.500303353999996],[-89.783014535,22.504007835999992],[-89.784489965,22.505457952999997],[-89.782812542,22.506771311999998],[-89.781687883,22.50830795],[-89.778015656,22.510971055000002],[-89.774051732,22.512090855],[-89.772982801,22.510848823],[-89.771070105,22.507008806000005],[-89.769793057,22.506675949],[-89.769105683,22.505348472999998],[-89.769559047,22.50312801999999],[-89.771314342,22.502534565],[-89.770988262,22.500791008999997]]],[[[-89.735690072,22.508355274],[-89.736900672,22.507186021],[-89.738478672,22.507588929000004],[-89.73928674,22.508955104],[-89.739127808,22.510678224000003],[-89.737785646,22.511656209999998],[-89.73634135400002,22.511842541],[-89.735656933,22.510823708999993],[-89.735690072,22.508355274]]],[[[-89.71580703200001,22.506708068000002],[-89.717515502,22.506332341],[-89.718971503,22.506508463000003],[-89.720159028,22.506994932],[-89.721089828,22.508154030999997],[-89.720847335,22.509587499999995],[-89.720226068,22.510695153],[-89.71867751100001,22.511728849],[-89.717158581,22.511318395999993],[-89.715266058,22.509335189999998],[-89.71580703200001,22.506708068000002]]],[[[-89.73130014,22.518906750999996],[-89.729766602,22.514155798999997],[-89.731170883,22.512435473999997],[-89.732792902,22.512853996999997],[-89.7345415,22.514150475],[-89.734279465,22.515865384999998],[-89.73551589,22.515963865000003],[-89.735674845,22.517615873],[-89.734968293,22.518523923999997],[-89.732948742,22.519038086999995],[-89.73130014,22.518906750999996]]],[[[-89.751218993,22.518599121999998],[-89.75234961500001,22.518285761999998],[-89.753288585,22.518667293999997],[-89.754634343,22.521522603],[-89.75451226800001,22.522284346000003],[-89.75384110000002,22.522809562999996],[-89.75253684,22.522320114999992],[-89.75184342,22.521397083000004],[-89.750702564,22.520824183999995],[-89.75009897100001,22.520052934999995],[-89.750277,22.519247429000004],[-89.751218993,22.518599121999998]]],[[[-89.743185281,22.518018163],[-89.742666386,22.517313893],[-89.741420751,22.517455819],[-89.740993853,22.516457515000006],[-89.741762844,22.513746314],[-89.74276189200002,22.513464221],[-89.744454664,22.514804351],[-89.745532865,22.515070967],[-89.74601853,22.514024759999995],[-89.745177652,22.513294875],[-89.744844513,22.511279459],[-89.745192142,22.509619571999995],[-89.746075183,22.508484452],[-89.747063154,22.508321992999996],[-89.74736289800002,22.506477485999998],[-89.748797864,22.505687620000003],[-89.750508903,22.506125095000005],[-89.751333225,22.507034442999995],[-89.751026258,22.509661883],[-89.750031002,22.510607293],[-89.7489032,22.510879186999997],[-89.748918158,22.513532240999997],[-89.747680033,22.515000744999995],[-89.746633133,22.515098252999987],[-89.746495248,22.516594024999993],[-89.745858718,22.51786930999999],[-89.745400619,22.518616363],[-89.744401538,22.518898473],[-89.745220382,22.519867685999998],[-89.745222308,22.521254046999992],[-89.744720062,22.522479746],[-89.74350568,22.522985799999997],[-89.74075294,22.520476426],[-89.741244179,22.519370402000003],[-89.74269958,22.51906436299999],[-89.743185281,22.518018163]]],[[[-89.749086425,22.524131803],[-89.750500971,22.523424656000003],[-89.751343428,22.524136268],[-89.751947461,22.525468336999996],[-89.751985334,22.528436618],[-89.750870267,22.528709551999995],[-89.749779294,22.527031652],[-89.749086425,22.524131803]]],[[[-89.738559055,22.529209689999995],[-89.739659437,22.529237025],[-89.740494867,22.530026771999996],[-89.740110315,22.531382374],[-89.739357708,22.531804622],[-89.738323542,22.531059316],[-89.73820542,22.529723815],[-89.738559055,22.529209689999995]]],[[[-89.741478712,22.529488825999994],[-89.740091961,22.527642655999998],[-89.73952817,22.528128149999997],[-89.738363322,22.527003037],[-89.738593322,22.526267972],[-89.739257576,22.525748291],[-89.739022958,22.525126909999997],[-89.737064227,22.524910679999998],[-89.736633659,22.523249097999997],[-89.737008102,22.521651619999997],[-89.738677899,22.521483228999998],[-89.740272283,22.522484083],[-89.74044068,22.523823431000004],[-89.7396044,22.524449959999995],[-89.739876737,22.525014072999998],[-89.741265131,22.525614539],[-89.741765654,22.526377621000005],[-89.740900116,22.527321261999997],[-89.741628806,22.527861426],[-89.74194387,22.528947256999995],[-89.742986127,22.529464157],[-89.743395425,22.53065391699999],[-89.743131184,22.531932965999996],[-89.742580077,22.532280861],[-89.741807084,22.532118631],[-89.741165212,22.531199651],[-89.741478712,22.529488825999994]]],[[[-89.741442631,22.538461686999998],[-89.74085737500002,22.53636591599999],[-89.740403765,22.536359944],[-89.740263001,22.536830900999995],[-89.73935025900002,22.536878781999995],[-89.738909515,22.536030046999997],[-89.739372317,22.535584727999993],[-89.740512324,22.535886423000008],[-89.741124157,22.534880397],[-89.742476695,22.534988049],[-89.743142883,22.535854714],[-89.743427248,22.536992342000005],[-89.743019732,22.53894882499999],[-89.741442631,22.538461686999998]]],[[[-89.737778825,22.538312107],[-89.737267608,22.537945945],[-89.736904348,22.538929563],[-89.736456065,22.539147005],[-89.735706354,22.538834170999998],[-89.735815673,22.537649522999995],[-89.736565381,22.536696678000002],[-89.737403411,22.536474107],[-89.740288525,22.538114117],[-89.74137837900001,22.540225946],[-89.741112302,22.541000335000003],[-89.740329455,22.54104650999999],[-89.738861394,22.540335391],[-89.737778825,22.538312107]]],[[[-89.76232002500001,22.561685037],[-89.760337063,22.561751017],[-89.76007272,22.561023819999996],[-89.761328605,22.560891682999994],[-89.763245449,22.561156241],[-89.763509767,22.562081762999995],[-89.763311401,22.562941145],[-89.762782625,22.562808891999993],[-89.76232002500001,22.561685037]]],[[[-89.764178593,22.56275456599999],[-89.76457522600002,22.562424059999998],[-89.769334425,22.562755002],[-89.774688701,22.561631720999998],[-89.775614216,22.56083853699999],[-89.776275243,22.560706398],[-89.777398885,22.561235389999997],[-89.778059697,22.562623724999995],[-89.777200272,22.563483017999992],[-89.774952822,22.563813294999996],[-89.773366418,22.563813122],[-89.771251291,22.563151831],[-89.765831022,22.563614092999995],[-89.764178593,22.56275456599999]]],[[[-89.779488628,22.559914813],[-89.780149596,22.559981002999994],[-89.780413909,22.560509895999992],[-89.780744081,22.562625372999996],[-89.780743599,22.565864632999997],[-89.780280808,22.566657862],[-89.779752079,22.566393364999996],[-89.77915736500002,22.565335573999995],[-89.778232587,22.561236806999993],[-89.778563185,22.560443558],[-89.779488628,22.559914813]]],[[[-89.775440687,22.565048255],[-89.776233867,22.564850025999995],[-89.777423295,22.566965603000003],[-89.777489268,22.567825005999996],[-89.776629901,22.568750404],[-89.77557263,22.566899276],[-89.775440687,22.565048255]]],[[[-89.77348123300001,22.566844457000002],[-89.774406545,22.566976778],[-89.774538529,22.56849726],[-89.77526526,22.570744993000005],[-89.774868436,22.572662056999995],[-89.774207509,22.572595873000004],[-89.773811001,22.572199184],[-89.77348123300001,22.566844457000002]]],[[[-89.763521197,22.578788414],[-89.76381799,22.577257027],[-89.76423761700002,22.576928736],[-89.764810856,22.577046585999998],[-89.76523837400002,22.577478318],[-89.765718047,22.579035208999994],[-89.764191593,22.578697012000003],[-89.763859193,22.578923744999997],[-89.76425721900002,22.580944261999996],[-89.76256517500002,22.581135327999995],[-89.761916652,22.580143603999993],[-89.763521197,22.578788414]]],[[[-89.756405553,22.582056263999995],[-89.755826727,22.581576319000003],[-89.757375959,22.579131929999996],[-89.758500948,22.576219876999993],[-89.75846436,22.575349081999995],[-89.759647409,22.575303099999996],[-89.759952104,22.575684262999992],[-89.759764031,22.580261890999996],[-89.760333105,22.580261222],[-89.760493162,22.581223866999995],[-89.760260187,22.581639303000003],[-89.75838372800001,22.582141133000004],[-89.756405553,22.582056263999995]]],[[[-89.75516304400001,22.565851136],[-89.755849425,22.565927501999997],[-89.756993086,22.56806342699999],[-89.75752662700002,22.570122995000002],[-89.756153489,22.57256369999999],[-89.755695183,22.577369132999998],[-89.75416963,22.579275881],[-89.752948958,22.58247939],[-89.752262635,22.582174193999997],[-89.751881599,22.58019093],[-89.75096664000002,22.578741544],[-89.753712834,22.57386011],[-89.754018591,22.569054654],[-89.754857846,22.56676643],[-89.754629105,22.566385013],[-89.75516304400001,22.565851136]]],[[[-89.665483553,22.552078711000004],[-89.660963846,22.546593479],[-89.653827081,22.536793703],[-89.639861199,22.522871328000004],[-89.636852192,22.519230338999993],[-89.626558567,22.50603531],[-89.625197452,22.504768661],[-89.619136654,22.495457283],[-89.612230997,22.479351028999996],[-89.609977919,22.471792137000005],[-89.609125159,22.46340566],[-89.609654258,22.459397833],[-89.609042433,22.457612686999997],[-89.608554082,22.453667612999997],[-89.609371407,22.448236427999998],[-89.608586331,22.440795693999995],[-89.608856291,22.437238031999996],[-89.610664729,22.432441187999995],[-89.6111136,22.428318444],[-89.611574658,22.426848722],[-89.613111818,22.422873867],[-89.615227995,22.418945611000005],[-89.616947438,22.416492244],[-89.61790892,22.414520329],[-89.618350063,22.412566813],[-89.622570526,22.404829801],[-89.623450144,22.401645828],[-89.625096191,22.398583777],[-89.625995527,22.395883569000002],[-89.627052011,22.394280905999995],[-89.627697081,22.392223243999997],[-89.628387346,22.39107330399999],[-89.629207967,22.38782431],[-89.6307879,22.385108887],[-89.634025812,22.380617356],[-89.635453885,22.379464305999996],[-89.636486459,22.377558321],[-89.637823007,22.376146883],[-89.640217768,22.373807900000006],[-89.646842335,22.368626294999988],[-89.648450777,22.367634411],[-89.651960626,22.366811376999998],[-89.652969429,22.366938984],[-89.652854734,22.369292412],[-89.654511075,22.370437915000004],[-89.65538588,22.370508122999997],[-89.654986739,22.369222449],[-89.65614205,22.367386487],[-89.660210007,22.365446693999992],[-89.662072005,22.367658717],[-89.66223034600002,22.368466993999995],[-89.66127603,22.371211129],[-89.65903616,22.373526869999996],[-89.658553983,22.373800003999996],[-89.65667477,22.373938524999996],[-89.655606144,22.374703152],[-89.65513961600001,22.376825836],[-89.653656481,22.376494651000005],[-89.652561333,22.375558129],[-89.65115639,22.376339778000002],[-89.650886785,22.377149881999998],[-89.65161206800002,22.377714384999994],[-89.651664562,22.378405693999994],[-89.650170419,22.379840754000003],[-89.647644115,22.381084437000002],[-89.64717537,22.382782621999997],[-89.646611673,22.382990498],[-89.646934328,22.383703505],[-89.646309774,22.385823136000003],[-89.64714142700001,22.387336439999995],[-89.646814574,22.387924965999996],[-89.64713863700001,22.38820412899999],[-89.64758268,22.387191054999995],[-89.648264131,22.387390421999996],[-89.64827382800001,22.388279455000003],[-89.648657892,22.389013210000005],[-89.649389896,22.389505934],[-89.650864721,22.389692885],[-89.651171333,22.390842317],[-89.65170174,22.390993380000005],[-89.652668121,22.390636988000004],[-89.65282723,22.390179639],[-89.651960227,22.388627371],[-89.652675005,22.388467763],[-89.652661102,22.387779551999998],[-89.65149256,22.386962500000003],[-89.651690267,22.38650825099999],[-89.654374166,22.387338426],[-89.654171765,22.38826242],[-89.655639315,22.387114483],[-89.65516554,22.386353209000003],[-89.654293049,22.386536332999995],[-89.653042603,22.386182839000003],[-89.652282,22.385579346999997],[-89.652817892,22.383995028],[-89.653940571,22.384048969],[-89.654341247,22.383502518999997],[-89.65263262100001,22.381678933],[-89.653069103,22.380869019000002],[-89.653953037,22.380579481],[-89.654597712,22.38073856],[-89.6546896,22.380167328999992],[-89.655697543,22.379658703],[-89.656881614,22.380849504999997],[-89.658276841,22.380637129],[-89.657466627,22.379992374999997],[-89.657207416,22.377634198],[-89.655920471,22.376976435999993],[-89.656466755,22.375681103],[-89.657791725,22.374811022],[-89.658795211,22.374891532999996],[-89.659767383,22.375728942999995],[-89.660846227,22.375852794000004],[-89.661447387,22.374960784999995],[-89.66104331500001,22.373168457999995],[-89.662913211,22.372571079000004],[-89.664611831,22.373261795],[-89.66560465800002,22.374016442],[-89.665174408,22.3751053],[-89.665307846,22.37637937099999],[-89.664316737,22.377842833999996],[-89.663766891,22.384046038000008],[-89.663239596,22.384211086],[-89.662736824,22.383971870999996],[-89.662451124,22.383418571999997],[-89.66236552200002,22.382664345],[-89.663128645,22.381423689000002],[-89.663077648,22.380575805000003],[-89.662117885,22.378485776000005],[-89.661700876,22.378090703999995],[-89.659563469,22.378011820999998],[-89.660724262,22.379311722999994],[-89.661110173,22.380740969000005],[-89.660151793,22.382689206999995],[-89.658482748,22.384201292999997],[-89.658149951,22.384994284],[-89.65858912600001,22.385849205999996],[-89.659665455,22.385983765999995],[-89.658931458,22.387461235],[-89.659478018,22.388276552999997],[-89.659469966,22.389481333],[-89.658687279,22.390093588],[-89.659475233,22.390542531999998],[-89.660218799,22.391470081999998],[-89.660941142,22.390949413999994],[-89.661242024,22.389382383],[-89.660708766,22.388423489],[-89.659728275,22.387814455999997],[-89.659868525,22.386861366000005],[-89.661456879,22.386506594999997],[-89.661288325,22.385528735999994],[-89.662265311,22.384498103999995],[-89.66328573,22.384676370999998],[-89.663360261,22.385858188000004],[-89.662553287,22.387571473],[-89.663548743,22.389067673999996],[-89.664082823,22.388899551000005],[-89.666542456,22.390332315],[-89.668887108,22.390873324999998],[-89.669846554,22.391933846],[-89.671267067,22.392047688],[-89.671712146,22.391273313],[-89.671045525,22.390409850999998],[-89.670799068,22.389208788999998],[-89.671395795,22.388644257999996],[-89.672201895,22.389345316000004],[-89.67257358,22.39070588],[-89.672070808,22.392221915999993],[-89.673073544,22.39224199199999],[-89.675528763,22.391625038999997],[-89.676534872,22.392308342],[-89.67695149600002,22.393758075999997],[-89.679363641,22.395006003000002],[-89.679627771,22.396353110999996],[-89.679176335,22.396678582999996],[-89.679429839,22.397090644],[-89.680428146,22.396808960999998],[-89.680982695,22.396069847],[-89.683097517,22.396329572999992],[-89.684968432,22.397473804000004],[-89.686138648,22.397085304],[-89.687158696,22.397618969999993],[-89.687502535,22.397405405000004],[-89.68696818500001,22.395825745],[-89.684697411,22.394800207999996],[-89.682766035,22.393259371000003],[-89.682581766,22.39209947799999],[-89.68319657,22.390009095999993],[-89.683083878,22.389126152],[-89.681796631,22.387255955999997],[-89.680985235,22.387171699],[-89.680718355,22.387478199],[-89.679971921,22.387476286],[-89.679789933,22.386642031],[-89.681075023,22.384336564],[-89.681333732,22.382802302],[-89.68303436700002,22.379973168999992],[-89.684825697,22.379104043],[-89.686119335,22.378849011000003],[-89.690070459,22.380576783],[-89.691097071,22.381584676999992],[-89.692914599,22.381440796],[-89.693854909,22.382036751999998],[-89.693708155,22.382950759000003],[-89.692000182,22.382582684],[-89.690806086,22.383332109999998],[-89.688366178,22.386839867],[-89.687548185,22.388906704],[-89.692608567,22.394735928],[-89.69631855500002,22.395828230999996],[-89.696557749,22.399969835],[-89.697613816,22.402007033],[-89.699982487,22.404149161],[-89.702152127,22.408445061],[-89.704765899,22.410462044],[-89.709899253,22.412457925],[-89.712679386,22.415693441999995],[-89.716737705,22.41737352],[-89.720892776,22.418006487999996],[-89.725139749,22.41940004],[-89.725263844,22.420220667999995],[-89.726744109,22.420589456999995],[-89.729239731,22.420631072999996],[-89.729861775,22.420973085999996],[-89.729668177,22.421497660999993],[-89.728438794,22.42166963399999],[-89.729124471,22.423383790000003],[-89.727491697,22.424217893999995],[-89.72685786,22.424099037999998],[-89.725724852,22.422992126999997],[-89.72464553000002,22.423448457999996],[-89.724482562,22.424661740999998],[-89.724063026,22.424936853],[-89.723344043,22.424860211000002],[-89.722040185,22.423570018],[-89.720547219,22.423450891999998],[-89.71899083,22.423702837],[-89.717965859,22.42276272999999],[-89.716212701,22.422786792],[-89.713692329,22.421775554999996],[-89.712853562,22.421178144999995],[-89.712417823,22.420309217],[-89.711429358,22.42048341799999],[-89.710678244,22.419772518999995],[-89.710845009,22.418809465],[-89.710184393,22.417961142],[-89.70400602500001,22.416635841],[-89.701012018,22.417047483999994],[-89.697096113,22.416853768],[-89.695716372,22.415430769],[-89.693918391,22.415106174999995],[-89.692051492,22.416367188],[-89.68967106,22.416032118000004],[-89.689604618,22.416750048999997],[-89.690348958,22.417532843999997],[-89.68961620100002,22.418305958],[-89.690361805,22.418654904999997],[-89.690791079,22.418219134],[-89.691687212,22.418110375],[-89.692053962,22.418862586],[-89.692743532,22.418556117],[-89.69363219400002,22.418808372],[-89.693798955,22.420509283],[-89.695072811,22.421454938],[-89.694914372,22.422466867],[-89.693515269,22.422174171],[-89.692928504,22.422910760999997],[-89.691893359,22.422888239999995],[-89.690878272,22.423349482000003],[-89.691864967,22.425296794999998],[-89.693497977,22.424463068],[-89.698256506,22.424180571],[-89.699287578,22.425649210999993],[-89.699322224,22.426676576999995],[-89.696667166,22.426645137999998],[-89.696495673,22.427471196999996],[-89.697906192,22.427921477999995],[-89.698337677,22.429611398999995],[-89.698851499,22.429756940999997],[-89.701601967,22.432464733000003],[-89.702781123,22.432501101000003],[-89.704205967,22.431226321999997],[-89.705519292,22.431157670999994],[-89.706948949,22.431850473000004],[-89.708807271,22.433966121999994],[-89.71173227,22.433968267999997],[-89.713598241,22.433307221999996],[-89.714307795,22.433711023],[-89.715040453,22.433190918],[-89.716166573,22.433801541],[-89.717283963,22.433832866],[-89.718537386,22.433065014000004],[-89.719848869,22.4336904],[-89.720041117,22.434978637000004],[-89.719384307,22.436025548],[-89.721713871,22.43476687699999],[-89.723468091,22.434726013000002],[-89.727458265,22.435044259999998],[-89.729116767,22.436743513],[-89.728432654,22.437834084999988],[-89.726880622,22.438493827999995],[-89.72482474000002,22.438992831],[-89.722776281,22.438708894],[-89.721632992,22.440067687999992],[-89.721127863,22.442168172],[-89.720548721,22.443047711],[-89.71891930400001,22.443888353000002],[-89.719956386,22.444453263],[-89.72150107800002,22.444576503000004],[-89.721402584,22.446579648999997],[-89.721690777,22.447952685],[-89.721405074,22.450485336],[-89.720528939,22.450704735],[-89.71944175,22.450401022999994],[-89.718795231,22.449819061000003],[-89.718611002,22.448631105000004],[-89.714670869,22.450293514],[-89.714095329,22.452031572],[-89.713012414,22.452523720999995],[-89.712609012,22.454082651999997],[-89.712988426,22.455029048999997],[-89.71380505,22.454612072999993],[-89.714881989,22.454746249000003],[-89.715458825,22.454117263],[-89.715278089,22.45270457],[-89.716110815,22.452674598000005],[-89.716821567,22.451718783000004],[-89.718233963,22.451590411999998],[-89.718458931,22.452524466999996],[-89.719109333,22.451660258999993],[-89.719880174,22.452300353999995],[-89.722295914,22.452541288000003],[-89.723135944,22.452994019999995],[-89.722716336,22.455853506],[-89.722101291,22.456334822],[-89.721002234,22.456440014],[-89.721108302,22.455291291999995],[-89.720781823,22.454108062999996],[-89.719322329,22.454184486000003],[-89.719010646,22.456178664],[-89.718246375,22.457082004999997],[-89.719281652,22.458159064],[-89.719173908,22.459325734],[-89.719767874,22.459915552999995],[-89.722431771,22.460911566],[-89.723129753,22.460726157],[-89.723281542,22.460135564],[-89.722569869,22.459415831999998],[-89.721639275,22.459311468000003],[-89.720807164,22.458491713999997],[-89.722183885,22.457275595],[-89.723085042,22.457347473999995],[-89.724509335,22.458425387000002],[-89.726971056,22.457747778],[-89.728006478,22.457770063000005],[-89.729579815,22.458287245999998],[-89.72980229,22.459389836],[-89.729473042,22.460147095999993],[-89.727553859,22.460566655999997],[-89.726902823,22.460243534],[-89.726098284,22.45912466099999],[-89.725566761,22.459263086999993],[-89.725673322,22.460567386],[-89.724411631,22.460888660999995],[-89.722917935,22.463722762],[-89.721612492,22.464341879],[-89.721078057,22.46556491999999],[-89.719880545,22.466946011],[-89.718421557,22.466341423999996],[-89.717518247,22.465491864000008],[-89.71737473100002,22.464869273000005],[-89.717988343,22.464263699],[-89.719479542,22.463648582999998],[-89.719596237,22.462384988000004],[-89.718639332,22.461961486999996],[-89.717551671,22.462279718000005],[-89.714806366,22.463891988],[-89.714334762,22.464953678],[-89.71527232800001,22.464912787],[-89.716253899,22.465743293],[-89.716294161,22.468003024000005],[-89.717138115,22.468301805999996],[-89.718752044,22.467678404],[-89.719212745,22.468756628999994],[-89.71821465,22.472148565999998],[-89.718926284,22.471858184000002],[-89.719500256,22.471036083],[-89.722034055,22.471238197],[-89.722623915,22.470243773999993],[-89.722818295,22.468812795000005],[-89.722444258,22.466121435999998],[-89.72359026900001,22.465171371],[-89.7258945,22.464487234],[-89.72751786300002,22.464983110000002],[-89.728014388,22.465926743],[-89.728663637,22.465918230999996],[-89.729784584,22.467122578999998],[-89.730061346,22.467988417],[-89.730724407,22.467830321999994],[-89.731633878,22.468867125000003],[-89.73153358,22.470305606],[-89.730786812,22.470667976],[-89.728613684,22.470675567999997],[-89.7271202,22.470345560999995],[-89.727267178,22.472617402],[-89.728802979,22.473191859],[-89.729272877,22.474073093999998],[-89.72894635,22.474800439999996],[-89.728473625,22.475003837999992],[-89.728936148,22.476246105],[-89.728454932,22.476822499999997],[-89.725137591,22.476508303999992],[-89.725360059,22.477610904],[-89.724703325,22.478402321],[-89.72465170600002,22.479663877999993],[-89.723498193,22.481621082],[-89.724864843,22.482272487999996],[-89.725881987,22.483197368],[-89.7267576,22.482845284000003],[-89.727754167,22.483641942000002],[-89.727637322,22.484205194],[-89.728046575,22.484689843000005],[-89.728647157,22.484858253999995],[-89.728711603,22.483808666],[-89.728275508,22.483122988999998],[-89.728162263,22.482101424],[-89.729002798,22.477491472],[-89.729828343,22.476978683],[-89.730163944,22.475028579],[-89.731772321,22.47390315099999],[-89.734360639,22.473964754],[-89.735281773,22.474664949000005],[-89.73559666,22.475750783],[-89.734225179,22.478245168],[-89.732385751,22.479062917],[-89.732248848,22.480546700999998],[-89.732697645,22.481305702],[-89.732802092,22.48242299],[-89.732319393,22.483155981999996],[-89.732703083,22.484751092999996],[-89.732553673,22.486089234999998],[-89.729627279,22.488001641],[-89.726561116,22.488335832],[-89.725944485,22.488551862],[-89.725577997,22.489149454999996],[-89.724588315,22.489191089],[-89.723666372,22.488780063999997],[-89.723325132,22.489431899999996],[-89.72365064700001,22.490905348000002],[-89.722900722,22.49200274],[-89.72198164900001,22.492122314],[-89.721212008,22.49174753],[-89.720224516,22.491765205],[-89.720017498,22.493725564],[-89.719728234,22.494329305000004],[-89.719076966,22.494638982000005],[-89.718241768,22.494692901999997],[-89.717731877,22.494314712],[-89.717798206,22.493596756000002],[-89.716525192,22.493615739000003],[-89.715785334,22.495726454000003],[-89.714646279,22.495418595000004],[-89.713757846,22.496890632],[-89.713162486,22.497156530999998],[-89.712510555,22.496911637999997],[-89.712632058,22.49643916799999],[-89.712256953,22.4954449],[-89.711559369,22.495413333],[-89.711244307,22.496015003],[-89.710513534,22.496342407999997],[-89.709978359,22.497360457],[-89.709085389,22.497581457999996],[-89.708420586,22.497335518999996],[-89.70831695,22.496772753],[-89.707351028,22.495574596999997],[-89.706385379,22.494971363000005],[-89.705260589,22.495034001],[-89.705548044,22.495945984999995],[-89.708105324,22.498780963],[-89.708615206,22.498915119],[-89.708934712,22.498265591],[-89.711884254,22.498129751],[-89.71325285,22.498817571],[-89.713902475,22.500547348],[-89.713809647,22.506268078999998],[-89.713002259,22.507592295],[-89.713754324,22.509561686],[-89.714966897,22.514634395999998],[-89.71761955800001,22.51692896000001],[-89.717481566,22.518422315],[-89.71473077,22.521905931],[-89.713631992,22.522339012],[-89.713686619,22.523095553000005],[-89.715080144,22.524190349000005],[-89.715745521,22.527772895],[-89.715330217,22.528896972000002],[-89.71612147,22.529770129999996],[-89.7159103,22.531414185999996],[-89.716228222,22.531765007],[-89.7168456,22.530695788999996],[-89.718030938,22.530674604],[-89.720466894,22.531273873000004],[-89.720735413,22.532136494],[-89.721494714,22.531642540999997],[-89.72219028,22.531697994999995],[-89.722597617,22.532345231],[-89.72277594400002,22.533926488],[-89.723425525,22.533917998999996],[-89.725103875,22.532605278],[-89.726094225,22.532840912],[-89.726539254,22.531815614999996],[-89.726099473,22.531660025],[-89.72645291400002,22.529940344],[-89.72506194700001,22.528141904],[-89.72527916,22.527194886],[-89.72497563,22.526266632999995],[-89.723739034,22.527011852],[-89.722872259,22.527967357],[-89.721582287,22.528587764999997],[-89.720274053,22.528001289000002],[-89.719471924,22.526852451999993],[-89.719887907,22.525861018000004],[-89.720942365,22.524980765],[-89.722037183,22.525068055999995],[-89.721809135,22.524025271999996],[-89.722333704,22.522560325999997],[-89.723597896,22.521515968000003],[-89.724203975,22.521696878],[-89.724427656,22.522365632],[-89.725198551,22.523150328],[-89.725805779,22.522897374999996],[-89.726941905,22.521553485],[-89.72763742,22.521608914000005],[-89.727636606,22.522741936],[-89.729822458,22.524362607],[-89.730367053,22.52549086499999],[-89.732775664,22.52610464],[-89.733647827,22.527198706999997],[-89.733327617,22.528559420999997],[-89.734604639,22.528781672999997],[-89.735809895,22.529781713],[-89.73699493,22.532407430999996],[-89.73709629700001,22.533853390000004],[-89.73798105,22.533827402999997],[-89.738541941,22.53449887],[-89.738003144,22.535275649],[-89.737246459,22.535601131],[-89.736376419,22.534905042999995],[-89.7327275,22.536467318999996],[-89.732059473,22.537378435999994],[-89.73396961,22.537771657999997],[-89.734324739,22.539547783999996],[-89.73513629200002,22.539190521],[-89.739630175,22.542195250000006],[-89.739985036,22.544537878000003],[-89.742978289,22.548103025],[-89.743917638,22.548611718999997],[-89.744378439,22.548118007],[-89.744424021,22.547060878],[-89.745470733,22.54584232399999],[-89.74503191,22.544409143],[-89.745239462,22.543847063999998],[-89.746358913,22.543013969999997],[-89.747319696,22.543241105999993],[-89.747966082,22.544112198],[-89.747798394,22.545931068999998],[-89.747917932,22.546513116999996],[-89.748530206,22.547001817],[-89.748845219,22.546400064999993],[-89.748658171,22.545613732],[-89.7488987,22.54502411],[-89.749737298,22.545169187],[-89.750457298,22.545805042],[-89.751167071,22.547115104000003],[-89.75329304800002,22.547139507999997],[-89.751421351,22.543229833999995],[-89.748688909,22.543591103999994],[-89.747771642,22.542843114],[-89.747326963,22.542036284000005],[-89.746171277,22.542185421999996],[-89.744632723,22.540857604999992],[-89.745312738,22.538549125999996],[-89.744458757,22.536552530999998],[-89.744580902,22.535790793000004],[-89.745804167,22.534345217],[-89.74603365,22.531856244999997],[-89.747044927,22.531020601999998],[-89.746157096,22.528828461],[-89.745291466,22.528084558999996],[-89.744873333,22.526990533999996],[-89.744979251,22.525841780999993],[-89.743501052,22.524839035999992],[-89.743644011,22.523999744],[-89.744225424,22.523322776999997],[-89.745123345,22.523153153999996],[-89.746892832,22.524788648],[-89.747581821,22.525759567999998],[-89.74768642700002,22.526876855999998],[-89.749422119,22.528316763999992],[-89.750165666,22.529822383],[-89.750177654,22.531944834],[-89.750797535,22.533103101999995],[-89.751543942,22.533451761],[-89.751604102,22.531672561],[-89.752609529,22.531463223999996],[-89.754041992,22.532252153999995],[-89.755015963,22.533638403],[-89.755488745,22.535267111],[-89.755222064,22.539006737999994],[-89.756432263,22.539392242],[-89.757487492,22.537234093],[-89.757212705,22.530920105],[-89.756092239,22.528008317999998],[-89.75715419,22.527044054],[-89.75759173600001,22.525959919999995],[-89.75719140900001,22.52494963399999],[-89.756574186,22.524466624],[-89.75889452,22.522517541999996],[-89.759937822,22.522600468000004],[-89.760587653,22.52019312699999],[-89.761374702,22.519677093999995],[-89.762338989,22.519455393999998],[-89.763351952,22.519761898],[-89.764137541,22.520773],[-89.767639481,22.520827852],[-89.76978862,22.520523623999996],[-89.770662631,22.519146579000004],[-89.770441248,22.516814671000002],[-89.770737175,22.513598115999997],[-89.776249191,22.512098443],[-89.781123368,22.509881684],[-89.782248292,22.508957511999995],[-89.782606429,22.507770916],[-89.788381402,22.504246485999992],[-89.789689368,22.503988602],[-89.790248196,22.504683810999996],[-89.791471372,22.50492544],[-89.79291556,22.505726992],[-89.79278224500001,22.506331157],[-89.793454634,22.506637584999996],[-89.793788263,22.507242604999995],[-89.793710069,22.507670335999997],[-89.792535392,22.507324089],[-89.79068267,22.506309338],[-89.789132969,22.506656546000002],[-89.789745998,22.507609178999996],[-89.791213284,22.508159452],[-89.791703307,22.507909016],[-89.792449679,22.508257475000004],[-89.792045897,22.508840198],[-89.792188709,22.509827861999995],[-89.79367816100002,22.510237639],[-89.79466590200002,22.512196292999995],[-89.79549069700002,22.515082207],[-89.794423216,22.519778938999995],[-89.792997176,22.524005215999995],[-89.793399442,22.526688901],[-89.79564242,22.528690708999996],[-89.79451534800002,22.531638908],[-89.794123897,22.534738712],[-89.791541787,22.538539872],[-89.789359682,22.537715988999995],[-89.788501005,22.538588099],[-89.78860566800002,22.540838385999997],[-89.787727172,22.54192589],[-89.786488583,22.542695546999997],[-89.786756288,22.544018577],[-89.786237842,22.545423915000004],[-89.785131195,22.544757577999995],[-89.784078254,22.546048199],[-89.783202474,22.548799317999993],[-89.782173973,22.550670449999995],[-89.782883739,22.553113394],[-89.780022219,22.555172632999998],[-89.777948578,22.555976415],[-89.777330933,22.55845871],[-89.774524279,22.560188707999995],[-89.772552039,22.560466107999996],[-89.768753533,22.56197263],[-89.766884999,22.561968902],[-89.764128479,22.561460678999996],[-89.764890326,22.560797955999995],[-89.764706718,22.559409224999996],[-89.761639,22.559744118],[-89.759312639,22.560629665],[-89.757897187,22.562469925],[-89.755275728,22.564377501],[-89.752551609,22.565382932000006],[-89.74872199,22.567675140999995],[-89.746795611,22.570729659999998],[-89.745601632,22.574758919000004],[-89.74386634,22.577523118],[-89.744855982,22.580623064999997],[-89.746552672,22.582469702],[-89.749249978,22.583624422999993],[-89.751079098,22.584059154000002],[-89.751037265,22.585357667999997],[-89.748565844,22.58595148899999],[-89.745730861,22.585726028],[-89.740259685,22.583121020999997],[-89.733006827,22.580132866999993],[-89.729207459,22.579107046],[-89.716408779,22.576791267999997],[-89.70189555,22.572318419999995],[-89.697588548,22.571522485],[-89.681596182,22.563765186999994],[-89.676972904,22.561135169999993],[-89.674696018,22.559446180000002],[-89.670661659,22.557465806],[-89.665483553,22.552078711000004]]]]}}]}