{"type":"FeatureCollection","features":[{"type":"Feature","id":"S13-52f26011f0-109453","properties":{"record_id":"S13-52f26011f0-109453","source_id":"S13","source_row":109453,"source_hash":"52f26011f06ea7cd825e2728b8da25c38b6072684a0544f698c01d8775f9353e","theme":"water","status":"DERIVADO","origin":"OFICIAL","name":"Cuerpos de agua","date":"2020","clipped":false,"simplification_m":2,"fid_1":109454,"Clase":8,"Descrip":"Cuerpos de agua","Fecha":2020},"geometry":{"type":"Polygon","coordinates":[[[-89.84143977739349,21.245819910528002],[-89.84134351775717,21.24582153328757],[-89.84134178674832,21.24573129165878],[-89.84124552813873,21.24573291443344],[-89.84124033451941,21.24546218768613],[-89.84114407513671,21.245463810319876],[-89.84114234426642,21.24537356870728],[-89.84104608494597,21.2453751912793],[-89.84104262342338,21.24519470716153],[-89.84094636422986,21.245196329670662],[-89.84094463357759,21.245106087165457],[-89.84084837444632,21.245107709612828],[-89.84084664377899,21.245017468015277],[-89.84075038470993,21.245019090400895],[-89.84074865419154,21.244928847902678],[-89.84065239518473,21.244930470226553],[-89.84065066465129,21.244840228635994],[-89.84055440570675,21.24484185089813],[-89.84055267532219,21.24475160840684],[-89.84045641635794,21.24475323151138],[-89.84045468507583,21.244662988946757],[-89.84035842722027,21.24466461116228],[-89.84035669600506,21.24457436860113],[-89.84016417936975,21.244577613675403],[-89.84016244925043,21.244487371193383],[-89.84006619055268,21.244488993148014],[-89.84006445953588,21.244398750592612],[-89.83996820178281,21.244400373466494],[-89.83996128089031,21.24403940351725],[-89.83986502242885,21.244041026249022],[-89.83985464106502,21.2434995714192],[-89.83995089905697,21.243497949598634],[-89.8399474391347,21.24331746474611],[-89.83985118127191,21.24331908656433],[-89.83984945033245,21.243228844971213],[-89.83975319349635,21.243230466804587],[-89.83975146270575,21.243140224310736],[-89.83965520496749,21.243141846005507],[-89.83965174545136,21.242961361183223],[-89.83955548783989,21.242962982815033],[-89.83955375814992,21.24287274040972],[-89.83945750051869,21.24287436288395],[-89.83945577089557,21.242784120482067],[-89.83935951340867,21.24278574199046],[-89.8393577828881,21.24269549951523],[-89.83926152546346,21.24269712096186],[-89.83925806648718,21.2425166361767],[-89.83916180918935,21.242518257560395],[-89.83916007976927,21.24242801517361],[-89.83887130797366,21.242432879862065],[-89.83886957778529,21.242342637399588],[-89.8389658349609,21.242341016199873],[-89.83896064719097,21.242070288170243],[-89.8390569041705,21.242068666913493],[-89.83905171518143,21.2417979397565],[-89.83914797292933,21.241796318519583],[-89.8391531611477,21.24206704559615],[-89.83924941812266,21.242065424218257],[-89.83925114759798,21.242155666585298],[-89.83934740463519,21.242154045145675],[-89.83934913417748,21.242244287516172],[-89.83944539127688,21.242242666014793],[-89.83944712185043,21.242332908465656],[-89.83954337909408,21.242331285998365],[-89.83954510877017,21.242421528375818],[-89.83964136599417,21.242419906750985],[-89.8396430957371,21.24251014913193],[-89.83973935302335,21.242508527445345],[-89.83974281264541,21.242689012218833],[-89.83983907005846,21.24268739046932],[-89.839840800902,21.242777632938743],[-89.83993705741288,21.242776011050672],[-89.83993878832334,21.242866253523555],[-89.84003504594287,21.242864630746443],[-89.84003677595581,21.24295487314596],[-89.84013303355563,21.24295325121122],[-89.84013649371765,21.243133736021843],[-89.84023275144432,21.243132114024228],[-89.84023794286296,21.243402841348374],[-89.84033419989858,21.243401218305713],[-89.8403532354284,21.24439388455058],[-89.84044949413656,21.244392261511262],[-89.84045122444734,21.244482503985108],[-89.84054748313578,21.24448088178824],[-89.84054921351347,21.24457112426556],[-89.84064547234614,21.244569501102777],[-89.84064720279072,21.244659743583544],[-89.84083972041435,21.24465649888229],[-89.8408414510724,21.24474674046122],[-89.84093770994531,21.24474511801855],[-89.84093944058829,21.244835360505125],[-89.84103569855911,21.244833737923873],[-89.84103916102755,21.245014222081327],[-89.84113542008956,21.245012599513963],[-89.8411371508687,21.245102842012205],[-89.84123341007495,21.24510121847894],[-89.84123514092097,21.24519146098061],[-89.84133140010752,21.245189838289807],[-89.84133486201769,21.24537032240055],[-89.8414311213311,21.245368699646814],[-89.8414380464021,21.245729667996194],[-89.84163056457416,21.245726422220873],[-89.84163229577675,21.24581666384617],[-89.84192107369347,21.245811794763753],[-89.84192280509215,21.245902036390213],[-89.84144150838728,21.245910153064504],[-89.84143977739349,21.245819910528002]]]}},{"type":"Feature","id":"S13-52f26011f0-109461","properties":{"record_id":"S13-52f26011f0-109461","source_id":"S13","source_row":109461,"source_hash":"52f26011f06ea7cd825e2728b8da25c38b6072684a0544f698c01d8775f9353e","theme":"water","status":"DERIVADO","origin":"OFICIAL","name":"Cuerpos de agua","date":"2020","clipped":false,"simplification_m":2,"fid_1":109462,"Clase":8,"Descrip":"Cuerpos de agua","Fecha":2020},"geometry":{"type":"Polygon","coordinates":[[[-89.75064003941014,21.256444405325823],[-89.75054376568991,21.256445976903173],[-89.75054208827117,21.256355727673522],[-89.75034954087063,21.25635887154836],[-89.75034283462837,21.25599787489927],[-89.75043910803005,21.255996303448732],[-89.75043743068719,21.255906054241066],[-89.75034115735009,21.25590762569046],[-89.75033948103847,21.255817376563733],[-89.75043575431094,21.255815805115496],[-89.75043407697257,21.255725555917074],[-89.7509154431433,21.255717695964673],[-89.75091376644862,21.255627446853968],[-89.75101003966094,21.255625874140428],[-89.75100836193944,21.25553562495809],[-89.75110463500233,21.25553405308922],[-89.75110295818294,21.255443803990055],[-89.7513917772469,21.25543908711917],[-89.75139010023594,21.255348838028013],[-89.7516789190858,21.25534412061537],[-89.75168059629057,21.255434369703107],[-89.75206568828976,21.255428079268256],[-89.75206736575521,21.255518328356075],[-89.7524524570124,21.255512036869963],[-89.75244910156684,21.25533153870809],[-89.75254537446675,21.255329965932795],[-89.75254369668276,21.255239716859894],[-89.75321760558492,21.255228704762896],[-89.75321592735098,21.255138455702564],[-89.75340847188961,21.25513530904925],[-89.7534067935287,21.255045059995872],[-89.75350306621226,21.255043486618135],[-89.7535047446378,21.255133735670416],[-89.75360101738369,21.255132162230982],[-89.75360941091519,21.25558340672926],[-89.75341686477505,21.25558655355887],[-89.75342022152623,21.255767051725805],[-89.75332394928805,21.25576862512939],[-89.75332562760238,21.255858874220955],[-89.75274798883336,21.255868313894418],[-89.75274631090659,21.255778064796083],[-89.75265003768816,21.25577963769825],[-89.75265339341468,21.255960135901823],[-89.7521720275245,21.25596800049678],[-89.75217370506815,21.256058249611197],[-89.75198115909625,21.256061395616307],[-89.75198283651287,21.256151644737603],[-89.75179028952086,21.256154789521155],[-89.75179196777498,21.256245038726725],[-89.75140687334041,21.25625132937965],[-89.7514051963091,21.25616108024689],[-89.75111637569461,21.25616579714504],[-89.75112308410486,21.256526792890636],[-89.75064171601385,21.256534653577376],[-89.75064003941014,21.256444405325823]]]}},{"type":"Feature","id":"S13-52f26011f0-109462","properties":{"record_id":"S13-52f26011f0-109462","source_id":"S13","source_row":109462,"source_hash":"52f26011f06ea7cd825e2728b8da25c38b6072684a0544f698c01d8775f9353e","theme":"water","status":"DERIVADO","origin":"OFICIAL","name":"Cuerpos de agua","date":"2020","clipped":false,"simplification_m":2,"fid_1":109463,"Clase":8,"Descrip":"Cuerpos de agua","Fecha":2020},"geometry":{"type":"Polygon","coordinates":[[[-89.75268360147547,21.257584617413645],[-89.75200968151967,21.25759562905877],[-89.75200464820394,21.257324881409616],[-89.75171582502777,21.257329600346587],[-89.7517141477757,21.257239351161836],[-89.75161787349879,21.257240923415786],[-89.75161451808358,21.25706042588458],[-89.75171079231384,21.25705885272876],[-89.75170911506846,21.256968603557855],[-89.75180538818489,21.25696703116932],[-89.75180706645929,21.25705728041649],[-89.75199961386151,21.25705413462873],[-89.75200129226737,21.257144383878202],[-89.7521938397898,21.257141237845808],[-89.7521871284738,21.256780242020884],[-89.75228340241418,21.2567786694091],[-89.75228675775595,21.256959166819325],[-89.75238303182327,21.25695759414471],[-89.7523847104853,21.257047843385052],[-89.75248098373308,21.257046269667224],[-89.75248266246196,21.25713651891103],[-89.7525789356896,21.2571349460356],[-89.7525806145679,21.257225194378798],[-89.75277316210996,21.257222048521285],[-89.7527664492344,21.25686105270513],[-89.7526701752407,21.256862625620975],[-89.75266514053973,21.256591879010585],[-89.75276141442218,21.256590305194095],[-89.75276309236922,21.25668055433401],[-89.75285936623145,21.25667898135993],[-89.75286272330841,21.25685947882463],[-89.75324781836977,21.256853185331774],[-89.75325956844867,21.257484927812083],[-89.75316329401397,21.257486501038738],[-89.7531649722419,21.257576750220316],[-89.75306869870484,21.257578323464948],[-89.75307037687041,21.257668572652275],[-89.75268527938262,21.257674866605495],[-89.75268360147547,21.257584617413645]]]}},{"type":"Feature","id":"S13-52f26011f0-109463","properties":{"record_id":"S13-52f26011f0-109463","source_id":"S13","source_row":109463,"source_hash":"52f26011f06ea7cd825e2728b8da25c38b6072684a0544f698c01d8775f9353e","theme":"water","status":"DERIVADO","origin":"OFICIAL","name":"Cuerpos de agua","date":"2020","clipped":false,"simplification_m":2,"fid_1":109464,"Clase":8,"Descrip":"Cuerpos de agua","Fecha":2020},"geometry":{"type":"Polygon","coordinates":[[[-89.74708460602997,21.256863529223242],[-89.7471808801722,21.25686195891815],[-89.74717920500568,21.25677170963032],[-89.74727547908107,21.256770139265747],[-89.74727380385221,21.256679889983676],[-89.74823654543468,21.25666418678896],[-89.74823822034516,21.256754435982273],[-89.74862331645159,21.25674815239918],[-89.7486249925872,21.25683840166998],[-89.74881754071482,21.25683525996475],[-89.74881586445,21.256745010696225],[-89.74891213848713,21.256743439301793],[-89.74890375976705,21.25629219326634],[-89.74900003339631,21.25629062272112],[-89.74899835701576,21.256200373482628],[-89.74919090422091,21.2561972313086],[-89.74918922867789,21.25610698215438],[-89.74928550225377,21.256105410525567],[-89.7492838256839,21.256015161299665],[-89.74957264603907,21.256010447861478],[-89.7495709702421,21.255920198721007],[-89.74966724367977,21.255918626852186],[-89.74966556782039,21.255828377717474],[-89.74976184110862,21.25582680669329],[-89.7497601642225,21.255736557486927],[-89.75004898404501,21.25573184224613],[-89.75005066112496,21.255822091449076],[-89.74995438776091,21.255823663559084],[-89.74995606381411,21.25591391269037],[-89.74985979046578,21.255915483836855],[-89.74987152534192,21.256547228125473],[-89.74958270376153,21.25655194303346],[-89.7495843805387,21.256642192283667],[-89.74939183270551,21.25664533495366],[-89.749398537391,21.257006331854956],[-89.74949481160844,21.25700476009366],[-89.74949648833227,21.257095009368115],[-89.74959276261207,21.257093437545095],[-89.74959443843828,21.25718368674561],[-89.74949816409388,21.257185258569763],[-89.74949984082222,21.257275507853436],[-89.74940356649351,21.257277078714026],[-89.74940524219501,21.257367327926048],[-89.74902014531607,21.257373613556915],[-89.74901846890853,21.257283364262936],[-89.7487296457168,21.257288077562517],[-89.74872796950534,21.257197828269742],[-89.74843914648719,21.2572025410207],[-89.74843747143626,21.257112291806568],[-89.74834119721204,21.25711386199849],[-89.74833952126343,21.257023612710423],[-89.74795442435473,21.257029895580143],[-89.74795610004485,21.257120144872772],[-89.74776355052468,21.257123285416945],[-89.74776522608782,21.257213534716442],[-89.74747640300218,21.257218245649952],[-89.74747807837376,21.257308494957478],[-89.74728552849001,21.257311635804463],[-89.74728720373461,21.257401885118878],[-89.74709465475972,21.257405024899164],[-89.74709632987737,21.257495274220474],[-89.74690378068166,21.257498414664784],[-89.74690043070706,21.257317916022263],[-89.74699670517681,21.257316345832674],[-89.74699335604646,21.257135847288325],[-89.74708963038478,21.257134277040418],[-89.74708460602997,21.256863529223242]]]}},{"type":"Feature","id":"S13-52f26011f0-109464","properties":{"record_id":"S13-52f26011f0-109464","source_id":"S13","source_row":109464,"source_hash":"52f26011f06ea7cd825e2728b8da25c38b6072684a0544f698c01d8775f9353e","theme":"water","status":"DERIVADO","origin":"OFICIAL","name":"Cuerpos de agua","date":"2020","clipped":false,"simplification_m":2,"fid_1":109465,"Clase":8,"Descrip":"Cuerpos de agua","Fecha":2020},"geometry":{"type":"Polygon","coordinates":[[[-89.67178750716748,21.25229663918366],[-89.67169123027277,21.252298165268677],[-89.67168960142963,21.2522079104918],[-89.6714970476798,21.252210963381856],[-89.67149867534621,21.252301218987057],[-89.67140239844494,21.25230274489033],[-89.67140402701332,21.25239300057921],[-89.67111519400767,21.25239757958097],[-89.67111356659751,21.252307323966715],[-89.67101728864002,21.25230885045378],[-89.67101891694995,21.252399106147042],[-89.67092263997316,21.2524006317484],[-89.67092426725634,21.252490887369564],[-89.67082799021273,21.252492412911447],[-89.67082636194675,21.252402158115405],[-89.6706338069347,21.252405209841378],[-89.67063217976452,21.252314955125648],[-89.67053590179606,21.252316481309762],[-89.67053427381138,21.252226225615612],[-89.67043799686985,21.252227751815916],[-89.67043474095316,21.25204724134334],[-89.67033846413858,21.25204876748089],[-89.67033520932425,21.25186825710252],[-89.67014265506572,21.251871308209434],[-89.67014102726729,21.25178105343807],[-89.67004474967568,21.25178257931261],[-89.67004149526214,21.251602068955435],[-89.66975266390914,21.251606645382783],[-89.669749409892,21.25142613503752],[-89.66965313255011,21.251427660665343],[-89.66965150516879,21.251337405007526],[-89.66974778244608,21.251335879380832],[-89.66974290091956,21.251065114324735],[-89.66983917703652,21.251063588562854],[-89.66984080462362,21.25115384330046],[-89.67003335786148,21.25115079257467],[-89.67003498549687,21.25124104821877],[-89.6701312617365,21.251239522272922],[-89.67013288952172,21.251329777016522],[-89.67071055002813,21.251320622104384],[-89.67070892281954,21.251230367445334],[-89.67080519904387,21.251228841075392],[-89.67080682719835,21.251319096715275],[-89.6709031034851,21.25131757028365],[-89.67090473178948,21.251407825023026],[-89.67100100805547,21.251406299433732],[-89.67100263642665,21.25149655417667],[-89.67109891371955,21.251495028603596],[-89.67109728536687,21.25140477295775],[-89.67119356171168,21.251403246343234],[-89.67119193417786,21.2513129916851],[-89.67128821045586,21.251311465011145],[-89.67128983893556,21.251401720650136],[-89.67148239249546,21.25139866810019],[-89.67148076388652,21.25130841246334],[-89.67157704112236,21.25130688568551],[-89.67158192530391,21.251577651546665],[-89.67196703298879,21.251571544564477],[-89.67196866192737,21.25166180020967],[-89.67206493844631,21.2516602730466],[-89.67206819557794,21.2518407833667],[-89.67216447318832,21.25183925621873],[-89.67216773045791,21.252019766555183],[-89.67226400723095,21.25201823926647],[-89.67226563637429,21.252108494931548],[-89.67245819092423,21.25210544115217],[-89.6724598193177,21.252195695837727],[-89.6725560962134,21.252194168365058],[-89.67255772555494,21.252284424036045],[-89.67265400251307,21.252282896501708],[-89.67264911606374,21.25201213146988],[-89.6729379472247,21.25200754949526],[-89.67294283425554,21.252278314517174],[-89.67284655730397,21.25227984223324],[-89.67284981558318,21.25246035169652],[-89.6727535385002,21.25246187935425],[-89.67275679657574,21.252642389742284],[-89.67256424222789,21.25264544397629],[-89.67256261287758,21.2525551882868],[-89.67246633572346,21.2525567157638],[-89.67246470635686,21.252466460981896],[-89.67217587419391,21.252471042064254],[-89.67217424510643,21.252380786379568],[-89.67207796807277,21.252382313612053],[-89.67207959717874,21.25247256839378],[-89.67198331911385,21.25247409548889],[-89.6719849481574,21.25256435027635],[-89.6716961157678,21.252568930453236],[-89.67169937242626,21.252749440874812],[-89.6716030951232,21.252750967808808],[-89.6715965811091,21.2523899469018],[-89.67178913607742,21.25238689396409],[-89.67178750716748,21.25229663918366]]]}},{"type":"Feature","id":"S13-52f26011f0-109465","properties":{"record_id":"S13-52f26011f0-109465","source_id":"S13","source_row":109465,"source_hash":"52f26011f06ea7cd825e2728b8da25c38b6072684a0544f698c01d8775f9353e","theme":"water","status":"DERIVADO","origin":"OFICIAL","name":"Cuerpos de agua","date":"2020","clipped":false,"simplification_m":2,"fid_1":109466,"Clase":8,"Descrip":"Cuerpos de agua","Fecha":2020},"geometry":{"type":"Polygon","coordinates":[[[-89.74693392691749,21.259122903872797],[-89.74683765123591,21.259124473120416],[-89.74683597627161,21.25903422371264],[-89.74654714915943,21.259038933800845],[-89.74654547535569,21.258948684471687],[-89.74644919971176,21.258950254378828],[-89.74644752501038,21.25886000497571],[-89.7463512494288,21.258861574821122],[-89.74634957479421,21.258771325421495],[-89.74625329927498,21.25877289520519],[-89.74625162470734,21.258682645809042],[-89.74615534925047,21.258684215531012],[-89.74615702375351,21.25877446492827],[-89.74577192076332,21.258780742233302],[-89.74577359501016,21.258870991639746],[-89.74567731941283,21.258872561061096],[-89.74567899359731,21.258962810473278],[-89.74558271793315,21.25896437983513],[-89.74558104381327,21.258874130421848],[-89.74538849260738,21.258877268961562],[-89.74538514463272,21.258696770144255],[-89.74528886915563,21.258698339321],[-89.74528552131926,21.258517840519897],[-89.74538179666713,21.2585162713454],[-89.7453801226877,21.25842602195292],[-89.74547639796873,21.258424452719016],[-89.74547472392695,21.258334203332268],[-89.74566727531752,21.2583310647624],[-89.74566560114876,21.258240815382525],[-89.74624325198545,21.25823139799348],[-89.74624157839578,21.258141148702506],[-89.74662667856755,21.25813487014015],[-89.7466250037572,21.25804462078085],[-89.74681755374169,21.258041480686387],[-89.74681587880438,21.257951231333994],[-89.74758607893479,21.25793867042767],[-89.7475827280332,21.257758171754833],[-89.74767900281024,21.257756601135476],[-89.74767565275285,21.257576102560837],[-89.7478682019592,21.257572962049085],[-89.74786987759818,21.25766321137056],[-89.74806242700733,21.257660069710013],[-89.7480641018134,21.257750318956397],[-89.74825665126016,21.257747177955466],[-89.74826000306626,21.257927676612375],[-89.74835627795679,21.257926105566685],[-89.74835962893664,21.25810660416238],[-89.74845590395412,21.258105033053855],[-89.74845757999427,21.258195282396184],[-89.74855385499154,21.25819371213003],[-89.74855553013406,21.258283961398394],[-89.74903690574007,21.258276105536872],[-89.74903522931004,21.258185856196736],[-89.74913150429379,21.258184285567086],[-89.74913318087103,21.258274534002005],[-89.74932573104358,21.2582713916546],[-89.74932740670523,21.258361640918533],[-89.74951995699801,21.258358498326555],[-89.7495216337556,21.258448747670283],[-89.74971418328671,21.25844560385215],[-89.74971586017577,21.2585358531982],[-89.749908410709,21.25853271011704],[-89.74991008676508,21.25862295938801],[-89.75000636213422,21.25862138730337],[-89.7500080392216,21.25871163665523],[-89.74991176378789,21.258713208740993],[-89.7499167939878,21.25898395584617],[-89.74982051835799,21.258985527874763],[-89.74982219540773,21.2590757763433],[-89.74972591971105,21.25907734831243],[-89.74972759661587,21.259167597690787],[-89.74953504516913,21.259170740545553],[-89.74953336839353,21.259080491164923],[-89.74934081794892,21.259083634756614],[-89.74933914130479,21.258993385378346],[-89.74905031445066,21.258998099287837],[-89.74905199090097,21.25908834866953],[-89.74895571518627,21.259089920154043],[-89.74895739157422,21.259180169541466],[-89.74886111587527,21.259181740062417],[-89.74886446852868,21.259362238853374],[-89.74876819261567,21.259363810220133],[-89.74876986888114,21.2594540596237],[-89.74867359298386,21.259455630026878],[-89.748671916783,21.25936538062222],[-89.74847936494574,21.25936852305282],[-89.74848104101737,21.259458772459748],[-89.74828848912448,21.259461913746186],[-89.74828681406395,21.259371665318515],[-89.74790171042699,21.259377948063968],[-89.74790003474524,21.259287698654827],[-89.74780375887434,21.25928926941464],[-89.74780208422388,21.259199020086367],[-89.74770580841533,21.259200590784452],[-89.74770413286731,21.259110341382286],[-89.7475115814553,21.259113481690306],[-89.74750823054184,21.25893298379936],[-89.74731567937926,21.258936123860526],[-89.7473140050609,21.2588458745451],[-89.746928902802,21.258852155744105],[-89.7469305778264,21.25894240514152],[-89.74702685345913,21.258940834931487],[-89.74703187777516,21.259211583070616],[-89.74712815359945,21.25921001279664],[-89.74713150392694,21.25939051162845],[-89.74693895210027,21.259393651216328],[-89.74693392691749,21.259122903872797]]]}},{"type":"Feature","id":"S13-52f26011f0-109471","properties":{"record_id":"S13-52f26011f0-109471","source_id":"S13","source_row":109471,"source_hash":"52f26011f06ea7cd825e2728b8da25c38b6072684a0544f698c01d8775f9353e","theme":"water","status":"DERIVADO","origin":"OFICIAL","name":"Cuerpos de agua","date":"2020","clipped":false,"simplification_m":2,"fid_1":109472,"Clase":8,"Descrip":"Cuerpos de agua","Fecha":2020},"geometry":{"type":"Polygon","coordinates":[[[-89.7721713232354,21.254285950779508],[-89.77226759410814,21.254284366421437],[-89.77226590398043,21.254194118600857],[-89.77236217470382,21.254192535087512],[-89.77236048451384,21.254102287272662],[-89.77245675525276,21.25410070279577],[-89.77244661457232,21.25355921789644],[-89.77235034518539,21.25356080244376],[-89.77234696483939,21.253380306883574],[-89.77225069557946,21.25338189136799],[-89.77224900547444,21.25329164359365],[-89.77196019594584,21.253296396525556],[-89.77196188497504,21.25338664332195],[-89.77167307531462,21.253391394807966],[-89.77167476503433,21.253481642593776],[-89.77138595515974,21.253486393538076],[-89.77138764372334,21.253576641254668],[-89.77119510393297,21.253579808878758],[-89.77119341453401,21.253489561082585],[-89.77109714421782,21.253491144763977],[-89.77109376652044,21.25331064926054],[-89.771575116386,21.253302731086062],[-89.77157342665309,21.253212484212472],[-89.77224731528932,21.253201396728095],[-89.77224055578307,21.252840406677024],[-89.7721442869909,21.25284199018989],[-89.77214259688165,21.252751743346312],[-89.77175751889038,21.25275807836393],[-89.77175582912432,21.252667830616303],[-89.77165955940303,21.25266941465086],[-89.77165618097129,21.252488919244424],[-89.77184872007065,21.252485752023453],[-89.7718419616706,21.252124762102156],[-89.77193823099974,21.252123177953298],[-89.77193485220752,21.251942682609343],[-89.77183858300766,21.251944266755892],[-89.77183689319739,21.25185401905108],[-89.77202943138322,21.251850851603766],[-89.77203787925694,21.25230208910412],[-89.77213414862823,21.25230050573597],[-89.77213583776167,21.252390752479133],[-89.77223210719531,21.25238916904924],[-89.77223548744462,21.25256966360576],[-89.77233175604078,21.25256808003578],[-89.7723351364284,21.252748574608564],[-89.77243140515141,21.252746990975663],[-89.77243478567726,21.25292748556468],[-89.77253105460974,21.25292590096479],[-89.77253274489942,21.253016148717183],[-89.77272528376871,21.253012980314764],[-89.77272697418994,21.253103228069488],[-89.77291951422616,21.25310005859568],[-89.77291782359337,21.25300981174737],[-89.77301409354348,21.253008226920738],[-89.77301240293072,21.252917979174068],[-89.7731086727316,21.25291639519214],[-89.77310698205652,21.252826147451266],[-89.77320325187287,21.252824562505758],[-89.77319987128242,21.252644068021585],[-89.77329614000286,21.252642482940548],[-89.77329445008748,21.25255223619723],[-89.77319818054961,21.252553820295773],[-89.77319649070101,21.25246357355592],[-89.77310022122548,21.252465157592738],[-89.77309515012315,21.252194415434825],[-89.77299888083915,21.252195999407594],[-89.77299719112884,21.25210575268405],[-89.77318972868336,21.252102583698782],[-89.77318803892861,21.252012336077993],[-89.77338057634488,21.2520091668527],[-89.77337888646319,21.25191891923886],[-89.77357142374116,21.251915749773563],[-89.77356804276171,21.251735254487045],[-89.77395311765574,21.251728915820145],[-89.77395142739327,21.251638668226978],[-89.77414396425642,21.251635498041686],[-89.77414227386701,21.251545250455493],[-89.77443107939199,21.251540495217327],[-89.774429388811,21.251450247639212],[-89.77452565657973,21.251448662689643],[-89.77452396593648,21.25135841511732],[-89.77471650238478,21.251355244211958],[-89.77471481153212,21.251264997550653],[-89.77500361643486,21.251260241232423],[-89.77500530844576,21.251350487967542],[-89.77519784478905,21.25134731736057],[-89.77519953596686,21.251437564020744],[-89.77539207339473,21.25143439324643],[-89.77539376470409,21.251524639908975],[-89.77635644874225,21.251508779369892],[-89.77635475686927,21.251418531814686],[-89.77654729327814,21.251415359509306],[-89.77654898528031,21.251505607062203],[-89.77664525411053,21.25150401995202],[-89.77664694617958,21.251594267508363],[-89.77683948291555,21.251591093930855],[-89.77684117608051,21.251681341566808],[-89.77722624970123,21.251674994584295],[-89.77722455627794,21.25158474695289],[-89.7774170938687,21.251581573629778],[-89.77741370765254,21.251401079366822],[-89.77760624401142,21.25139790572879],[-89.77760455130094,21.251307658193102],[-89.77837469621112,21.25129496032285],[-89.77837808275027,21.25147545447631],[-89.77866688797538,21.25147069124215],[-89.77866858140099,21.251560938774475],[-89.77934245891498,21.251549823509972],[-89.77934076495478,21.25145957688979],[-89.77943703267223,21.251457988849772],[-89.77943533873217,21.251367741331272],[-89.77953160638275,21.25136615323183],[-89.7795299122979,21.251275906623206],[-89.77962618084614,21.25127431854162],[-89.77962448669896,21.25118407193878],[-89.77972075421582,21.251182483720477],[-89.77971228343836,21.25073124806925],[-89.77951974808387,21.250734424356573],[-89.77951805401494,21.2506441777804],[-89.7792292516422,21.250648941792267],[-89.77921908868639,21.250107459699553],[-89.77931535543722,21.25010587173736],[-89.77931366151341,21.250015625191327],[-89.77940992916174,21.25001403724686],[-89.77940654127418,21.249833543266938],[-89.77950280782662,21.249831955187013],[-89.77950111482724,21.24974170783027],[-89.77959738131288,21.249740119690962],[-89.77959568720438,21.24964987316691],[-89.77978822100397,21.24964669678599],[-89.77979330364144,21.24991743726921],[-89.77988957016707,21.24991584984993],[-89.7798946530188,21.250186590371452],[-89.77970211844858,21.25018976688727],[-89.7797072009332,21.250460507457422],[-89.77980346793105,21.250458919187704],[-89.77980855062994,21.25072965979611],[-89.7799048187013,21.250728072443756],[-89.77991667889131,21.25135980038271],[-89.77982041028535,21.251361388647283],[-89.77982379876708,21.251541882775573],[-89.77972753099407,21.251543471059087],[-89.7797309193557,21.251723965208203],[-89.7804047965521,21.251712846090193],[-89.78041157615809,21.252073833585023],[-89.78050784430279,21.252072244870654],[-89.78050953905408,21.252162491509463],[-89.77964312211317,21.25217678844094],[-89.77964481628537,21.252267035094718],[-89.779548547991,21.252268623266243],[-89.77954685388349,21.252178376611347],[-89.77925804821618,21.252183140681698],[-89.77925974212995,21.25227338734007],[-89.77906720447399,21.252276563964788],[-89.77906889826086,21.25236681063007],[-89.77897262988832,21.25236839843925],[-89.77897940568207,21.25272938613258],[-89.77907567431306,21.252727798318812],[-89.7790807565966,21.252998539379277],[-89.77917702541906,21.25299695150149],[-89.77917871928872,21.253087198202675],[-89.77937125802053,21.253084022340246],[-89.77937295202166,21.253174269043747],[-89.7794692209665,21.25317268098191],[-89.77947260910472,21.253353174400484],[-89.77956887914101,21.25335158635302],[-89.77957226733515,21.25353208069189],[-89.77966853653392,21.253530492504357],[-89.77967023074012,21.253620739227546],[-89.77976650096569,21.25361915105546],[-89.77976819523879,21.253709397782117],[-89.7798644645622,21.2537078094711],[-89.77986954855358,21.25397854975263],[-89.77996581806843,21.253976961377585],[-89.77996920689365,21.254157454867972],[-89.78006547653547,21.254155866430036],[-89.78006886646345,21.254336360013856],[-89.78016513623217,21.254334771513083],[-89.78016683078197,21.254425018272155],[-89.78026310061298,21.254423429709618],[-89.78026649081296,21.25460392331657],[-89.780362760771,21.25460233469121],[-89.7803644554568,21.25469258146186],[-89.78046072547711,21.25469099277475],[-89.78046581070639,21.254961733188242],[-89.78056208091827,21.254960144437096],[-89.78056716636183,21.25523088488874],[-89.78066343676518,21.255229296073583],[-89.78066682655853,21.255409789677394],[-89.78076309708881,21.255408200799337],[-89.7807647920535,21.255498447606982],[-89.78095733331887,21.25549526876284],[-89.78095902937946,21.25558551565],[-89.78086275872452,21.255587104651493],[-89.78086784383282,21.255857845112654],[-89.78077157289943,21.25585943496112],[-89.78078343979082,21.2564911621239],[-89.78087971109412,21.256489573171493],[-89.7808780160398,21.256399326314124],[-89.78107055859266,21.256396147325813],[-89.78106886341142,21.256305900475404],[-89.78116513457867,21.25630431134357],[-89.7811634383706,21.256214064421712],[-89.78145225174723,21.2562092957621],[-89.78145055622974,21.256119049829636],[-89.78173936842754,21.25611428055109],[-89.78174106502094,21.25620452746146],[-89.78164479393193,21.256206116955603],[-89.78164648949853,21.25629636379451],[-89.7815502183427,21.2562979532292],[-89.78155191384691,21.25638820007391],[-89.78126310105405,21.256392968999336],[-89.78126479636678,21.2564832158521],[-89.7811685250726,21.256484805046775],[-89.78117022032299,21.256575051905298],[-89.78059259292237,21.256584587693638],[-89.78059089805957,21.256494340828244],[-89.78049462674953,21.256495929598913],[-89.78048954140418,21.256225188949706],[-89.78058581252044,21.256223600182487],[-89.78058411670233,21.2561333532584],[-89.78048784565061,21.256134942024424],[-89.78048615086381,21.256044695180957],[-89.78038987979211,21.256046284789395],[-89.78039157451433,21.256136531634027],[-89.78010276125642,21.256141298291094],[-89.78010445675154,21.256231545220977],[-89.77981564327933,21.25623631133635],[-89.7798173376185,21.25632655819707],[-89.77933598143557,21.256334500818184],[-89.77933767545392,21.256424747689294],[-89.7791451328192,21.256427924496858],[-89.77914682767509,21.25651817145209],[-89.77895428498438,21.256521347115505],[-89.77895597866654,21.25661159490453],[-89.77876343583755,21.25661477032789],[-89.77876513035719,21.256705018201092],[-89.77838004336667,21.25671136915239],[-89.77838173763017,21.256801617034814],[-89.778285466074,21.256803204415622],[-89.77828715939313,21.25689345132243],[-89.77819088768763,21.256895039547935],[-89.77819258190893,21.256985286537763],[-89.77800003844432,21.256988461905223],[-89.77800342567078,21.25716895582605],[-89.77790715384702,21.257170542969106],[-89.77790884683445,21.25726079080309],[-89.77771630296859,21.25726396581395],[-89.77771461002804,21.25717371888178],[-89.77665561734374,21.257191177395164],[-89.77665223192618,21.257010683442207],[-89.77761495052334,21.25699481183591],[-89.77761156382282,21.256814317924363],[-89.77751529224837,21.25681590482055],[-89.7775135984839,21.256725657831954],[-89.7771285121748,21.256732007518693],[-89.77713020568085,21.256822254511892],[-89.77684138978749,21.256827015841033],[-89.77683969655764,21.256736767940282],[-89.77645461018489,21.256743115930842],[-89.7764563022743,21.256833362854834],[-89.77626375898627,21.256836536036893],[-89.77626714379552,21.257017030884633],[-89.77636341561104,21.257015443869555],[-89.77636680160546,21.25719593790664],[-89.77627052966074,21.25719752492402],[-89.7762722216323,21.257287771873386],[-89.77598340567293,21.257292531661413],[-89.77598509833506,21.257382779600185],[-89.77579255328457,21.25738595211299],[-89.77579593852192,21.257566446200734],[-89.77569966534067,21.25756803278199],[-89.77570135789811,21.257658279833954],[-89.77560508561446,21.257659866433034],[-89.77560677810958,21.257750113490744],[-89.77551050575904,21.257751700030393],[-89.77551219722741,21.257841947016583],[-89.77541592480993,21.25784353349685],[-89.77541423244176,21.257753286432198],[-89.77531796008662,21.257754872850658],[-89.77531626786772,21.25766462488539],[-89.77541254104028,21.257663039449422],[-89.77540915639761,21.257482544439117],[-89.77531288423634,21.257484130854145],[-89.7753111919418,21.257393883806827],[-89.77540746403845,21.257392297392975],[-89.77540408029151,21.257211803391712],[-89.77569289714476,21.257207043870704],[-89.7756912045987,21.257116796841824],[-89.77559493270259,21.257118383434005],[-89.77559324022337,21.257028136408604],[-89.77549696847201,21.25702972203497],[-89.77549358364953,21.256849227995758],[-89.77530104031608,21.256852399966235],[-89.77530611611871,21.257123141865755],[-89.7750172995144,21.25712789975231],[-89.77502068362206,21.257308394734803],[-89.77492441061644,21.257309980827973],[-89.77492610265024,21.257400227875273],[-89.77482983054222,21.257401813986306],[-89.77483490549909,21.257672555082017],[-89.77473863319491,21.257674141135887],[-89.7747420169422,21.257854636180657],[-89.77464574450663,21.257856222176265],[-89.77464912725173,21.25803671626044],[-89.77455285468466,21.25803830219775],[-89.7745545464782,21.25812854928654],[-89.77445827384427,21.258130135164386],[-89.7744599655755,21.258220382258962],[-89.77378605469293,21.25823148156124],[-89.77377928975531,21.257870491370404],[-89.77368301729702,21.257872076760183],[-89.77368132609165,21.257781829674933],[-89.77377759848541,21.2577802442863],[-89.77377421691675,21.257599750209188],[-89.77367794377021,21.257601334614165],[-89.77367625257172,21.25751108754276],[-89.7735799803695,21.25751267286738],[-89.77357490706383,21.25724193077332],[-89.77367118003664,21.257240345529397],[-89.77366779774246,21.257059850523984],[-89.77376406953688,21.257058266048627],[-89.77375899684212,21.256787524107974],[-89.77347018090398,21.256792279072993],[-89.77347187195517,21.256882526109766],[-89.77327932747946,21.25688569636284],[-89.77328101832127,21.25697594431062],[-89.77289592916658,21.25698228319029],[-89.77289931042257,21.25716277820477],[-89.7728030374962,21.25716436296294],[-89.77280641863206,21.257344857998138],[-89.7727101465387,21.257346442775276],[-89.77271521810688,21.25761718491409],[-89.77261894485295,21.257618769556846],[-89.77262063534306,21.25770901664548],[-89.77252436298676,21.25771060130601],[-89.77252605341458,21.257800848400404],[-89.77214096169665,21.257807187191048],[-89.77214434204225,21.257987681402817],[-89.77224061556596,21.257986097058417],[-89.7722439959674,21.258166592190456],[-89.77214772327898,21.25816817661443],[-89.77214941345967,21.258258423736486],[-89.77186059317552,21.25826317739796],[-89.77186228412923,21.258353424605332],[-89.77176601033806,21.258355008711973],[-89.77176770026485,21.258445255847846],[-89.77099751407658,21.25845792782004],[-89.77099920340639,21.258548175873756],[-89.77080665648697,21.258551343017945],[-89.77080496720386,21.25846109586602],[-89.7707086942876,21.258462679384746],[-89.77070700515381,21.258372431332223],[-89.77061073125294,21.258374015616027],[-89.7706090421861,21.25828376756697],[-89.77051276842995,21.258285350884968],[-89.77051107934754,21.258195103743493],[-89.7703185329222,21.258198270272707],[-89.77032022179304,21.258288518320594],[-89.77022394899457,21.258290101534154],[-89.77022732669622,21.258470596741972],[-89.77003477986963,21.258473762914626],[-89.77003646951796,21.25856401105708],[-89.76994019555438,21.258565594015018],[-89.7699418842583,21.258655841181852],[-89.76974933707727,21.2586590078997],[-89.76975102661875,21.258749255150732],[-89.76946220519538,21.258754004285908],[-89.7694638934983,21.258844252371787],[-89.76898252543191,21.258852165891508],[-89.76898083640508,21.258761918626725],[-89.7683069212268,21.258772995528993],[-89.7683086087545,21.25886324362863],[-89.76821233455638,21.25886482549955],[-89.76821739897059,21.25913556907997],[-89.76812112457631,21.259137150893768],[-89.76811943717111,21.259046902777996],[-89.76802316275676,21.259048485434217],[-89.76802147541835,21.258958237321934],[-89.76773265348494,21.258962983192667],[-89.76773434062956,21.259053231308364],[-89.76696414840214,21.25906588553856],[-89.76696246177447,21.258975637413677],[-89.76686618747996,21.25897721843766],[-89.7668645008367,21.258886971220424],[-89.7664794046942,21.2588932965915],[-89.76647771742952,21.25880304839286],[-89.76628516995619,21.258806210751278],[-89.76628010944556,21.25853546715764],[-89.76618383642271,21.258537047829158],[-89.76618046318347,21.258356552447975],[-89.7658916415133,21.258361294764402],[-89.76589332837894,21.25845154294675],[-89.7657007804307,21.258454704491793],[-89.76570246716948,21.2585449526811],[-89.76531737195194,21.25855127512608],[-89.76531905747005,21.258641523247224],[-89.76522278436005,21.258643103314103],[-89.76522446981575,21.258733351441048],[-89.76503192144828,21.258736512144765],[-89.76503697937036,21.25900725671474],[-89.76513325379028,21.259005675937704],[-89.76513494015492,21.25909592416155],[-89.76503866575287,21.259097504035648],[-89.76504035109066,21.2591877521879],[-89.76494407750376,21.259189332984022],[-89.76494576277928,21.259279581142053],[-89.7645606654219,21.25928590168499],[-89.7645572944256,21.259105405287073],[-89.76446101992741,21.259106985701777],[-89.76445933401502,21.259016737469974],[-89.76407423730525,21.259023057691664],[-89.76407255165356,21.258932809459903],[-89.76397627823776,21.25893438964678],[-89.76397796286042,21.25902463780239],[-89.76368914055928,21.25902937694416],[-89.76369082499032,21.259119625107807],[-89.76349827699799,21.25912278395944],[-89.76350501720403,21.259483775997193],[-89.7634087424226,21.25948535575011],[-89.76341042667111,21.25957560394026],[-89.76321787793668,21.25957876334394],[-89.76321282269195,21.259308018548502],[-89.76340537200326,21.259304859229008],[-89.76340368671454,21.259214611879454],[-89.76224839269845,21.259233561513057],[-89.76224670923419,21.259143313327666],[-89.76186161109338,21.259149627903273],[-89.76186329526365,21.259239876170522],[-89.76176702063758,21.25924145489016],[-89.76176870378107,21.259331703085834],[-89.76167242908807,21.25933328174601],[-89.76167411313371,21.259423530024787],[-89.76148156369426,21.259426686261566],[-89.76148324761287,21.259516934547293],[-89.76129069795275,21.259520091448138],[-89.76129238174441,21.25961033974067],[-89.76119610684636,21.25961191810139],[-89.76119779057566,21.25970216639972],[-89.76090896567409,21.259706901121774],[-89.76091064921184,21.25979714942807],[-89.76004417380348,21.25981135033312],[-89.760045856762,21.25990159865431],[-89.75975703139137,21.259906331202274],[-89.75975534862667,21.259816082877627],[-89.75956279753304,21.2598192375271],[-89.75956111489974,21.25972898920475],[-89.75946483989638,21.25973056647617],[-89.75946147476591,21.259550069843094],[-89.75917265012991,21.25955480128689],[-89.7591743325002,21.25964504960457],[-89.75907805755244,21.25964662663247],[-89.75907973986037,21.259736874955898],[-89.75898346484571,21.259738451924388],[-89.7589851470913,21.2598287002535],[-89.75879259692604,21.259831854011],[-89.75879091384516,21.25974160560224],[-89.75850208869156,21.25974633668481],[-89.7584987249357,21.25956583912482],[-89.758306174171,21.25956899219239],[-89.75830785684178,21.259659241501726],[-89.75840413189015,21.2596576640543],[-89.75840581366337,21.259747913289807],[-89.757924437524,21.25975579532871],[-89.75792611897637,21.259846044574495],[-89.7574447424575,21.259853925104576],[-89.75744306124564,21.259763676757245],[-89.75725051009032,21.25976682940062],[-89.75725219213744,21.25985707782763],[-89.75705964092633,21.25986022932682],[-89.757063003722,21.260040727026016],[-89.7569667275016,21.260042302648337],[-89.75696504660822,21.25995205428605],[-89.75667622005638,21.25995678094088],[-89.75667453935912,21.25986653257979],[-89.75677081449257,21.259864957064092],[-89.75676913373297,21.25977470870875],[-89.7565765826285,21.25977785959985],[-89.75657826422338,21.259868108034887],[-89.7564819880384,21.25986968425613],[-89.75648703071381,21.260140429437463],[-89.75639075529726,21.260142005678908],[-89.75639243580746,21.26023225405726],[-89.75629616040655,21.26023382933516],[-89.75629952218644,21.26041432708948],[-89.75620324568958,21.26041590223167],[-89.75620660734927,21.260596400006694],[-89.75611033168543,21.260597975168007],[-89.75611201201315,21.260688223572796],[-89.75601573619983,21.260689799578778],[-89.7560174164652,21.260780047989332],[-89.75592114066755,21.26078162303173],[-89.75592282078802,21.260871872352123],[-89.75582654492351,21.260873447335115],[-89.75582822506416,21.260963695757198],[-89.75573194905026,21.26096527158479],[-89.75573867130579,21.261326265478413],[-89.75564239503126,21.26132784125],[-89.75564743598798,21.261598587587425],[-89.75555115959983,21.261600162397794],[-89.7555528395647,21.261690410860123],[-89.75545656302714,21.261691986515128],[-89.75545824292966,21.261782234983166],[-89.75536196640778,21.261783809674633],[-89.75536364712984,21.26187405912993],[-89.75517109290318,21.26187720916008],[-89.7551727735808,21.261967457718168],[-89.7549802192159,21.261970607508275],[-89.75498189976656,21.26206085607324],[-89.75478934526342,21.26206400562328],[-89.75479102568713,21.262154254195117],[-89.75469474880853,21.26215582937115],[-89.75469642820538,21.262246077871374],[-89.7544075964802,21.262250802057885],[-89.7544059172772,21.26216055355423],[-89.75430964047214,21.26216212758388],[-89.75430796037148,21.262071879006285],[-89.75421168362878,21.2620734529742],[-89.75420664449862,21.261802707343136],[-89.75401409034706,21.26180585591705],[-89.75401577024712,21.261896104484197],[-89.7538232159573,21.261899252818036],[-89.75382993401612,21.26226024796844],[-89.75373365608586,21.262261822462435],[-89.75373533580334,21.262352071055986],[-89.75344650381678,21.262356793428463],[-89.75344482525755,21.262266544908837],[-89.75334854731825,21.262268119160478],[-89.75334686890854,21.26217786974021],[-89.7532505910316,21.262179443930126],[-89.75324891260618,21.262089195417456],[-89.75344146629953,21.262086046824543],[-89.75343978774714,21.261995798318782],[-89.75353606452582,21.261994223932614],[-89.75353438494658,21.261903975355175],[-89.7536306626229,21.26190240098695],[-89.75362730430645,21.261721903925544],[-89.75372358088678,21.261720329421653],[-89.75372190118507,21.26163008086028],[-89.75352934823391,21.261633228901186],[-89.75352766866366,21.2615429803422],[-89.75362394511704,21.26154140590114],[-89.7536205869011,21.261360907972527],[-89.75352431057695,21.26136248241132],[-89.75351927294034,21.261091735962857],[-89.75371182608069,21.26108858801301],[-89.75371518449481,21.26126908500758],[-89.75381146066738,21.261267511352887],[-89.75381482010168,21.261448009345123],[-89.75391109648369,21.261446434723435],[-89.75391277534561,21.261536683195892],[-89.75400905267192,21.261535109493963],[-89.75400737286343,21.261444860041166],[-89.75429620278862,21.261440137516477],[-89.75428948456576,21.261079141727944],[-89.75438576059553,21.261077567711975],[-89.75438911983167,21.261258065594756],[-89.75448539703544,21.26125649068922],[-89.75448707628051,21.261346739145658],[-89.75458335346407,21.261345165082524],[-89.754585032776,21.2614354135424],[-89.75477758638363,21.26143226425061],[-89.75477926574456,21.261522513616942],[-89.75506809589193,21.261517788730757],[-89.75506473565521,21.261337291740404],[-89.75516101194327,21.26133571633226],[-89.75515933224594,21.261245467883803],[-89.75535188460356,21.261242317792206],[-89.75535020477925,21.26115206935063],[-89.75554275699871,21.26114891901899],[-89.75553771626964,21.260878172747297],[-89.75534516443784,21.26088132307211],[-89.75534684425547,21.26097157149984],[-89.75525056823027,21.260973147024544],[-89.75525224798551,21.26106339545804],[-89.75515597197608,21.26106497001925],[-89.75515765158636,21.26115521936258],[-89.7549650994314,21.261158368305473],[-89.75496173934197,21.260977871349652],[-89.75476918638944,21.26098102087239],[-89.75476750704205,21.260890771533717],[-89.75447867823118,21.260895495850797],[-89.75447699811544,21.260805246435922],[-89.75409189363761,21.26081154409567],[-89.75409693136992,21.261082291308902],[-89.75400065533341,21.261083865143085],[-89.75399393783938,21.260722870318713],[-89.75389766205907,21.26072444408781],[-89.75389598225294,21.26063419557943],[-89.75370342976763,21.260637343760294],[-89.75370175114004,21.26054709442752],[-89.75350919877499,21.26055024236377],[-89.75350751923182,21.26045999386003],[-89.75321869138465,21.26046471489326],[-89.75322037065145,21.260554964304458],[-89.7531240940178,21.260556537509213],[-89.75312745154707,21.260737035366258],[-89.75303117566386,21.260738609494208],[-89.75302949652175,21.260648360071503],[-89.75293322070095,21.260649934137696],[-89.75293154162573,21.2605596847185],[-89.75273898914207,21.260562832589518],[-89.75273731116275,21.26047258324999],[-89.7524484822145,21.260477303655946],[-89.752450161047,21.260567552172123],[-89.75206505610814,21.260573845556117],[-89.75207344691803,21.261025089882448],[-89.75216972293505,21.261023517261027],[-89.75217140158722,21.261113765808318],[-89.75207512542309,21.26111533933495],[-89.75207848155792,21.261295837272296],[-89.75217475785126,21.261294263743363],[-89.75217643642766,21.261384513208586],[-89.75227271374786,21.261382939695327],[-89.7522693563856,21.261202441675888],[-89.75236563357433,21.26120086810434],[-89.7523639547907,21.26111061955474],[-89.75255650798513,21.261107473058797],[-89.75255986484869,21.261287970080698],[-89.75265614201273,21.261286397230393],[-89.75265782003021,21.261376645708367],[-89.75275409725658,21.261375072796277],[-89.75275745439204,21.26155556984127],[-89.75285373078096,21.26155399678899],[-89.75285876709455,21.26182474333041],[-89.75295504472206,21.261823169387373],[-89.75295672286433,21.261913418793732],[-89.75286044621929,21.26191499191116],[-89.7528621252637,21.26200524140067],[-89.7527658475873,21.262006814381287],[-89.75276752656936,21.262097063876524],[-89.7526712497906,21.262098636875084],[-89.7526729277458,21.262188886298677],[-89.75238409607249,21.262193606665047],[-89.75238577488318,21.26228385526999],[-89.7521932199172,21.262287002457196],[-89.7521915413183,21.262196752945954],[-89.75093993635453,21.262217201145173],[-89.75094161314904,21.26230745059382],[-89.75074905811546,21.262310595963548],[-89.75075073583001,21.262400844592413],[-89.7505581806583,21.262403989722074],[-89.75055985824588,21.262494238357803],[-89.74978963703451,21.26250681555824],[-89.74978795996381,21.262416566913437],[-89.74959540474707,21.262419710831495],[-89.7495937278904,21.262329461284942],[-89.74969000591756,21.262327889396044],[-89.74968832891598,21.262237640759317],[-89.74978460591176,21.26223606873358],[-89.7497829298949,21.262145819275926],[-89.749975484715,21.262142675122384],[-89.74997716182558,21.26223292465517],[-89.75036227169726,21.262226635616514],[-89.75036059424565,21.262136386992392],[-89.75045687116105,21.262134814543696],[-89.75045519372966,21.262044565021196],[-89.75064774830643,21.2620414209258],[-89.75064607171258,21.26195117148761],[-89.7503572394317,21.26195588885376],[-89.75035388462682,21.261775390733614],[-89.75045016224828,21.261773818366883],[-89.75044848482591,21.26168356886279],[-89.75025593067446,21.261686713610775],[-89.75025257601231,21.261506215515997],[-89.75015629954467,21.26150778783554],[-89.7501512678034,21.26123704027244],[-89.75005499152735,21.26123861252801],[-89.75005163722875,21.26105811357066],[-89.75024419040209,21.261054969984972],[-89.75024586776206,21.261145218554983],[-89.75034214485092,21.261143647160893],[-89.75034549865987,21.261324145139156],[-89.75044177595827,21.261322572778095],[-89.75044513086983,21.261503070849912],[-89.75073396112764,21.2614983541457],[-89.75073228351818,21.261408104658848],[-89.75092483814139,21.26140496029331],[-89.75092316040497,21.261314710813352],[-89.7512119902414,21.26130999320726],[-89.75121031327788,21.2612197438127],[-89.75140286665561,21.26121659876851],[-89.75140118851807,21.26112635020752],[-89.75178629507064,21.261120058492555],[-89.75178461675948,21.26102980903661],[-89.75168834065093,21.26103138231985],[-89.75168330680671,21.26076063495781],[-89.75177958263886,21.260759062582075],[-89.75177454958552,21.260488315342393],[-89.75158199629507,21.26049146077566],[-89.75158031901083,21.260401212331242],[-89.75148404246812,21.260402784503825],[-89.75148236525074,21.260312536062855],[-89.75138608877032,21.260314108173706],[-89.75138776680508,21.260404357597345],[-89.75129149017532,21.260405930552825],[-89.75128813511922,21.260225432689474],[-89.7510955821939,21.260228577510127],[-89.75109390532202,21.260138328169724],[-89.7508050770342,21.260143045472372],[-89.75080339931135,21.260052796959886],[-89.7507071239735,21.260054368720674],[-89.75070544631748,21.259964120211716],[-89.75060917007755,21.259965691833347],[-89.7506074934529,21.25987544340522],[-89.75051121727535,21.25987701496515],[-89.7505061858449,21.25960626774205],[-89.75069873692823,21.25960312358688],[-89.75069706033048,21.25951287427424],[-89.75079333528072,21.259511302520256],[-89.7507916586206,21.259421053213366],[-89.75088793358653,21.25941948049585],[-89.75089296577875,21.259690227677677],[-89.75079669061905,21.259691800398596],[-89.75080172263773,21.25996254762532],[-89.75099427422448,21.25995940309763],[-89.75098924181809,21.259688655877675],[-89.75127806912327,21.259683938228587],[-89.75126968123185,21.25923269239445],[-89.75146223176228,21.259229547279062],[-89.7514588765064,21.259049049540213],[-89.75136260084798,21.259050622539235],[-89.75136092381149,21.258960373262198],[-89.75145719940527,21.258958800264313],[-89.75145552125944,21.258868551819734],[-89.75155179678637,21.25886697876237],[-89.75155011866075,21.25877672941948],[-89.75164639403823,21.258775157206742],[-89.75164471585025,21.258684907869576],[-89.75174099116089,21.25868333559748],[-89.75173763562695,21.258502837016653],[-89.75183391080611,21.25850126468621],[-89.75183223249567,21.258411015365162],[-89.75192850760799,21.25840944297522],[-89.75192515182907,21.258228944426662],[-89.75202142680989,21.258227371978485],[-89.75201807091084,21.258046873450677],[-89.75211434576023,21.258045300944122],[-89.75211266726721,21.257955051649546],[-89.7526903141647,21.25794561338212],[-89.7526919931279,21.258035861765734],[-89.75278826699702,21.258034288757745],[-89.75278994594451,21.25812453804898],[-89.75298249485225,21.258121391022282],[-89.75298417401379,21.258211639411716],[-89.75317672295915,21.2582084930445],[-89.75317504375097,21.25811824375328],[-89.75336759360515,21.25811509631932],[-89.75337095035331,21.258295594747175],[-89.75327467630389,21.258297168122045],[-89.75327635461674,21.25838741734402],[-89.75337262977777,21.258385843141287],[-89.75337430815746,21.258476092366735],[-89.75347058338089,21.258474518102325],[-89.75346890388956,21.258384269704685],[-89.7535651790461,21.258382695380817],[-89.75356685755509,21.258472944604005],[-89.75366313269144,21.2584713711225],[-89.75366481134975,21.25856161944504],[-89.75395363605719,21.258556897652152],[-89.75395195720506,21.258466649333037],[-89.75414450657554,21.258463500843312],[-89.75414114773767,21.25828300324192],[-89.75442997182982,21.258278280550545],[-89.75442829177949,21.25818803126947],[-89.75452456670173,21.258186457246122],[-89.75452288747097,21.258096208952267],[-89.75461916144441,21.258094633888],[-89.7546174821513,21.25800438559993],[-89.75471375693981,21.2580028114577],[-89.75471207670242,21.257912562193887],[-89.75480835142407,21.25791098799221],[-89.75480667208873,21.257820738811517],[-89.75490294577911,21.25781916447309],[-89.75490126638142,21.25772891529813],[-89.75461244348602,21.257733638877728],[-89.75461076420193,21.257643390608052],[-89.75422566790536,21.257649687611732],[-89.75422398800002,21.25755943836067],[-89.75383889192587,21.257565734390514],[-89.75383721324562,21.257475485216904],[-89.7537409387419,21.25747705971116],[-89.75373926012858,21.25738681054101],[-89.75364298576976,21.257388384069497],[-89.75363291243069,21.256846890792293],[-89.75353663942172,21.256848464330727],[-89.75353496087077,21.256758216094745],[-89.7534386869597,21.256759789494044],[-89.75343029392776,21.256308544684032],[-89.75362284013713,21.25630539775878],[-89.75362451865887,21.25639564687461],[-89.75372079238957,21.256394072454597],[-89.7537224709781,21.256484321573918],[-89.75391501839684,21.25648117435806],[-89.75391333967909,21.25639092524101],[-89.75429843238469,21.256384629027995],[-89.75430011136086,21.25647487814047],[-89.75449265875254,21.256471730197664],[-89.75449097964716,21.256381481087455],[-89.75458725231056,21.25637990694894],[-89.75459732849397,21.25692139994192],[-89.75440478142521,21.256924548094666],[-89.75441149870302,21.257285543851935],[-89.75421895110833,21.257288691771446],[-89.7542223090614,21.257469189191635],[-89.7543185834713,21.257467615298577],[-89.75432026247451,21.25755786446651],[-89.75470535850364,21.25755156722506],[-89.75469864138798,21.257190571503365],[-89.75479491462829,21.257188997233445],[-89.75479659394779,21.25727924638184],[-89.75489286821494,21.257277672127536],[-89.75489454768383,21.257367920375298],[-89.75499082201334,21.257366346059342],[-89.75498914256238,21.25727609690862],[-89.75508541586055,21.25727452245579],[-89.75508709537618,21.257364771605406],[-89.75518336970117,21.257363197168257],[-89.75518504936615,21.257453445417198],[-89.75508877497656,21.25745501985549],[-89.7550904554611,21.25754526909167],[-89.75499418100463,21.25754684347054],[-89.75499922043166,21.257817590151387],[-89.75519176884805,21.257814440344813],[-89.75519344844174,21.25790468952097],[-89.75528972315212,21.25790311501644],[-89.75529476230575,21.25817386076097],[-89.75539103720769,21.258172286192387],[-89.75539271702218,21.25826253448064],[-89.75558526598411,21.258259385082138],[-89.75558694593005,21.258349633372728],[-89.75568321998998,21.25834805854277],[-89.75568658089979,21.258528556116996],[-89.75559030574618,21.258530130871836],[-89.75559198658092,21.258620380157712],[-89.75549571136044,21.258621954853133],[-89.75549907202537,21.258802452459623],[-89.7553065222837,21.25880560175057],[-89.75531324215935,21.25916659695057],[-89.75540951680749,21.259165022292102],[-89.75541119761127,21.259255270708486],[-89.75570002278303,21.259250545539526],[-89.75569834274995,21.259160297203938],[-89.75608344234,21.259153996410642],[-89.75608512263155,21.259244244741716],[-89.75618139829075,21.25924266967485],[-89.7561797179346,21.259152421344947],[-89.75627599256244,21.259150846141274],[-89.75627431222648,21.259060596913063],[-89.75637058678745,21.25905902164995],[-89.75637226727056,21.259149269972937],[-89.75656481747954,21.25914611934008],[-89.75656649809412,21.259236367665423],[-89.75675904842322,21.259233216787944],[-89.75676072916927,21.25932346511558],[-89.75704955435764,21.259318738302987],[-89.75705123529977,21.25940898663179],[-89.75734006074418,21.259404258366395],[-89.75733501637852,21.259133513326496],[-89.7575275666248,21.25913036057793],[-89.75752420411025,21.258949863963846],[-89.75762047857731,21.258948287914315],[-89.75761375348183,21.25858729293792],[-89.75771002768819,21.25858571683242],[-89.75770834631412,21.25849546855301],[-89.75761207120789,21.258497044580032],[-89.75761038990063,21.25840679630414],[-89.75751411582121,21.258408372346825],[-89.75751243458086,21.25831812407441],[-89.75741616056384,21.25831970005538],[-89.75741111616813,21.258048954280923],[-89.75750739103836,21.258047377476625],[-89.75750402857791,21.257866880973296],[-89.75760030226974,21.25786530493747],[-89.75759862106081,21.25777505578975],[-89.75769489468577,21.257773479694507],[-89.75769321333192,21.257683231456646],[-89.75788576141028,21.257680079163954],[-89.75788407992948,21.257589830933032],[-89.75798035341846,21.25758825465826],[-89.75798203496379,21.257678502888034],[-89.75855967816648,21.257669044115232],[-89.7585613601017,21.257759292342808],[-89.7588501818664,21.25775456213518],[-89.75885186391518,21.25784481126805],[-89.75962205506214,21.257832194654743],[-89.75962037241398,21.25774194643508],[-89.75971664695594,21.257740369144955],[-89.75970991620997,21.257379375412935],[-89.75999873703553,21.257374643942164],[-89.75999705422277,21.25728439484602],[-89.76018960159328,21.257281240558775],[-89.76018791857106,21.25719099237363],[-89.76038046492144,21.257187836864805],[-89.76037878177218,21.257097588686598],[-89.76047505584383,21.257096010919835],[-89.76047337263232,21.257005762747372],[-89.76056964567259,21.257004184843773],[-89.76056796239871,21.256913936677066],[-89.76066423633664,21.256912358791418],[-89.76066760205143,21.257092855049805],[-89.76076387506929,21.257091277928048],[-89.76076892529892,21.257362022462885],[-89.76086519859086,21.257360444373028],[-89.76086688198741,21.257450693463515],[-89.7610594286937,21.257447537099743],[-89.76105606147951,21.257267040736174],[-89.76115233566453,21.25726546254304],[-89.76114896833023,21.257084966200228],[-89.7612452414193,21.257083387871507],[-89.76123850756632,21.25672239441905],[-89.7613347813592,21.256720816111653],[-89.7613364640984,21.256811065086744],[-89.76162528364588,21.256806330546897],[-89.76162865064828,21.256986826773268],[-89.76153237763276,21.256988405343197],[-89.76153406155501,21.25707865350311],[-89.76163033463504,21.257077074932077],[-89.7616320186241,21.257167323095423],[-89.76172829176649,21.257165744462654],[-89.76172997573995,21.25725599353361],[-89.76192252214713,21.257252836084007],[-89.76192083796201,21.257162587919414],[-89.76201711109763,21.257161009104887],[-89.76201374356934,21.256980512869152],[-89.7622062894929,21.256977355966992],[-89.76220292171526,21.256796859754314],[-89.76210664892513,21.256798437781413],[-89.76210496462201,21.25670818964217],[-89.76229751015342,21.2567050326257],[-89.76229582668785,21.25661478457069],[-89.76239209942683,21.256613205520686],[-89.76239041493443,21.25652295739414],[-89.76248668760655,21.256521378284674],[-89.76248837216349,21.256611626410105],[-89.76258464481539,21.25661004814304],[-89.76257959200447,21.256339302957276],[-89.7624833194639,21.256340882125073],[-89.76248163587815,21.2562506340908],[-89.7625779083542,21.256249054924208],[-89.76257622374165,21.256158806818437],[-89.76267249615076,21.25615722759239],[-89.76267418074542,21.25624747660113],[-89.7629629980705,21.256242739460212],[-89.76295794539347,21.25597199532501],[-89.76266912776782,21.255976731474274],[-89.76266744406192,21.255886483460806],[-89.76228235438761,21.25589279810232],[-89.7622773021299,21.25562205392132],[-89.76237357415825,21.255620474883848],[-89.76237020619,21.255439978814344],[-89.76275529456312,21.255433663953355],[-89.76275361088874,21.255343415064686],[-89.76265733906332,21.255344994341034],[-89.76265565440879,21.25525474628258],[-89.7625593827282,21.255256324593116],[-89.76255601451963,21.255075828565182],[-89.762459742966,21.25507740681286],[-89.7624580584475,21.254987158766028],[-89.76226551538011,21.25499031598142],[-89.76226383099309,21.254900067936955],[-89.7618787441252,21.254906381558957],[-89.76188211142025,21.25508687758437],[-89.76197838298744,21.25508529970022],[-89.76198006718525,21.255175547757396],[-89.76178752287235,21.255178704294245],[-89.7617892069432,21.25526895235833],[-89.76169293419535,21.25527053095041],[-89.76169461820378,21.255360779020258],[-89.76159834635348,21.255362357630236],[-89.76160002933511,21.255452605628527],[-89.76150375741796,21.255454184179108],[-89.76151049095523,21.255815177281715],[-89.76141421885985,21.255816754872136],[-89.7614159026056,21.255907003877265],[-89.76131963044334,21.255908581408253],[-89.7613229969304,21.256089078453165],[-89.76122672463674,21.256090655925835],[-89.76122840729559,21.25618090486978],[-89.7608433167104,21.256187215890197],[-89.7608450000775,21.256277464920593],[-89.76065245415994,21.25628062003096],[-89.76065413748259,21.256370868164158],[-89.7605578648968,21.256372446120356],[-89.7605595481571,21.256462694259334],[-89.76046327453997,21.256464272078727],[-89.76046664085573,21.256644769276903],[-89.76027409440319,21.25664792391176],[-89.76027072922788,21.256467427690435],[-89.76007818302472,21.256470582078347],[-89.76007986596433,21.256560830227688],[-89.7599835932357,21.25656240782264],[-89.75999032371121,21.256923401297406],[-89.75989405072195,21.256924978836366],[-89.75989573257911,21.257015226933703],[-89.75960691243957,21.257019959113155],[-89.75960859506961,21.257110207295852],[-89.75951232194213,21.257111784594795],[-89.75951400450985,21.25720203278327],[-89.75922518395548,21.257206764242582],[-89.75922350158156,21.257116516050676],[-89.75864586088205,21.257125976422717],[-89.75864417889804,21.25703572822863],[-89.75845163272477,21.257038881552],[-89.75845331361518,21.257129129671064],[-89.75816449318009,21.25713385912781],[-89.7581661748434,21.25722410733224],[-89.75826244903159,21.257222530957694],[-89.75826413067918,21.25731278006969],[-89.75797530896102,21.25731750818837],[-89.75797194685512,21.257137011847675],[-89.75787567272477,21.257138588039364],[-89.75787399134012,21.257048338932037],[-89.75768144416625,21.257051491208774],[-89.75767976283055,21.256961243007904],[-89.75787230987513,21.25695809073346],[-89.75787062849501,21.256867841635326],[-89.7577743555207,21.256869417840374],[-89.75776931142255,21.256598672378612],[-89.75786558420305,21.256597096176932],[-89.75786390371388,21.256506848078793],[-89.75796017642753,21.25650527181768],[-89.75795849499409,21.256415022743838],[-89.75766967607566,21.25641975126459],[-89.75766799475578,21.256329503096055],[-89.7575717212001,21.256331079095744],[-89.75757004002959,21.25624083002658],[-89.75728122147173,21.256245557813514],[-89.7572795404973,21.25615530874557],[-89.75708699458846,21.256158460272577],[-89.75708363282224,21.255977963050046],[-89.7572761784726,21.255974811527555],[-89.75727785944251,21.256065060586312],[-89.75747040521311,21.256061908819234],[-89.75746872411389,21.255971659762796],[-89.7575649973309,21.255970084732304],[-89.7575633161694,21.25587983568163],[-89.75765958843759,21.255878259610245],[-89.75765622590964,21.255697762429136],[-89.75775249901082,21.255696186376834],[-89.75775081764438,21.255605938246365],[-89.75755827261591,21.25560908946139],[-89.75755995377067,21.255699338498232],[-89.757463680665,21.255700914429386],[-89.75746536183988,21.25579116256787],[-89.7573690896318,21.2557927385169],[-89.75736740852143,21.255702490377306],[-89.75727113541124,21.255704066187274],[-89.75726777340917,21.255523569015573],[-89.75736404639017,21.255521993207825],[-89.75736068426785,21.25534149605683],[-89.75745695711738,21.255339920190792],[-89.7574552760363,21.255249671171324],[-89.7576478206349,21.255246519182467],[-89.75764277781691,21.254975774044144],[-89.75754650523032,21.254977350026785],[-89.7575431429592,21.254796852031753],[-89.75744687146403,21.254798428028835],[-89.75744519031394,21.254708179941236],[-89.75754146174454,21.25470660394521],[-89.7575397815791,21.25461635503661],[-89.75763605294281,21.254614778981153],[-89.75763437166806,21.254524530905083],[-89.75830827543844,21.25451349811974],[-89.75830491207375,21.25433300109325],[-89.75840118419006,21.254331424633943],[-89.75839950240518,21.254241176580802],[-89.75801441619626,21.254247481300563],[-89.75801273475463,21.254157232343427],[-89.75782019172452,21.25416038478956],[-89.75781851041435,21.25407013583475],[-89.75772223847832,21.254071711927125],[-89.75771719563706,21.253800966068553],[-89.7578134673793,21.253799389979566],[-89.75781514771822,21.253889638843123],[-89.7579114195228,21.253888062692457],[-89.75791310089312,21.25397831163687],[-89.75829818633582,21.25397200717311],[-89.75829482396263,21.253791510279456],[-89.7581985523142,21.253793085767235],[-89.75819519007932,21.25361258888984],[-89.75809891847531,21.253614165218874],[-89.75809723698482,21.253523916295265],[-89.75848232208196,21.25351761144701],[-89.75848400383077,21.253607860366046],[-89.75867654597147,21.25360470798957],[-89.7586782269699,21.253694955929564],[-89.75944839700618,21.2536823431646],[-89.75945007940564,21.25377259208154],[-89.75954635014277,21.253771014824782],[-89.75954803260902,21.25386126374521],[-89.75964430340849,21.25385968642675],[-89.75964598602418,21.25394993444651],[-89.75974225680349,21.253948357970458],[-89.75974393948597,21.25403860599378],[-89.75993648221406,21.254035452030838],[-89.75993984679724,21.25421594891345],[-89.76003611881055,21.25421437142551],[-89.76003780064673,21.254304620286014],[-89.7601340727224,21.254303042736232],[-89.76013575462534,21.254393291600245],[-89.76032829785218,21.254390137143606],[-89.76032998093359,21.254480385183154],[-89.76110015338527,21.254467763942774],[-89.76110183690331,21.254558012881944],[-89.76167946631433,21.254548544155156],[-89.76168115022219,21.254638793092106],[-89.76196996509094,21.254634057907456],[-89.76197164823049,21.254724306768303],[-89.76216419188823,21.254721150000517],[-89.76216587524172,21.25481139795959],[-89.76245469046421,21.254806661859377],[-89.76245300595251,21.254716413826433],[-89.76264554958763,21.25471325645289],[-89.76264386591345,21.254623008504147],[-89.76283640844586,21.2546198508132],[-89.76283472464468,21.2545296028714],[-89.76312353827386,21.254524865432035],[-89.7631218542812,21.25443461749822],[-89.76389202507897,21.254421983934524],[-89.76389707949639,21.25469272870379],[-89.76408962209922,21.254689569435566],[-89.76409130770917,21.254779817449126],[-89.76418757903062,21.254778238175046],[-89.76418926374298,21.254868486114788],[-89.7642855351267,21.254866906778982],[-89.76428385043222,21.254776657936304],[-89.76438012174908,21.254775078541037],[-89.7643818065907,21.254865326478477],[-89.76467062176846,21.2548605870991],[-89.76466893673302,21.254770339165056],[-89.7647652080409,21.25476875952754],[-89.76476352197867,21.254678511521945],[-89.76466725073544,21.254680091158342],[-89.76466219476762,21.254409346416463],[-89.76456592363348,21.254410926893005],[-89.76456423867396,21.25432067898094],[-89.76466050974349,21.254319098505583],[-89.76465882472169,21.25422885059928],[-89.76485136655981,21.254225691277323],[-89.76484968149354,21.25413544247384],[-89.76494595234462,21.254133862723144],[-89.76494258096018,21.253953366863264],[-89.76503885264424,21.253951787131587],[-89.76503716649108,21.253861538266932],[-89.76513343714382,21.253859958398515],[-89.76513849404003,21.254130703039987],[-89.76504222319342,21.254132282911844],[-89.7650455947161,21.25431277878797],[-89.76514186569185,21.254311198913793],[-89.76514523638835,21.254491694728813],[-89.76533777859152,21.254488534794206],[-89.7653360931129,21.25439828688668],[-89.765432364229,21.254396705925576],[-89.76542899314941,21.25421621012665],[-89.76562153495134,21.254213049835435],[-89.76561984936825,21.254122801041113],[-89.76552357845047,21.25412438211998],[-89.76552189188733,21.254034134155898],[-89.76542562111445,21.254035714268927],[-89.76542393558255,21.253945466385666],[-89.7657127487476,21.253940725041453],[-89.7657110620597,21.253850477088942],[-89.7667700400706,21.253833088808886],[-89.7667717265046,21.25392333667157],[-89.76667545582575,21.253924917570973],[-89.76667714307939,21.2540151664208],[-89.76609951760658,21.25402465047464],[-89.76610120351049,21.25411489925863],[-89.76600493268651,21.2541164797363],[-89.76601167736058,21.254477471383996],[-89.76610794844296,21.254475890901787],[-89.76610963444061,21.25456613880479],[-89.76620590558525,21.254564558260864],[-89.76620759261428,21.254654806244687],[-89.76630386390374,21.254653224734902],[-89.76630555003511,21.25474347264489],[-89.76659436383639,21.25473873046104],[-89.7665977364936,21.254919226288017],[-89.76746417910289,21.254904994636398],[-89.76746586601634,21.254995242546574],[-89.76765840888602,21.254992079690506],[-89.76766009593095,21.255082327602988],[-89.767756367427,21.255080746082943],[-89.76775805453879,21.25517099399887],[-89.76804686928959,21.255166248167786],[-89.76805024390754,21.255346744006687],[-89.76814651558843,21.255345162240918],[-89.76814989034462,21.255525658096076],[-89.76843870487907,21.255520911446975],[-89.768437017306,21.25543066352053],[-89.7692071901689,21.255418005673103],[-89.76920212591293,21.255147261948963],[-89.76929839647283,21.25514567938124],[-89.76930008462055,21.255235927283508],[-89.76949262779173,21.25523276211859],[-89.76949431607092,21.25532301002327],[-89.76978313004014,21.25531826174088],[-89.76978144156715,21.255228013839638],[-89.76987771314255,21.255226430984624],[-89.76987602460729,21.25513618308921],[-89.76997229611581,21.255134600174706],[-89.76997060743578,21.255044353189174],[-89.76987433607422,21.25504593519838],[-89.76987264746106,21.254955688216278],[-89.76977637607945,21.254957271067916],[-89.76976624621204,21.254415784822438],[-89.7692848912081,21.254423698137565],[-89.76928320308078,21.254333450276878],[-89.76909066215704,21.25433661525385],[-89.76908897416119,21.254246367395524],[-89.76899270327829,21.25424794975337],[-89.76899101534937,21.254157701898514],[-89.76889474452874,21.254159284194614],[-89.7688930566667,21.254069036343235],[-89.76879678590846,21.25407061857765],[-89.76879509811323,21.253980370729764],[-89.76850628601868,21.253985117066076],[-89.76850797362012,21.254075364917398],[-89.76831543208318,21.25407852884101],[-89.76831712052214,21.25416877677654],[-89.76812457884695,21.254171940460076],[-89.76812626619451,21.25426218832525],[-89.76774118255862,21.254268514970047],[-89.76773780838265,21.254088019235247],[-89.76783407916581,21.254086437667194],[-89.76783239201659,21.25399618980785],[-89.76792866273294,21.25399460818038],[-89.76792360110514,21.253723864633592],[-89.76801987162534,21.25372228294894],[-89.76801649708895,21.253541787276504],[-89.7681127665133,21.253540205456293],[-89.76811445384493,21.253630453289066],[-89.76821072429601,21.2536288714844],[-89.76821241169458,21.25371911932069],[-89.768308682208,21.253717537454325],[-89.76831036967344,21.25380778529403],[-89.76850291082268,21.253804621377277],[-89.76850459841958,21.253894869219355],[-89.7690822222006,21.253885376008423],[-89.7690805341337,21.253795129077314],[-89.76917680469134,21.2537935466646],[-89.76917849274038,21.253883794498687],[-89.76937103397812,21.253880629489284],[-89.76937272119423,21.253970877248385],[-89.76946899187426,21.25396929465164],[-89.76947068020412,21.25405954158743],[-89.76956695094654,21.254057958928982],[-89.76957032757738,21.25423845462035],[-89.77014795171237,21.254228958210625],[-89.77014964050129,21.254319205152285],[-89.77034218129279,21.254316039746712],[-89.7703438702131,21.25440628669072],[-89.77063268306505,21.254401537788414],[-89.77063099403331,21.25431128994375],[-89.7707272639779,21.254309706477677],[-89.77072557584826,21.254219458716054],[-89.77082184572596,21.25421787519054],[-89.77082015745158,21.2541276283388],[-89.77091642726234,21.254126044753857],[-89.77091473804366,21.254035796926537],[-89.77101100875203,21.254034213359397],[-89.77100594179767,21.253763470889933],[-89.77119848185558,21.25376030350358],[-89.77120186066928,21.253940799128284],[-89.77129813130624,21.253939215380587],[-89.77130319885562,21.254209957867516],[-89.77139946968411,21.254208374055843],[-89.77140115923041,21.254298621886683],[-89.77149742915678,21.254297037936006],[-89.77149911876994,21.25438728577034],[-89.77159538972309,21.25438570183521],[-89.7715970794031,21.254475949673026],[-89.7719821614402,21.25446961407166],[-89.77198047246624,21.25437936631567],[-89.77217301338321,21.254376197701742],[-89.7721713232354,21.254285950779508]],[[-89.7721747034508,21.254466445532692],[-89.77207843244663,21.25446802983243],[-89.7720818125419,21.254648524606473],[-89.77217808271087,21.254646940227158],[-89.77217977278524,21.254737188072],[-89.77227604398095,21.254735603708188],[-89.77227942330138,21.254916099332227],[-89.77218315302332,21.254917682871422],[-89.77218484310458,21.25500793073012],[-89.77199230031871,21.25501109928285],[-89.77199399035547,21.25510134624435],[-89.77170517693035,21.255106098699745],[-89.77170348716983,21.255015850830706],[-89.77093331885716,21.255028520492136],[-89.77092656278714,21.254667530006884],[-89.77083029162429,21.25466911352141],[-89.77083198079431,21.25475936138231],[-89.77073570956455,21.254760944837397],[-89.77073908786457,21.25494143967117],[-89.77064281650337,21.254943023068044],[-89.77064450555099,21.25503327094507],[-89.77054823412286,21.25503485428245],[-89.77055161217807,21.25521534914851],[-89.7706478837354,21.25521376580886],[-89.77065295098777,21.255484508591323],[-89.77074922177218,21.255482925110353],[-89.77074753256618,21.25539267811548],[-89.77084380424813,21.255391094652367],[-89.77084211506228,21.25530084675911],[-89.77113092893626,21.25529609593246],[-89.77113261831589,21.25538634382227],[-89.7720953310024,21.255370504636968],[-89.77209702103033,21.255460752519937],[-89.77248210594706,21.255454414752503],[-89.77248041654266,21.255364167855504],[-89.7726729588582,21.255360998610573],[-89.77267126836242,21.25527075164324],[-89.77276753896997,21.255269166892422],[-89.77276584945875,21.255178919103997],[-89.77295839141985,21.25517575040432],[-89.77296008210709,21.255265997363637],[-89.77286381053966,21.25526758215831],[-89.7728722624754,21.25571881966505],[-89.77296853436583,21.255717234864616],[-89.7729702241023,21.25580748177442],[-89.77306649597264,21.25580589781636],[-89.77306818674039,21.25589614480689],[-89.77326072980391,21.25589297482129],[-89.77325903890697,21.255802727833085],[-89.77345158183215,21.25579955760752],[-89.77344989080827,21.2557093106262],[-89.77354616172062,21.25570772538504],[-89.7735444715988,21.25561747848675],[-89.77383328509302,21.25561272248055],[-89.7738315938152,21.255522475513057],[-89.77392786555373,21.255520890109153],[-89.77392617421366,21.255430643147434],[-89.7741187165903,21.255427472082904],[-89.7741170251232,21.25533722512812],[-89.77430956736156,21.255334053823592],[-89.77430449363328,21.255063312166907],[-89.77440076503744,21.255061726465854],[-89.77439907338571,21.25497147953299],[-89.77449534375853,21.254969893695225],[-89.77449026966987,21.254699152100873],[-89.77458654081117,21.254697566283227],[-89.77458146654914,21.254426824734004],[-89.77467773749427,21.254425238859216],[-89.77467097131847,21.25406424956768],[-89.77476724192051,21.254062664541053],[-89.77476047552264,21.253701675328127],[-89.77485674594642,21.253700089341333],[-89.77485505408816,21.25360984157944],[-89.77495132436265,21.253608256437374],[-89.77494963340645,21.253518008758476],[-89.77504590264961,21.253516423479724],[-89.77504421163114,21.253426175806656],[-89.77514048080744,21.253424590468445],[-89.77513878972657,21.253334342801118],[-89.77475371020789,21.253340685362335],[-89.77475540199482,21.25343093311151],[-89.77446659233807,21.25343568987113],[-89.7744682840158,21.253525936724248],[-89.77427574445308,21.25352910732114],[-89.77427743495701,21.25361935500802],[-89.77418116563108,21.253620939803334],[-89.77418792942257,21.253981929852102],[-89.7740916588715,21.25398351451419],[-89.77409504165735,21.25416400919381],[-89.77399877089239,21.254165594701668],[-89.77400384388872,21.25443633713407],[-89.7739075730101,21.25443792168072],[-89.77391095556025,21.254618416411176],[-89.77381468446768,21.254620001803588],[-89.77381637572279,21.254710248724873],[-89.77362383436618,21.254713419407587],[-89.77362214332275,21.254623171579887],[-89.77371841433737,21.25462158721273],[-89.7737082695007,21.254080102313473],[-89.77380453916105,21.254078517815373],[-89.77380284896871,21.253988270099583],[-89.77389911864455,21.253986684637884],[-89.77389573709065,21.25380619004945],[-89.77399200751705,21.253804605510833],[-89.77399031623793,21.25371435773402],[-89.77408658659746,21.253712773135963],[-89.77408151346181,21.253442030818032],[-89.77369643358483,21.253448370718452],[-89.77369812466343,21.253538618484853],[-89.773601854424,21.25354020283827],[-89.77360354544021,21.25363045061046],[-89.77350727505149,21.253632035808558],[-89.77351065704396,21.253812530464945],[-89.7734143866062,21.253814114700656],[-89.7734160775,21.253904362488978],[-89.77331980691297,21.25390594756935],[-89.7733181160837,21.253815699779928],[-89.7731255760789,21.25381886892983],[-89.77312726677889,21.25390911672161],[-89.77303099618503,21.253910701620274],[-89.7730343775451,21.25409119631585],[-89.77293810681978,21.254092781156242],[-89.77294148709525,21.254273275795335],[-89.77284521720286,21.25427486065471],[-89.77285028796275,21.2545456022381],[-89.77275401690989,21.254547186963038],[-89.7727557073697,21.2546374347964],[-89.77256316617476,21.25464060324],[-89.77255978543347,21.254460108477453],[-89.77265605642629,21.2544585238748],[-89.77265098614323,21.254187781394318],[-89.77255471534423,21.25418936599354],[-89.77255640566575,21.25427961381065],[-89.77236386497856,21.25428278200282],[-89.77236555420868,21.254373029749587],[-89.77217301338321,21.254376197701742],[-89.7721747034508,21.254466445532692]],[[-89.7717186943787,21.25582807902906],[-89.77172038424207,21.2559183260356],[-89.77104648274367,21.255929413101608],[-89.7710481721571,21.25601966012078],[-89.76970036687563,21.256041826190646],[-89.76970205538687,21.256132073230468],[-89.76941323966659,21.25613682136204],[-89.76941492790375,21.256227069313997],[-89.76864475130769,21.256239729194416],[-89.7686464390303,21.256329977160124],[-89.76855016761466,21.25633155931869],[-89.76855185527494,21.256421807290224],[-89.76845558282795,21.25642338931203],[-89.76845895802617,21.256603885271225],[-89.7686515032588,21.256600720258305],[-89.76865319099046,21.256690968242562],[-89.76932709755032,21.256679890886854],[-89.7693254093664,21.256589642910633],[-89.77019185947611,21.256575396470048],[-89.77019017063053,21.256485149412814],[-89.77124916294474,21.256467730543353],[-89.77124747339086,21.256377483503364],[-89.77172883334543,21.25636956385003],[-89.77172714355324,21.256279315916228],[-89.77182341585852,21.256277731835908],[-89.77182172592148,21.256187484812035],[-89.77191799719547,21.256185900594968],[-89.77191630727853,21.256095652672748],[-89.77210885057251,21.25609248504055],[-89.77210378132976,21.255821742289818],[-89.7717186943787,21.25582807902906]],[[-89.76807218123895,21.256519965756766],[-89.76797590871595,21.256521547476822],[-89.76797422144105,21.25643129949388],[-89.76730031593338,21.256442371792915],[-89.76730200283852,21.25653261887983],[-89.76720573021504,21.25653420101934],[-89.76719898223169,21.25617320900118],[-89.7672952545143,21.256171627770335],[-89.76728681942176,21.255720388780773],[-89.76709427550033,21.255723551170504],[-89.76709258882715,21.255633303218808],[-89.76680377303926,21.255638047249736],[-89.76680545951861,21.255728295204833],[-89.76661291557444,21.25573145698879],[-89.76661460289132,21.255821705028143],[-89.76642205872643,21.255824867476125],[-89.76642037153883,21.255734619434516],[-89.76632410052325,21.255736200191773],[-89.76632241340252,21.25564595215362],[-89.76622614140243,21.25564753367599],[-89.76621939609383,21.25528654179694],[-89.76573803768123,21.255294444860663],[-89.76573972440528,21.255384692887166],[-89.76525836456617,21.255392595268916],[-89.76525667912959,21.25530234731403],[-89.76506413575902,21.255305507147998],[-89.76506582106646,21.255395755105198],[-89.76496954923067,21.25539733583657],[-89.76497292068753,21.255577831844445],[-89.76506919265243,21.255576251110796],[-89.76507256424755,21.255756747134843],[-89.76516883625695,21.255755167242416],[-89.76517220702584,21.25593566320533],[-89.76526847916224,21.255934083250082],[-89.76527185103389,21.256114579306537],[-89.76536812337964,21.256112998384303],[-89.7653731809156,21.25638374246155],[-89.76546945337043,21.25638216237938],[-89.76547113992791,21.25647241046481],[-89.76537486740841,21.25647399054808],[-89.76537655293907,21.25656423856191],[-89.76518400768164,21.25656739945318],[-89.76518569404983,21.256657647551222],[-89.76499314865417,21.25666080820245],[-89.76499483393091,21.256751056230083],[-89.76489856120628,21.256752636013935],[-89.7649002473852,21.25684288412467],[-89.76470770171751,21.25684604441694],[-89.76470433058492,21.256665548272878],[-89.76480060324948,21.256663968611363],[-89.7647989171397,21.25657372050874],[-89.76489518981987,21.25657213988363],[-89.76489181844246,21.256391643771856],[-89.76479554685596,21.25639322447194],[-89.76479386075306,21.25630297638321],[-89.76440877095015,21.256309296455743],[-89.76440708615488,21.256219047540277],[-89.7643108137218,21.25622062785782],[-89.76430744313781,21.256040131769318],[-89.7644037154416,21.256038551454008],[-89.76440034473737,21.255858055386234],[-89.76391898312474,21.255865953555993],[-89.76392066855242,21.255956202536048],[-89.7636318519591,21.25596094057998],[-89.76363016664268,21.255870692500572],[-89.76353389453251,21.255872271424877],[-89.76353221024749,21.25578202342638],[-89.76343593715266,21.25578360311569],[-89.76343425293446,21.25569335512063],[-89.76333798094895,21.255694933921475],[-89.76333292657287,21.255424189805872],[-89.76342919941155,21.25542261018168],[-89.76342751423789,21.25533236212772],[-89.7635237859628,21.255330783270825],[-89.76352547120096,21.255421031323664],[-89.76362174307063,21.255419451500934],[-89.76362848229307,21.255780444503166],[-89.76382102645995,21.255777285570996],[-89.76381934101892,21.25568703750317],[-89.76391561404007,21.255685457572604],[-89.763912244,21.255504961530377],[-89.76400851584272,21.255503382368328],[-89.76400514576503,21.25532288544281],[-89.76390887396896,21.25532446550666],[-89.76390718847462,21.255234217463094],[-89.76381091682343,21.255235796561156],[-89.76380923236039,21.25514554859832],[-89.76371296077153,21.255147127634675],[-89.76371127541094,21.255056879598076],[-89.76361500380197,21.255058459476736],[-89.76361331955512,21.254968210616816],[-89.763517047044,21.254969790356494],[-89.7635153627816,21.254879542404158],[-89.76332281997564,21.254882700045954],[-89.76332113488026,21.25479245201861],[-89.76303232068321,21.254797189831713],[-89.76303400462041,21.254887437785175],[-89.76293773320721,21.25488901633341],[-89.76294447056648,21.255250009256663],[-89.76313701398978,21.2552468511863],[-89.76314038290013,21.25542734812312],[-89.76304411110165,21.255428926738833],[-89.7630508487736,21.255789919768493],[-89.76314712091299,21.255788340244106],[-89.76315217484608,21.2560590853261],[-89.76324844717702,21.256057505737726],[-89.7632518163398,21.256238001851372],[-89.76305927053525,21.256241159990708],[-89.76306095539054,21.256331408999515],[-89.76296468294376,21.25633298756605],[-89.76297142044767,21.256693980785087],[-89.76316396602087,21.25669082177407],[-89.76316565103456,21.256781069900743],[-89.76345446940618,21.256776332734674],[-89.76345952407785,21.25704707705481],[-89.76336325112327,21.2570486558728],[-89.76336493522824,21.25713890484242],[-89.7632686622068,21.257140483601],[-89.7632703472964,21.257230731749548],[-89.7629815278597,21.257235469473358],[-89.76297984296384,21.257145221321316],[-89.76288356985086,21.25714680074169],[-89.76288188510443,21.257056551688997],[-89.76278561205372,21.257058131047607],[-89.7627872968181,21.257148379197336],[-89.76269102370061,21.25714995849649],[-89.76269270840258,21.25724020665197],[-89.76259643425372,21.257241785814383],[-89.76259811889334,21.25733203397558],[-89.7625018457246,21.257333612251788],[-89.76250353030188,21.25742386041877],[-89.76259980353524,21.257422282141412],[-89.76260148721497,21.25751253023454],[-89.76317912824975,21.25750305575241],[-89.76318081231939,21.257593303843333],[-89.76375845269588,21.257583827096155],[-89.76376013811982,21.257674075262138],[-89.76395268499566,21.257670916160873],[-89.76395436958659,21.257761164251896],[-89.76559101784055,21.25773430155867],[-89.76559270353205,21.257824549634954],[-89.76607407021244,21.257816645131584],[-89.76607238411538,21.257726397965158],[-89.76616865760592,21.257724816537703],[-89.76616697056457,21.257634568395645],[-89.76626324390577,21.257632987812897],[-89.76626155776655,21.257542739753926],[-89.76712801547257,21.25752850892614],[-89.76712632778971,21.257438260804758],[-89.76731887424866,21.257435097467525],[-89.76731381267237,21.257164354196636],[-89.76741008566343,21.257162772892606],[-89.76740671089486,21.256982276775574],[-89.76769552858468,21.256977531525465],[-89.76769384140972,21.256887284420046],[-89.76788638706624,21.256884120369573],[-89.76788469888231,21.256793872289634],[-89.76798097160138,21.256792290626727],[-89.7679792843196,21.256702042629847],[-89.76807555697171,21.25670046090749],[-89.76807218123895,21.256519965756766]],[[-89.7766858730985,21.25366995235184],[-89.77745603082752,21.253657257203596],[-89.77745772355031,21.253747503957808],[-89.77755399389267,21.25374591717788],[-89.77755230014083,21.253655670347566],[-89.77774483980755,21.25365249562687],[-89.77774314689326,21.253562248880748],[-89.7778394162176,21.25356066093999],[-89.77783433641255,21.253289919751438],[-89.77735298905553,21.253297855965346],[-89.77735129649112,21.25320760832903],[-89.77725502741389,21.253209195962295],[-89.77725333395188,21.253118948252215],[-89.77715706493697,21.25312053582375],[-89.77715537154184,21.253030288117156],[-89.77725164137429,21.253028701528095],[-89.7772499487989,21.252938454808646],[-89.77734621768234,21.25293686717879],[-89.77734283152718,21.25275637277468],[-89.77743910116122,21.252754786067932],[-89.77743740846344,21.25266453936464],[-89.77753367714861,21.252662951617076],[-89.77752690523985,21.252301963873418],[-89.77762317366435,21.25230037606989],[-89.77761470880945,21.251849140841415],[-89.77742217172218,21.251852315395094],[-89.7774204791296,21.25176206783395],[-89.77732421117052,21.251763654605355],[-89.7773259036986,21.251853902167603],[-89.77722963470828,21.25185548880233],[-89.77723640571399,21.252216477371302],[-89.7771401374274,21.25221806402722],[-89.77714521571166,21.252488805977396],[-89.77704894626459,21.252490392498967],[-89.77705571681713,21.252851381206717],[-89.77695944807381,21.252852967749543],[-89.77696114037073,21.25294321537195],[-89.77667233288656,21.25294797546731],[-89.77667741033876,21.25321871664166],[-89.77648487126805,21.253221890018185],[-89.77648825628313,21.253402384489274],[-89.77629571702732,21.25340555672398],[-89.77629402508892,21.253315309974507],[-89.77619775504,21.25331689596122],[-89.776194370417,21.253136401492526],[-89.77600183145285,21.253139574261006],[-89.77599675536409,21.252868833076533],[-89.77609302517692,21.252867246312558],[-89.77609133241683,21.25277699951134],[-89.7762838708597,21.252773826630907],[-89.77628048709921,21.252593332297288],[-89.77647302527463,21.25259015917912],[-89.77646964030043,21.25240966479137],[-89.7768547160247,21.25240331874138],[-89.77685302372367,21.252313072049724],[-89.77694929216402,21.2523114846702],[-89.77694759980061,21.252221237984333],[-89.77704386817415,21.252219650545396],[-89.77704048340733,21.252039156285694],[-89.77694421419861,21.252040743645082],[-89.7769425219244,21.25195049606898],[-89.7766537156076,21.251955256049285],[-89.77665540865245,21.252045503706054],[-89.77655913951702,21.252047089919067],[-89.77656083161742,21.252137336600242],[-89.7761757565587,21.252143682813696],[-89.77618421756712,21.252594918274877],[-89.77608794795034,21.25259650509592],[-89.77608964070592,21.25268675188792],[-89.77589710238314,21.252689924523754],[-89.77590048659576,21.25287041895303],[-89.77580421677835,21.25287200559584],[-89.77580590838248,21.252962252327865],[-89.77570963954501,21.252963838084366],[-89.77571640740746,21.253324827930225],[-89.77581267658566,21.253323241265033],[-89.77581606070088,21.25350373576141],[-89.776008600191,21.253500563226044],[-89.77601029185782,21.253590810892316],[-89.77629910179316,21.2535860512181],[-89.77630079365598,21.25367629888558],[-89.77649333338178,21.253673125739827],[-89.77649502642302,21.25376337258276],[-89.77668756530447,21.253760199115224],[-89.7766858730985,21.25366995235184]],[[-89.77436186729012,21.25298603802566],[-89.77436017577304,21.252895790295035],[-89.77445644554207,21.25289420546504],[-89.77445475492704,21.252803957817402],[-89.77474356218039,21.25279920190869],[-89.7747486366249,21.253069944105373],[-89.77522998436649,21.2530620152596],[-89.77522660104918,21.252881520795786],[-89.77541913966209,21.25287834900338],[-89.77541237253794,21.25251736014043],[-89.77512356494928,21.25252211723368],[-89.77512018275281,21.25234162290037],[-89.7750239133873,21.252343208147565],[-89.77502053036471,21.252162713753236],[-89.77473172352401,21.252167470105828],[-89.77473341528143,21.252257717794777],[-89.7745408765766,21.252260888645836],[-89.77454256820707,21.252351136341723],[-89.77415749147626,21.252357477398693],[-89.7741558010687,21.252267229775487],[-89.77425206950804,21.25226564409323],[-89.77424868752361,21.252085149689794],[-89.7741524192134,21.252086735369733],[-89.77415072784821,21.251996487683144],[-89.77395819046819,21.25199965787759],[-89.77395988082222,21.25208990458512],[-89.77376734330394,21.252093074539637],[-89.77377241470919,21.252363817486383],[-89.77348360739235,21.25236857148342],[-89.7734852983145,21.25245881919657],[-89.77338902884568,21.252460403415082],[-89.773395790452,21.252821393259897],[-89.77349206017914,21.252819809036744],[-89.77349375119505,21.25291005586896],[-89.77359002002007,21.25290847150689],[-89.77359171110284,21.252998718342507],[-89.77436186729012,21.25298603802566]]]}},{"type":"Feature","id":"S13-52f26011f0-109473","properties":{"record_id":"S13-52f26011f0-109473","source_id":"S13","source_row":109473,"source_hash":"52f26011f06ea7cd825e2728b8da25c38b6072684a0544f698c01d8775f9353e","theme":"water","status":"DERIVADO","origin":"OFICIAL","name":"Cuerpos de agua","date":"2020","clipped":false,"simplification_m":2,"fid_1":109474,"Clase":8,"Descrip":"Cuerpos de agua","Fecha":2020},"geometry":{"type":"Polygon","coordinates":[[[-89.67398221839036,21.25650501878451],[-89.6736933785673,21.25650960282028],[-89.67369011800993,21.25632909378444],[-89.67340127855485,21.256333677268266],[-89.67340290859705,21.256423932239226],[-89.67330662868201,21.256425460248476],[-89.67330499870451,21.256335205276425],[-89.67311243908017,21.25633826020681],[-89.67311081019844,21.25624800531504],[-89.67320708990547,21.256246478333303],[-89.67320545999694,21.256156223369366],[-89.67310918027137,21.25615775125409],[-89.67310755042958,21.256067496293685],[-89.67301127084953,21.256069023212703],[-89.67300964107454,21.255978768255826],[-89.67262452265852,21.255984878937667],[-89.67262126363214,21.255804369028976],[-89.67233242526794,21.255808950493506],[-89.67233079595184,21.255718695542768],[-89.67223451652963,21.255720222876697],[-89.67223288728033,21.255629967929465],[-89.67184776991135,21.255636075750783],[-89.67184288295194,21.255365310923672],[-89.67174660377725,21.25536683795021],[-89.67174497485978,21.255276583016],[-89.67155241671621,21.255279635981097],[-89.67156056059625,21.255730911613608],[-89.67165684003376,21.255729384703802],[-89.67166009679913,21.25590989454746],[-89.671756377245,21.255908368556852],[-89.67175800521336,21.25599862344551],[-89.67166172558422,21.256000150419204],[-89.67166335445457,21.25609040539157],[-89.67156707475861,21.256091932305782],[-89.67156544595287,21.25600167733236],[-89.67146916640243,21.256003203280788],[-89.67146753766349,21.255912948310915],[-89.67137125809239,21.255914475101704],[-89.67137288676672,21.256004730072718],[-89.67118032748873,21.256007783474875],[-89.67118195603601,21.256098038452706],[-89.67098939662012,21.256101091614692],[-89.670982882961,21.255740071722204],[-89.67088660350821,21.25574159820789],[-89.67088823089065,21.25583185309728],[-89.67069567184926,21.255834905889085],[-89.67069404363168,21.255744650919606],[-89.67059776417233,21.255746177223504],[-89.67059613610458,21.25565592135344],[-89.67049985670765,21.25565744759571],[-89.67049497246207,21.25538668272222],[-89.67078381102918,21.25538210390158],[-89.67078218275783,21.255291848956322],[-89.6709747410194,21.255288796056576],[-89.67097636941998,21.255379050999622],[-89.6712652069899,21.25537447119227],[-89.67126357935989,21.255284216330416],[-89.67135985848088,21.255282689607945],[-89.67135497251692,21.255011924819684],[-89.67154753036463,21.25500887119953],[-89.67154915914634,21.255099126122087],[-89.67164543813145,21.255097599219976],[-89.67163892372375,21.25473657963976],[-89.67173520244829,21.25473505268154],[-89.67173031679583,21.254464287163696],[-89.67182659532438,21.254462760148176],[-89.67182822420367,21.254553015943703],[-89.67202078138338,21.254549961728692],[-89.67202241047721,21.254640216622608],[-89.6721186891284,21.254638689423075],[-89.67212031828903,21.25472894432054],[-89.67231287563091,21.254725890641637],[-89.67231450492295,21.254816145541493],[-89.6724107836968,21.25481461815803],[-89.67241241305565,21.254904873061417],[-89.67260497064294,21.254901819014567],[-89.6726098591203,21.255172583745857],[-89.67270613814605,21.2551710561762],[-89.67270939630671,21.255351565940035],[-89.67299823367536,21.255346983765012],[-89.67299986343502,21.2554372386895],[-89.67309614264586,21.255435710874202],[-89.67309777247233,21.255525965802246],[-89.67338661020247,21.25552138289353],[-89.67339150027647,21.25579214769544],[-89.67358405814787,21.255789092336844],[-89.67358242895618,21.25569883747835],[-89.67367870834774,21.255697309296202],[-89.6736770781292,21.255607054365544],[-89.67377335745395,21.255605526123905],[-89.67377824734555,21.25587629084854],[-89.67406708580512,21.25587170665422],[-89.67406219533198,21.255600941939537],[-89.67425475396173,21.255597884910966],[-89.67425638456794,21.255688139834984],[-89.67444894227071,21.255685083388038],[-89.67445057300837,21.255775338314507],[-89.67464313187912,21.255772280796773],[-89.67463824016639,21.2555015170199],[-89.6749270777915,21.255496931202938],[-89.67492544673736,21.255406676295927],[-89.67521428414881,21.25540208993702],[-89.67521591443246,21.25549234476286],[-89.6754084728804,21.25548928628242],[-89.6754133660608,21.255760050936814],[-89.67560592480469,21.255756993111454],[-89.6756075563199,21.25584724802923],[-89.67589639369025,21.255842660303497],[-89.67589476198118,21.255752405389046],[-89.6757984835398,21.255753935043682],[-89.67579195794836,21.255392915505432],[-89.67617707435839,21.255386798660574],[-89.67618033718445,21.255567308372672],[-89.67608405799758,21.255568837224974],[-89.67608732070318,21.25574934695779],[-89.67637615881117,21.255744758404425],[-89.67637942191321,21.255925268149085],[-89.67647570143511,21.255923738206565],[-89.67647896467514,21.25610424796751],[-89.67609384718811,21.256110365652667],[-89.67609547807075,21.25620062050554],[-89.67580663993816,21.256205208608076],[-89.67580827062913,21.256295463468877],[-89.67561571208306,21.256298521627762],[-89.67561734264699,21.2563887764954],[-89.6755210638298,21.25639030507199],[-89.67551780082144,21.25620979608741],[-89.67542152116687,21.256211324523285],[-89.67541825926091,21.256030815632837],[-89.67522570012065,21.256033873222513],[-89.67523059295277,21.25630463796679],[-89.67513431419137,21.25630616629987],[-89.6751359444323,21.256396421173065],[-89.6745582662762,21.256405593132875],[-89.67455663537554,21.256315339079226],[-89.67446035659887,21.256316866988282],[-89.6744587258481,21.256226612034062],[-89.67436244608636,21.25622814070754],[-89.67436570649646,21.256408650544845],[-89.6742694266033,21.256410179159953],[-89.67427105722922,21.256500434125606],[-89.67417477735242,21.256501961777143],[-89.67417640791585,21.25659221674852],[-89.6739838478602,21.256595273680222],[-89.67398221839036,21.25650501878451]]]}},{"type":"Feature","id":"S13-52f26011f0-109475","properties":{"record_id":"S13-52f26011f0-109475","source_id":"S13","source_row":109475,"source_hash":"52f26011f06ea7cd825e2728b8da25c38b6072684a0544f698c01d8775f9353e","theme":"water","status":"DERIVADO","origin":"OFICIAL","name":"Cuerpos de agua","date":"2020","clipped":false,"simplification_m":2,"fid_1":109476,"Clase":8,"Descrip":"Cuerpos de agua","Fecha":2020},"geometry":{"type":"Polygon","coordinates":[[[-89.74355833982528,21.264052869183267],[-89.74346206040855,21.264054438119327],[-89.7434603876489,21.2639641884219],[-89.74326782902054,21.26396732520587],[-89.74326615542786,21.263877075433342],[-89.74384382993375,21.263867664283737],[-89.74384215692017,21.263777414600032],[-89.74393843605144,21.2637758463292],[-89.74393676201095,21.263685596573772],[-89.74374420475726,21.263688734034268],[-89.74374253084825,21.263598484281193],[-89.7435499737148,21.263601621497077],[-89.74355164653008,21.263691871174974],[-89.74316653101324,21.263698144806746],[-89.74316485749192,21.2636078950469],[-89.742972299367,21.26361103145829],[-89.74297062694166,21.263520781778233],[-89.74316318493734,21.26351764536909],[-89.74316151142051,21.26342739561842],[-89.743354069278,21.263424258969184],[-89.7433523965987,21.263334009302845],[-89.74364123216839,21.263329304252654],[-89.74363955929749,21.26323905459434],[-89.7437358380456,21.263237486451416],[-89.74372914439698,21.262876487713775],[-89.74392170145215,21.26287335035117],[-89.74392002831601,21.262783101623352],[-89.74401630681693,21.26278153240025],[-89.74401797993505,21.26287178203101],[-89.74421053697681,21.262868644304874],[-89.74421388347822,21.263049143575735],[-89.74431016208362,21.263047575071603],[-89.74431183636675,21.263137824790217],[-89.74488950657586,21.26312841052314],[-89.74488615916535,21.262947911258955],[-89.7449824376904,21.262946342331876],[-89.74497908919514,21.262765843010932],[-89.74478653231864,21.262768981704156],[-89.74478318505534,21.26258848247452],[-89.74468690678427,21.262590051275915],[-89.74468523322058,21.2624998016669],[-89.74420384198926,21.262507646567705],[-89.7442004955148,21.262327147352146],[-89.74439305177215,21.262324009397275],[-89.74438970400111,21.26214351103129],[-89.74448598203848,21.262141941513217],[-89.74448430861527,21.262051691924977],[-89.7445805865032,21.262050123251548],[-89.74457389152725,21.2616891257757],[-89.74438133626609,21.261692263052876],[-89.74437296858726,21.26124101518971],[-89.74446924589591,21.261239446587073],[-89.74446757249517,21.261149197044876],[-89.74466012601201,21.261146059582632],[-89.7446584524843,21.261055810047345],[-89.74485100691005,21.26105267151839],[-89.74485268056698,21.26114292105143],[-89.74533406670854,21.261135075923427],[-89.74533574077337,21.261225324551347],[-89.74543201805955,21.261223755342872],[-89.74543369210868,21.261314004878322],[-89.7456262468035,21.26131086627732],[-89.74562792098406,21.261401115815165],[-89.74582047579912,21.261397976969587],[-89.74582215011117,21.26148822650969],[-89.74591842766255,21.261486656090824],[-89.74592010204144,21.261576905634453],[-89.74601637957258,21.261575336057927],[-89.74601805401834,21.261665585605044],[-89.74640316341441,21.261659306611193],[-89.74640483820347,21.261749555254273],[-89.7465011158526,21.26174798537253],[-89.74650279062591,21.261838234923154],[-89.74659906833739,21.26183666497976],[-89.74660074317755,21.261926914533863],[-89.74679329872299,21.26192377446302],[-89.74679497377724,21.262014023115377],[-89.74708380630787,21.262009312473864],[-89.7470854814756,21.262099562031516],[-89.74756686994778,21.2620917097967],[-89.74756854552341,21.262181958449155],[-89.74737599059073,21.26218509957357],[-89.74737766595679,21.262275349137013],[-89.74699255484161,21.262281630585974],[-89.74699422995147,21.262371880158575],[-89.74689795186131,21.26237345035116],[-89.74689962690883,21.26246369992946],[-89.7468033487518,21.262465270062595],[-89.74680502470144,21.262555519724096],[-89.74690130195856,21.26255394951244],[-89.74690297709317,21.262644198195893],[-89.74699925537716,21.262642627999902],[-89.7470026056172,21.26282312718661],[-89.74690632816842,21.26282469746225],[-89.74690800322718,21.262914947063603],[-89.74671544626476,21.262918087280582],[-89.74671712216104,21.26300833696624],[-89.74652456506041,21.263011476943127],[-89.7465262398652,21.263101726558283],[-89.74642996221142,21.26310329653439],[-89.74643331178113,21.263283794876635],[-89.74633703303135,21.263285364717014],[-89.74633870867818,21.26337561442564],[-89.74614615096004,21.263378754831063],[-89.746147825598,21.263469003565014],[-89.74605154759415,21.263470574207492],[-89.74605322216973,21.26356082294718],[-89.74595694321712,21.26356239254868],[-89.74595861764773,21.2636526421982],[-89.74547722429165,21.263660491265473],[-89.74547889848404,21.263750740021205],[-89.74509378288853,21.263757018504222],[-89.74509545778925,21.263847267346563],[-89.7449991785377,21.263848837249693],[-89.74500085241154,21.263939086020265],[-89.74461573625418,21.26394536330074],[-89.74461741075363,21.264035613061978],[-89.74432857273608,21.264040319879456],[-89.74432689939493,21.26395007019221],[-89.74384550391413,21.26395791404949],[-89.74384717693223,21.264048163742334],[-89.74375089760485,21.26404973195605],[-89.7437525715251,21.26413998173212],[-89.74356001265178,21.264143118884157],[-89.74355833982528,21.264052869183267]]]}},{"type":"Feature","id":"S13-52f26011f0-109476","properties":{"record_id":"S13-52f26011f0-109476","source_id":"S13","source_row":109476,"source_hash":"52f26011f06ea7cd825e2728b8da25c38b6072684a0544f698c01d8775f9353e","theme":"water","status":"DERIVADO","origin":"OFICIAL","name":"Cuerpos de agua","date":"2020","clipped":false,"simplification_m":2,"fid_1":109477,"Clase":8,"Descrip":"Cuerpos de agua","Fecha":2020},"geometry":{"type":"Polygon","coordinates":[[[-89.67074126459359,21.258362048875146],[-89.67064498326035,21.258363575211064],[-89.6706433550461,21.25827332011108],[-89.67025822986672,21.258279425748494],[-89.67025985782247,21.2583696808529],[-89.67016357647832,21.25837120688581],[-89.67016032069817,21.258190696679474],[-89.67006403948106,21.25819222264969],[-89.67006241069446,21.258101967474392],[-89.66967728597952,21.258108071648827],[-89.669675658418,21.258017816551693],[-89.6695793773192,21.258019342216727],[-89.66957774982448,21.257929087123063],[-89.66967403085869,21.257927561459166],[-89.66967240338465,21.257837305467195],[-89.6699612462803,21.257832728115222],[-89.66996287403121,21.257922983199848],[-89.67015543607994,21.257919931326672],[-89.67015380819973,21.257829676244288],[-89.67044265114566,21.257825097079444],[-89.67044427921974,21.257915352158516],[-89.67063684124662,21.25791229967948],[-89.67063846945211,21.258002554760967],[-89.6707347505268,21.258001028429458],[-89.67073312225676,21.257910773349064],[-89.67092568427046,21.257907720506505],[-89.67092731266979,21.2579979755847],[-89.67111987488715,21.257994921593518],[-89.67112313291533,21.258175431837223],[-89.67131569433485,21.258172378425446],[-89.67131406567265,21.25808212334242],[-89.67141034679673,21.258080596585707],[-89.6714087180721,21.25799034150841],[-89.67150499912931,21.257988814692187],[-89.67150662791856,21.258079069768367],[-89.67227687681492,21.2580668530486],[-89.67228013551694,21.258247362293133],[-89.67237641674839,21.258245834928303],[-89.67237967550531,21.258426345093145],[-89.67218711278176,21.258429399766612],[-89.67218548353144,21.258339144679706],[-89.67189663954053,21.258343727136225],[-89.67189826868011,21.25843398132241],[-89.6718019872254,21.258435509290592],[-89.67180361630251,21.25852576348246],[-89.67170733574544,21.258527291469022],[-89.67170896476007,21.258617545666656],[-89.6716126831718,21.25861907351583],[-89.67161105430482,21.258528818413037],[-89.67151477286203,21.25853034529649],[-89.67151314406185,21.258440090197194],[-89.67132058129891,21.258443143780095],[-89.67131895263016,21.25835288868321],[-89.67112638998772,21.258355942021534],[-89.67112801852726,21.258446197120602],[-89.6709354556638,21.258449251122812],[-89.67093708415939,21.258539505324627],[-89.67084080261817,21.258541032687972],[-89.67084243096824,21.25863128779964],[-89.6707461494433,21.258632814199412],[-89.67074126459359,21.258362048875146]]]}},{"type":"Feature","id":"S13-52f26011f0-109477","properties":{"record_id":"S13-52f26011f0-109477","source_id":"S13","source_row":109477,"source_hash":"52f26011f06ea7cd825e2728b8da25c38b6072684a0544f698c01d8775f9353e","theme":"water","status":"DERIVADO","origin":"OFICIAL","name":"Cuerpos de agua","date":"2020","clipped":false,"simplification_m":2,"fid_1":109478,"Clase":8,"Descrip":"Cuerpos de agua","Fecha":2020},"geometry":{"type":"Polygon","coordinates":[[[-89.68405910014201,21.259865696835973],[-89.68396281893101,21.25986723072796],[-89.6839529992846,21.25932570632269],[-89.68385671845911,21.25932724014746],[-89.68385344603344,21.259146732098948],[-89.68394972672971,21.25914519827639],[-89.6839480894911,21.25905494418234],[-89.68385180885946,21.259056478003775],[-89.68384853644696,21.25887596998298],[-89.68394481694938,21.258874436163776],[-89.68394318068181,21.25878418216135],[-89.68403946120044,21.258782647378638],[-89.68403455125257,21.25851188532466],[-89.68413083149211,21.25851035138871],[-89.68412919510413,21.258420097407004],[-89.68432175553048,21.258417028451486],[-89.68431848250253,21.25823652050638],[-89.68441476254164,21.25823498639198],[-89.68441967228067,21.2585057483132],[-89.68451595251145,21.25850421413492],[-89.68451759012456,21.2585944681946],[-89.68461387041773,21.258592933954606],[-89.68461550713322,21.25868318793998],[-89.68471178748882,21.258681653638273],[-89.68471342427111,21.258771907627157],[-89.68480970468913,21.25877037326377],[-89.68481297935406,21.258950881331],[-89.68490925998213,21.25894934600069],[-89.68491089690026,21.25903960000122],[-89.68500717750773,21.25903806551331],[-89.68501372642513,21.259399081634943],[-89.68491744547617,21.259400617031353],[-89.68492399425334,21.25976163232716],[-89.68482771304365,21.259763167667433],[-89.68482934991702,21.25985342171059],[-89.68473306872352,21.25985495608729],[-89.68473470553447,21.25994521013618],[-89.68463842427423,21.259946744453423],[-89.68463515078385,21.259766236358068],[-89.68434630729465,21.259770839843647],[-89.68434794384487,21.259861093892354],[-89.68444422504705,21.259859559758006],[-89.68444586166409,21.259949813810177],[-89.68406073650056,21.259955950892582],[-89.68405910014201,21.259865696835973]]]}},{"type":"Feature","id":"S13-52f26011f0-109478","properties":{"record_id":"S13-52f26011f0-109478","source_id":"S13","source_row":109478,"source_hash":"52f26011f06ea7cd825e2728b8da25c38b6072684a0544f698c01d8775f9353e","theme":"water","status":"DERIVADO","origin":"OFICIAL","name":"Cuerpos de agua","date":"2020","clipped":false,"simplification_m":2,"fid_1":109479,"Clase":8,"Descrip":"Cuerpos de agua","Fecha":2020},"geometry":{"type":"Polygon","coordinates":[[[-89.6647783052866,21.258817608011825],[-89.66487458701154,21.258816085367467],[-89.66486971309911,21.25854531884571],[-89.66506227623785,21.258542272477783],[-89.66506390167305,21.258632527728814],[-89.66525646589668,21.258629481194276],[-89.6652548403323,21.258539225945455],[-89.66535112193554,21.258537702097353],[-89.66534949727317,21.258447446932184],[-89.66544577880961,21.25844592302462],[-89.66544740441796,21.25853617917074],[-89.66573624912509,21.25853160798531],[-89.66573787501255,21.258621863228644],[-89.6660267207752,21.258617292476618],[-89.66602834589435,21.258707547643304],[-89.66670231945027,21.258696879798148],[-89.66670394502391,21.258787134961803],[-89.66680022775276,21.258785610279514],[-89.66679860115006,21.25869535503902],[-89.66708744703453,21.25869078228425],[-89.66708907286666,21.25878103744345],[-89.66728163629264,21.258777988281786],[-89.66728326322061,21.258868243521356],[-89.66747582668404,21.25886519501916],[-89.66747745374343,21.258955450261176],[-89.66757373561956,21.258953925013998],[-89.66757698882657,21.259134436335746],[-89.66767327082981,21.25913291102584],[-89.66767489706055,21.259223166201508],[-89.6675786149927,21.259224691512525],[-89.667580241161,21.259314946693927],[-89.66738767697264,21.259317996232337],[-89.66738930397835,21.259408251498527],[-89.66729302185782,21.25940977572591],[-89.66729464783664,21.25950003091986],[-89.6671983655662,21.259501555991836],[-89.66719673868754,21.259411300718856],[-89.66710045656266,21.259412824825073],[-89.66709883071533,21.25932256963355],[-89.66690626650512,21.259325618566063],[-89.6669030141109,21.259145108114545],[-89.66671044918606,21.25914815672238],[-89.66670882368683,21.259057900636233],[-89.66651625888242,21.259060948999487],[-89.66651788521686,21.259151205165757],[-89.66642160327055,21.25915272884455],[-89.6664199769176,21.259062473581242],[-89.66632369503373,21.259063997198336],[-89.66632694656502,21.2592445085579],[-89.66584553525294,21.25925212837981],[-89.66584716122256,21.25934238365896],[-89.66555831389597,21.2593469540739],[-89.6655566881202,21.25925669879142],[-89.66546040600437,21.259258222769464],[-89.66545878029542,21.259167967490523],[-89.6651699342948,21.25917253724969],[-89.66516830878196,21.259082281972045],[-89.66497574487215,21.2590853284744],[-89.66497736929139,21.259175583676274],[-89.66488108722704,21.259177107289688],[-89.66488433682402,21.25935761869154],[-89.66478805471145,21.259359141342507],[-89.6647783052866,21.258817608011825]]]}},{"type":"Feature","id":"S13-52f26011f0-109480","properties":{"record_id":"S13-52f26011f0-109480","source_id":"S13","source_row":109480,"source_hash":"52f26011f06ea7cd825e2728b8da25c38b6072684a0544f698c01d8775f9353e","theme":"water","status":"DERIVADO","origin":"OFICIAL","name":"Cuerpos de agua","date":"2020","clipped":false,"simplification_m":2,"fid_1":109481,"Clase":8,"Descrip":"Cuerpos de agua","Fecha":2020},"geometry":{"type":"Polygon","coordinates":[[[-89.7368488199461,21.265787030855606],[-89.73646369698508,21.265793289353976],[-89.73646035889202,21.265612789478023],[-89.73636407731088,21.265614353871367],[-89.73636240841499,21.265524103035048],[-89.73626612786074,21.265525667444187],[-89.73626112113243,21.265254917671733],[-89.7361648407698,21.26525648201692],[-89.73616150317397,21.26507598128522],[-89.73577638117075,21.26508223887767],[-89.7357780497504,21.265172488793713],[-89.73568176847665,21.265174052757324],[-89.73568510639531,21.265354553587002],[-89.73558882499009,21.26535611749232],[-89.73559216287114,21.265536617438542],[-89.73530332010071,21.2655413098568],[-89.73529330974198,21.26499980839973],[-89.73538958993093,21.26499824460318],[-89.73538792169688,21.26490799378779],[-89.73548420278351,21.264906430009287],[-89.73548253440443,21.264816180103676],[-89.73615649667313,21.264805231578368],[-89.73615482792665,21.264714980781193],[-89.73625110790162,21.264713416442763],[-89.73624943901007,21.264623166555417],[-89.73653827969214,21.26461847325758],[-89.73653661060902,21.264528223378186],[-89.7369217309071,21.264521964778243],[-89.73692006156773,21.264431714908],[-89.7370163413309,21.264430150088337],[-89.73701467192917,21.264339900223824],[-89.73720723131957,21.26433677040491],[-89.73720556179086,21.264246520547264],[-89.73739812200758,21.264243390565813],[-89.73739979166551,21.2643336404212],[-89.73788119096172,21.26432581518953],[-89.73788286094498,21.264416065043847],[-89.73807542042425,21.264412934132206],[-89.738077090539,21.264503183988925],[-89.73826965013852,21.264500052832652],[-89.73826630965284,21.26431955312841],[-89.73894026815783,21.26430859317044],[-89.73894695086467,21.26466959346977],[-89.73904323077458,21.264668027374398],[-89.73904156000921,21.264577777519847],[-89.73923411969311,21.264574645149608],[-89.73923579058774,21.26466489500191],[-89.73942835030924,21.264661763291187],[-89.73943169236361,21.264842263005068],[-89.73885401126695,21.26485165915456],[-89.7388606938518,21.26521265866466],[-89.7387644135497,21.265214224645668],[-89.73876775376186,21.2653947243531],[-89.73838263201407,21.265400987680223],[-89.73838430234731,21.26549123758407],[-89.73799918038785,21.265497499042297],[-89.73800085046487,21.265587748955284],[-89.73790456988411,21.26558931439553],[-89.73790623989876,21.265679564314244],[-89.73713599369054,21.265692085586668],[-89.73713766310784,21.265782336423147],[-89.7370413823777,21.26578390132039],[-89.7370430518152,21.265874151258476],[-89.73685048925446,21.26587728079595],[-89.7368488199461,21.265787030855606]]]}},{"type":"Feature","id":"S13-52f26011f0-109482","properties":{"record_id":"S13-52f26011f0-109482","source_id":"S13","source_row":109482,"source_hash":"52f26011f06ea7cd825e2728b8da25c38b6072684a0544f698c01d8775f9353e","theme":"water","status":"DERIVADO","origin":"OFICIAL","name":"Cuerpos de agua","date":"2020","clipped":false,"simplification_m":2,"fid_1":109483,"Clase":8,"Descrip":"Cuerpos de agua","Fecha":2020},"geometry":{"type":"Polygon","coordinates":[[[-89.66136569957892,21.261850845286205],[-89.66126941459329,21.261852366551118],[-89.66125318567383,21.260949809481378],[-89.66115690229664,21.260951330752608],[-89.661143919968,21.260229283973498],[-89.66124020274506,21.260227763615056],[-89.66123857994071,21.260137507337518],[-89.66133486369858,21.260135986093495],[-89.66133648656752,21.260226242370003],[-89.6614327694234,21.26022472098631],[-89.66143439244225,21.26031497636225],[-89.66162695924113,21.260311933488886],[-89.66163182861544,21.260582700541818],[-89.66182439571008,21.2605796583236],[-89.66182601899621,21.260669913713514],[-89.66192230216429,21.260668392021444],[-89.6619239255172,21.2607586474149],[-89.66211649285724,21.26075560482877],[-89.66211486945834,21.260665348533404],[-89.66221115261979,21.260663826659535],[-89.66220465853777,21.26030280424085],[-89.66230094240301,21.260301282388742],[-89.66230256600569,21.26039153775935],[-89.66278398168166,21.260383928176616],[-89.6627823587203,21.260293672889436],[-89.6628786416081,21.260292150595813],[-89.66287539371707,21.260111638977556],[-89.66249026170534,21.260117727701747],[-89.66248863806321,21.260027471443074],[-89.66219978898427,21.260032037327232],[-89.6622014125158,21.2601222926851],[-89.66200884600157,21.260125336281117],[-89.6620072226825,21.26003508001698],[-89.66191093996896,21.26003660176201],[-89.66190769338334,21.25985609014936],[-89.66229282555322,21.259850003874575],[-89.66228308517913,21.259308470155865],[-89.6619942367568,21.25931303466806],[-89.66199261345729,21.25922277844546],[-89.66208889646835,21.259221257631772],[-89.66208727310642,21.259131001414847],[-89.66218355613385,21.259129479637608],[-89.66218193262631,21.25903922433048],[-89.6622782146225,21.259037702415785],[-89.66227496853232,21.25885719099145],[-89.66237125039709,21.258855669018413],[-89.66236962676692,21.25876541372731],[-89.66256219132505,21.25876236967957],[-89.6625605685322,21.258672114473242],[-89.66265685026119,21.25867059232058],[-89.66265522644144,21.25858033704202],[-89.6628477907281,21.258577292635124],[-89.66284616774574,21.258487037441352],[-89.66294244933896,21.258485515109136],[-89.66294082532971,21.2583952598431],[-89.66303710782059,21.258393737529342],[-89.66303873093,21.258483992716343],[-89.66323129498674,21.258480948730977],[-89.6632345433163,21.258661460174356],[-89.66342710762281,21.258658415942183],[-89.66342548336928,21.258568159768362],[-89.6636180475379,21.25856511529612],[-89.66362129542433,21.25874562666196],[-89.66352501373568,21.258747148517546],[-89.66352663709375,21.258837404621516],[-89.66314150884493,21.25884349407657],[-89.66314313202987,21.25893374928553],[-89.66266172060266,21.258941359914097],[-89.6626649681786,21.259121871416855],[-89.66276125022853,21.259120349198117],[-89.66277099251494,21.259661882828457],[-89.6628672749504,21.259660360542536],[-89.66286889884239,21.259750616778337],[-89.66306146480036,21.259747572100462],[-89.66306308882375,21.2598378283387],[-89.66325565393787,21.259834783338324],[-89.66325727817578,21.25992503867488],[-89.66344984429169,21.259921994411986],[-89.66344821992448,21.259831739077587],[-89.66354450247388,21.25983021636536],[-89.66354287909185,21.25973996021057],[-89.6636391614913,21.25973843834288],[-89.66363591259253,21.259557926797527],[-89.66353963023913,21.259559449567103],[-89.66353638244267,21.25937893811598],[-89.66372894680563,21.259375893424746],[-89.66373057135583,21.259466148732734],[-89.66392313680365,21.2594631038749],[-89.66392800980731,21.25973387064613],[-89.66383172741446,21.259735392695585],[-89.663834975616,21.259915904176996],[-89.6636424095176,21.259918948924657],[-89.66364403393301,21.260009205165485],[-89.66374031660732,21.260007682329874],[-89.66374356574039,21.260188193015054],[-89.66364728293684,21.26018971585291],[-89.66364890639441,21.260279972029625],[-89.66345634073471,21.26028301662169],[-89.66345796511284,21.26037327197912],[-89.66336168120907,21.260374794559407],[-89.66336330552475,21.26046504992256],[-89.66326702251864,21.260466572521374],[-89.66326864668864,21.26055682879426],[-89.66317236273451,21.260558350351545],[-89.66317561103506,21.26073886200934],[-89.6630793278307,21.260740384490248],[-89.66308257512954,21.260920895186704],[-89.66317885934441,21.260919373685603],[-89.66318048354385,21.261009629078643],[-89.66269906468534,21.261017239833716],[-89.66270231236157,21.26119775154864],[-89.66250974431821,21.261200795776986],[-89.662503250456,21.26083977243472],[-89.66231068292096,21.26084281641189],[-89.66231393007142,21.261023328117172],[-89.66212136226919,21.261026371856335],[-89.66212947966208,21.261477649855163],[-89.66174434370343,21.261483736706403],[-89.66174759010894,21.26166424848943],[-89.66165130526123,21.261665769994497],[-89.66165455162948,21.261846280894087],[-89.66146198359795,21.261849323882757],[-89.66146360657291,21.261939580245727],[-89.66136732257242,21.261941100746256],[-89.66136569957892,21.261850845286205]]]}},{"type":"Feature","id":"S13-52f26011f0-109484","properties":{"record_id":"S13-52f26011f0-109484","source_id":"S13","source_row":109484,"source_hash":"52f26011f06ea7cd825e2728b8da25c38b6072684a0544f698c01d8775f9353e","theme":"water","status":"DERIVADO","origin":"OFICIAL","name":"Cuerpos de agua","date":"2020","clipped":false,"simplification_m":2,"fid_1":109485,"Clase":8,"Descrip":"Cuerpos de agua","Fecha":2020},"geometry":{"type":"Polygon","coordinates":[[[-89.71308703575467,21.26725487824187],[-89.71289446840083,21.26725798109291],[-89.71289281339435,21.267167728858382],[-89.7127965292965,21.26716928015308],[-89.71279487532136,21.26707902799969],[-89.71269859128591,21.267080579232616],[-89.71269693641311,21.266990327005097],[-89.71260065244005,21.266991878176345],[-89.71259899851579,21.266901626933965],[-89.71250271468794,21.266903177139476],[-89.71250105986601,21.266812925822933],[-89.71230849321454,21.266816027031627],[-89.71230683852406,21.266725775717433],[-89.71221055473596,21.266727326642982],[-89.71220890115968,21.26663707450586],[-89.71211261743397,21.266638625369715],[-89.71211096296001,21.266548373158397],[-89.71201467929673,21.266549923960525],[-89.7120130248896,21.26645967175267],[-89.71182045865004,21.26646277325061],[-89.71181880437445,21.26637252104514],[-89.71152995471002,21.266377172795412],[-89.71152830063043,21.266286920591174],[-89.71143201714767,21.266288471026435],[-89.71143036409946,21.26619821890331],[-89.7113340806791,21.26619976927683],[-89.7113324267332,21.266109517079528],[-89.71123614337525,21.266111067391382],[-89.71123448949616,21.26602081519754],[-89.7111382062006,21.26602236544767],[-89.7111365533529,21.265932113335015],[-89.71094398688429,21.265935213651236],[-89.71094233320359,21.26584496146323],[-89.71084605003054,21.265846511529375],[-89.71084439641669,21.265756259344887],[-89.71074811427054,21.265757809426898],[-89.71074646072354,21.2656675572459],[-89.71065017767528,21.2656691071886],[-89.7106485241951,21.26557885501104],[-89.71055224120924,21.26558040489204],[-89.71055058779592,21.265490152717952],[-89.71045430487246,21.265491702537243],[-89.71045265249047,21.265401450444305],[-89.71035636962942,21.26540300020191],[-89.71035471634976,21.265312748034788],[-89.7102584335511,21.265314297730686],[-89.71025678033828,21.265224045567017],[-89.71016049760203,21.26522559520118],[-89.71015884445605,21.265135343041024],[-89.7100625617822,21.265136892613512],[-89.71006090870304,21.265046640456823],[-89.70996462609159,21.265048189967526],[-89.70996297404379,21.264957937892],[-89.70977040902632,21.264961035825433],[-89.70976875614546,21.26487078367462],[-89.70967247365665,21.264872333001392],[-89.70967082084258,21.264782080854015],[-89.70947825598748,21.26478517932349],[-89.70947660330492,21.264694927178482],[-89.70938032093862,21.264696476321227],[-89.70937866832291,21.264606224179747],[-89.70928238601901,21.264607773260767],[-89.70928073347012,21.264517521122734],[-89.70918445122864,21.26451907014205],[-89.7091827987466,21.264428818007516],[-89.70908651665034,21.26443036606105],[-89.70908486423515,21.264340113930004],[-89.70889229999962,21.26434321166126],[-89.70889064771578,21.264252959532577],[-89.70879436565933,21.26425450830613],[-89.70879271344236,21.264164256180933],[-89.7086964314483,21.264165804892883],[-89.70869477929823,21.264075552771153],[-89.70850221551544,21.264078649106857],[-89.70850056349681,21.263988396987486],[-89.70840428162529,21.263989945515416],[-89.70840262967349,21.26389969339949],[-89.70830634786442,21.263901241865735],[-89.70830469597941,21.263810989753335],[-89.70820841423273,21.263812538157833],[-89.70820676241455,21.263722286048896],[-89.7081104807303,21.263723834391683],[-89.70810882906181,21.263633581382216],[-89.70801254743994,21.263635129663268],[-89.70801089575542,21.263544877561316],[-89.70791461419596,21.263546425780692],[-89.70791296257828,21.263456173682247],[-89.70772039861738,21.263459269859354],[-89.70771874817856,21.26336901693685],[-89.7076224657772,21.26337056489455],[-89.7076208143578,21.263280312801932],[-89.70752453298331,21.263281860775578],[-89.70752288163077,21.263191608686473],[-89.70742660031868,21.263193156598437],[-89.70742494911583,21.263102903608708],[-89.70732866786615,21.263104451459],[-89.70732701664726,21.263014199376837],[-89.70713445330591,21.263017294815672],[-89.70713280221857,21.262927042735903],[-89.70703652117433,21.262928589498067],[-89.70703487015372,21.26283833742177],[-89.70693858908902,21.262839885026352],[-89.70693693813526,21.26274963295352],[-89.70684065713296,21.26275118049641],[-89.70683900632889,21.262660927522987],[-89.70664644348233,21.262664022347018],[-89.7066447927269,21.262573770280046],[-89.70654851184713,21.262575317638877],[-89.7065468612414,21.262485064671385],[-89.70645057945964,21.26248661189081],[-89.70644892883779,21.262396359830838],[-89.7063526480829,21.26239790706632],[-89.70635099752789,21.262307655009817],[-89.70615843525898,21.26231074831496],[-89.70615678483551,21.26222049626082],[-89.7060605042032,21.262222043312256],[-89.70605885384649,21.26213179126164],[-89.70596257327657,21.262133338251363],[-89.70596092306955,21.262043085300157],[-89.70586464159756,21.262044632150502],[-89.70586299137459,21.26195438010686],[-89.70567042960046,21.261957472797164],[-89.70566877950885,21.261867220755928],[-89.70557249912392,21.261868767499973],[-89.70557084909916,21.261778515462172],[-89.7054745688595,21.261780061240426],[-89.70547291890156,21.26168980920614],[-89.70537663767695,21.261691355749054],[-89.70537498786881,21.261601102814183],[-89.705278707671,21.26160264937312],[-89.7052770578468,21.26151239734577],[-89.70508449660937,21.261515490201955],[-89.70508284699943,21.261425237272917],[-89.7049865659598,21.261426783570187],[-89.70498491633387,21.26133653154871],[-89.70488863632106,21.261338077861986],[-89.70488698684485,21.261247824939925],[-89.70479070592997,21.26124937111376],[-89.7047890565206,21.26115911819522],[-89.70469277663264,21.26116066438504],[-89.70469112720714,21.261070412374057],[-89.70449856562482,21.261073504414323],[-89.70449691641375,21.26098325150165],[-89.70440063664837,21.26098479750747],[-89.70439898742114,21.260894545502357],[-89.7043027068366,21.26089609046469],[-89.7043010576762,21.260805838463074],[-89.70420477803566,21.260807384345508],[-89.70420312902505,21.260717131443283],[-89.70410684848235,21.260718677186343],[-89.70410519945571,21.260628425191708],[-89.70391263954032,21.260631515667356],[-89.7039109906451,21.260541263675137],[-89.70381471022499,21.260542809234163],[-89.7038130614795,21.26045255634132],[-89.70371678112178,21.260454101838658],[-89.70371513244312,21.260363848949282],[-89.70361885311236,21.26036539446262],[-89.70361720441755,21.260275142480857],[-89.70352092418472,21.260276687854734],[-89.70351927563965,21.26018643497244],[-89.7034229954692,21.260187980284613],[-89.70342134699102,21.26009772740579],[-89.70322878773716,21.26010081792389],[-89.70322713939035,21.260010565047427],[-89.70313085934251,21.260012110175598],[-89.7031292109797,21.259921858206724],[-89.7030329309942,21.259923403273252],[-89.70303128278111,21.259833150403743],[-89.70293500285811,21.259834695408582],[-89.70293335471177,21.25974444254261],[-89.70274079595268,21.259747532445903],[-89.70273914793788,21.259657279582296],[-89.70264286813743,21.259658824403118],[-89.70264122018938,21.259568571542992],[-89.70254494045135,21.2595701163021],[-89.70254329248729,21.259479864349604],[-89.70235073313373,21.259482953683847],[-89.70234908538401,21.259392700829583],[-89.70225280576851,21.25939424540472],[-89.70225115808562,21.25930399255399],[-89.70215487949696,21.259305537145096],[-89.7021532318809,21.25921528429787],[-89.70205695239027,21.25921682874959],[-89.70205530484097,21.259126575905864],[-89.70186274598228,21.25912966462532],[-89.70186109856442,21.25903941178393],[-89.70176481919637,21.25904095605167],[-89.70176317184534,21.25895070321377],[-89.70157061323184,21.258953791565276],[-89.70156896601225,21.25886353872979],[-89.70147268676679,21.258865082813507],[-89.70147103961409,21.258774829981547],[-89.70127848124571,21.258777917965023],[-89.70127683414155,21.258687666039528],[-89.70118055501862,21.25868920993924],[-89.7011789080642,21.258598957113147],[-89.70108262900374,21.258600500951175],[-89.70108098211607,21.25851024812861],[-89.70098470311801,21.258511791904898],[-89.70098305629723,21.25842153908585],[-89.7008867773615,21.258423082800498],[-89.70088513060755,21.25833282998488],[-89.70078885173423,21.258334373637823],[-89.7007872050471,21.258244120825726],[-89.70069092623626,21.25824566441697],[-89.70068927961589,21.258155411608367],[-89.70049672115235,21.258158498529177],[-89.7004950746635,21.258068245722935],[-89.70039879597516,21.258069789130207],[-89.70039714955311,21.257979536327472],[-89.70030087092728,21.257981079673034],[-89.7002992246549,21.257890825969774],[-89.70020294600855,21.25789237015768],[-89.70020129980298,21.2578021164579],[-89.70000874271578,21.25780520374566],[-89.70000709664167,21.2577149500483],[-89.69991081723639,21.257716493070408],[-89.69990917114625,21.257626240280604],[-89.69981289276782,21.257627783318725],[-89.69981124674442,21.25753753053247],[-89.6997149684284,21.257539073508898],[-89.69971332247184,21.2574488207261],[-89.6996170442182,21.257450363640874],[-89.69961539832855,21.25736011086155],[-89.69942284097935,21.257363196429303],[-89.69942119522115,21.257272943652467],[-89.69932491709008,21.25727448638324],[-89.69932327139861,21.257184233609806],[-89.69922699332999,21.257185776278874],[-89.6992253477054,21.257095523508966],[-89.69912906873465,21.257097066038583],[-89.69912742325982,21.25700681236812],[-89.699031145316,21.2570083549138],[-89.69902949982497,21.2569181021509],[-89.69893322194356,21.256919644634827],[-89.69892334855034,21.25637812716611],[-89.6988270710544,21.25637966958281],[-89.69882213510505,21.25610891049426],[-89.69891841240724,21.25610736808092],[-89.69891676708585,21.256017114459056],[-89.69901304528568,21.256015572063966],[-89.69900975339007,21.255835066566753],[-89.69910603145837,21.255833524113303],[-89.69910438601447,21.255743270507573],[-89.69948949511391,21.255737099859264],[-89.69948784933075,21.25564684716662],[-89.6998729591008,21.255640675631156],[-89.69987460409504,21.25573092914561],[-89.70045226810701,21.255721669940407],[-89.70045391453847,21.255811922626492],[-89.70064646955922,21.255808836667807],[-89.70064811515769,21.25589908927855],[-89.70074439325303,21.25589754579405],[-89.70074603988269,21.25598779848601],[-89.70084231707607,21.25598625486207],[-89.70084396377254,21.25607650755757],[-89.70103651819892,21.256073421029818],[-89.70104310552388,21.256434431849037],[-89.70113938295079,21.256432888941855],[-89.70114267675572,21.256613394376988],[-89.70123895439255,21.256611850502892],[-89.701243894346,21.256882608609125],[-89.70114761651541,21.25688415248658],[-89.70114926342784,21.25697440522493],[-89.70124554132303,21.256972861346373],[-89.70125212917051,21.2573338732456],[-89.70134840732194,21.257332329301967],[-89.70135005437473,21.257422582061224],[-89.70144633258856,21.25742103805593],[-89.70144797970809,21.257511290818616],[-89.70154425798441,21.25750974675165],[-89.70154755235939,21.257690252288715],[-89.7017401091637,21.25768716396849],[-89.70175164036746,21.258318934382118],[-89.70165536151404,21.258320478580337],[-89.70165865614096,21.258500983294205],[-89.70175493512362,21.258499439093736],[-89.70175658246352,21.258589691908544],[-89.70194914055132,21.258586603323643],[-89.70195078802267,21.25867685614083],[-89.70204706712784,21.25867531175639],[-89.70204871466608,21.25876556457705],[-89.70214499383364,21.25876402013091],[-89.70215158426706,21.259125031455277],[-89.70224786272641,21.259123486866354],[-89.70224951040495,21.259213739707867],[-89.70234578989115,21.25921219513497],[-89.70234414214801,21.25912194229458],[-89.70272925981243,21.259115763401624],[-89.70272761181303,21.259025510570332],[-89.70292017050274,21.259022420762534],[-89.7029185223764,21.258932167938113],[-89.70311107988068,21.2589290787166],[-89.70310613609155,21.258658320355277],[-89.70329869328218,21.258655229994076],[-89.70329539741401,21.258474725377408],[-89.70348795433732,21.25847163477829],[-89.7034830098061,21.258200876499615],[-89.70367556633288,21.258197785664915],[-89.70367391859105,21.25810753387269],[-89.7037701972687,21.258105988404424],[-89.70376689989945,21.25792548287252],[-89.70415201302373,21.25791930122882],[-89.70415036504835,21.257829048551944],[-89.70424664255671,21.257827502706455],[-89.70424499451893,21.257737250035323],[-89.70434127284203,21.257735705112054],[-89.7043396237774,21.257645452368966],[-89.70443590211657,21.257643906482166],[-89.70443425298953,21.25755365374483],[-89.70453053126187,21.25755210779856],[-89.70452888207244,21.25746185506695],[-89.70462516019508,21.257460309965285],[-89.70462351094324,21.257370057239427],[-89.7048160672183,21.257366965048412],[-89.70481441775665,21.257276713233495],[-89.70568091909016,21.257262798019607],[-89.70567926913202,21.257172545315253],[-89.70577554711711,21.257170998585813],[-89.7057771971398,21.257261251289055],[-89.70587347422284,21.257259704420264],[-89.70587182501704,21.257169452699916],[-89.70616065790492,21.257164812792766],[-89.70616230818612,21.257255065491552],[-89.70645114124791,21.257250425035803],[-89.70644949173732,21.257160172418082],[-89.70664204662243,21.257157078755732],[-89.70664369722671,21.25724733144887],[-89.70693253025526,21.25724269008435],[-89.70693418009105,21.257332942701083],[-89.70712673617695,21.257329848506085],[-89.70712508524745,21.257239595813882],[-89.70722136326386,21.257238048174596],[-89.70721971218912,21.25714779639221],[-89.7073159901387,21.257146248693434],[-89.70731764119517,21.257236501378777],[-89.70751019616965,21.25723340662363],[-89.70751184735764,21.25732365931131],[-89.70760812446535,21.257322111350856],[-89.70760977572016,21.257412364042096],[-89.70780233093971,21.257409268918938],[-89.70780398240885,21.25749952070847],[-89.70799653774883,21.257496425340758],[-89.70799818830201,21.257586677959058],[-89.70857585562088,21.25757739047286],[-89.70857420459708,21.25748713876531],[-89.7087667599016,21.257484042428267],[-89.70876510786928,21.25739378974584],[-89.70905394105634,21.257389145280072],[-89.70905228979679,21.257298892683295],[-89.70924484473781,21.257295796648933],[-89.70924319335131,21.257205544059033],[-89.70943574823704,21.257202446880477],[-89.70943409567623,21.257112195123845],[-89.70981920612721,21.257106000121887],[-89.7098175533101,21.25701574837434],[-89.71020266241983,21.2570095532339],[-89.7102043154953,21.257099804976978],[-89.71039687020752,21.25709670658898],[-89.71039521796726,21.257006454925804],[-89.71097288158003,21.25699715921849],[-89.71097122798989,21.25690690748902],[-89.71116378240814,21.256903808136133],[-89.71116212965535,21.256813556491167],[-89.7114509615131,21.25680890750173],[-89.71144930760425,21.25671865578708],[-89.71183441578776,21.256712456540328],[-89.71183606890776,21.256802709076872],[-89.71202862315677,21.256799608635728],[-89.71203027640821,21.25688986117467],[-89.71222283077762,21.256886760488943],[-89.71222448416052,21.256977013030287],[-89.71232076184728,21.25697546308627],[-89.71232241537976,21.25706571472707],[-89.71261124669181,21.257061064372884],[-89.71261290042041,21.257151316014884],[-89.71290173190624,21.25714666511207],[-89.71290007806662,21.25705641256936],[-89.71299635580253,21.2570548622001],[-89.71299470085324,21.25696461048954],[-89.71309097852235,21.256963060060833],[-89.71308932455793,21.25687280752959],[-89.71318560119572,21.256871256963805],[-89.7131822929787,21.256690753725515],[-89.71327856948506,21.256689203101395],[-89.71327691539811,21.256598950586234],[-89.71337319280207,21.256597399980258],[-89.7133715385699,21.25650714837496],[-89.71366036864566,21.256502496041623],[-89.7136587143047,21.256412243540225],[-89.71385126690522,21.256409141632226],[-89.71384795780597,21.256228638455887],[-89.71394423493808,21.256227087490885],[-89.71394258041005,21.256136835006668],[-89.71403885651085,21.256135283904623],[-89.7140372018376,21.256045032330192],[-89.71422975486784,21.256041930024146],[-89.71422810006759,21.255951678456647],[-89.7145169289203,21.255947024507723],[-89.71451527392843,21.255856772948185],[-89.71461154982211,21.255855221485966],[-89.71460989485067,21.255764969028082],[-89.71480244746658,21.255761866001784],[-89.71480079228533,21.255671614454865],[-89.71499334476322,21.2556685111884],[-89.71499168945489,21.255578259648367],[-89.7150879651437,21.255576707886597],[-89.71508630977299,21.25548645635228],[-89.71537513759664,21.255481800784437],[-89.71537348299874,21.255391549335727],[-89.71556603409786,21.25538844527143],[-89.71556437840854,21.255298193751926],[-89.71594948216773,21.255291985960113],[-89.7159478262222,21.255201734449763],[-89.71633292872293,21.255195525615484],[-89.71633458492691,21.25528577712136],[-89.71652713585235,21.255282671847613],[-89.71652547951923,21.255192420344027],[-89.71710313361771,21.255183105038878],[-89.71710147689917,21.255092853546635],[-89.71739030372456,21.255088195079562],[-89.7173886468972,21.25499794269122],[-89.71748492205991,21.254996390325683],[-89.71748657903474,21.25508664180882],[-89.71767913053002,21.25508353606728],[-89.71767747342597,21.254993284586384],[-89.71796629905312,21.25498862495456],[-89.7179646428047,21.25489837265516],[-89.71921622124188,21.25487817629335],[-89.71921456310854,21.254787924839686],[-89.71931083809983,21.254786371325295],[-89.71930918095133,21.254696119050877],[-89.71940545587579,21.25469456547705],[-89.71940877143417,21.254875068297686],[-89.72017897307877,21.254862633969264],[-89.72018063089598,21.254952885338746],[-89.72037318117297,21.25494977612921],[-89.72037484008607,21.255040027578644],[-89.72095249116848,21.255030699393302],[-89.72095414950702,21.25512095076302],[-89.72114670000683,21.25511784057966],[-89.72114835847681,21.255208091951722],[-89.72143718436227,21.255203426670946],[-89.72143884399269,21.255293678121905],[-89.72163139376427,21.25529056725061],[-89.72163305352612,21.255380818703937],[-89.72172932891404,21.25537926366712],[-89.72173098786111,21.255469514142312],[-89.72192353875938,21.25546640388464],[-89.7219218788014,21.25537615243007],[-89.72211442964431,21.25537304102827],[-89.72211608876705,21.255463292402993],[-89.72240491516717,21.25545862529461],[-89.72240325585061,21.255368373923226],[-89.7224995312206,21.25536681840175],[-89.72250119060179,21.255457069772014],[-89.72269374154718,21.255453957640974],[-89.72269872113898,21.2557247109462],[-89.72279499579628,21.255723155160897],[-89.72279665634466,21.255813406623883],[-89.72298920682911,21.25581029404274],[-89.72298754711602,21.25572004265964],[-89.72337264868139,21.255713817756558],[-89.72337430961743,21.2558040692128],[-89.72375941140558,21.255797843335866],[-89.72376107163784,21.25588809471462],[-89.72395362220689,21.2558849809196],[-89.72395528353506,21.255975232378297],[-89.72405155835729,21.255973675802046],[-89.72404989792898,21.25588342442205],[-89.72443499991314,21.255877196844345],[-89.72443333922863,21.255786945473435],[-89.7245296139105,21.255785388596525],[-89.72453127562406,21.255875640043833],[-89.72520520281005,21.25586473870331],[-89.72520354152597,21.255774488245553],[-89.72539609189893,21.25577137263531],[-89.72539443048781,21.255681122184363],[-89.72558698063993,21.25567800723814],[-89.72558531918456,21.255587755890044],[-89.72587414468435,21.255583083058426],[-89.7258724830374,21.255492831718325],[-89.72625758373557,21.25548660045836],[-89.72625592183239,21.255396349127395],[-89.72644847155672,21.255393233097397],[-89.72644680952658,21.255302981773287],[-89.72663935911268,21.255299865503222],[-89.72663769687281,21.25520961509006],[-89.72673397111572,21.255208056826504],[-89.7267323088962,21.25511780551501],[-89.72682858403672,21.255116247269545],[-89.72682525939244,21.254935745566762],[-89.72692153440153,21.25493418726301],[-89.7269165472994,21.254663434294866],[-89.72701282114795,21.254661875856275],[-89.72700949626757,21.254481374204257],[-89.72681694786223,21.254484490938733],[-89.72681528559598,21.25439423966533],[-89.72652646268283,21.254398914270507],[-89.72652147639623,21.254128161372066],[-89.72661775083044,21.254126603260158],[-89.72661608870241,21.25403635200303],[-89.7267123630698,21.25403479383168],[-89.72671070079654,21.253944543484433],[-89.72699952272718,21.253939868532665],[-89.7269978603451,21.253849617289298],[-89.72709413457443,21.25384805887787],[-89.727085822209,21.253396804544273],[-89.72718209611297,21.25339524607789],[-89.72717045947348,21.252763489567396],[-89.72726673292306,21.252761931048315],[-89.72726174520632,21.252491178426872],[-89.72735801845985,21.252489619850582],[-89.72735635585505,21.252399368685786],[-89.727452628959,21.25239781095416],[-89.72744431652711,21.25194655618689],[-89.72754058938855,21.251944997496192],[-89.7275389266679,21.25185474636144],[-89.72763519946241,21.25185318761128],[-89.72763353756112,21.251762937463948],[-89.72772980932443,21.251761378576777],[-89.72772648460034,21.251580876412508],[-89.72782275711393,21.251579318448677],[-89.72781943130512,21.251398816227564],[-89.72791570376998,21.251397257301317],[-89.7279123787226,21.251216756082677],[-89.72800865105596,21.251215197098105],[-89.72800698803023,21.25112494600605],[-89.72810326021403,21.251123387866098],[-89.72810159712586,21.25103313677981],[-89.7281978693256,21.251031577676326],[-89.72819288076238,21.25076082543026],[-89.7280003377955,21.25076394274331],[-89.72799867478086,21.250673691674443],[-89.72790240283506,21.25067525065225],[-89.72789076505796,21.250043494428695],[-89.72798703655145,21.250041935458725],[-89.72798204853231,21.249771182454808],[-89.72807831974706,21.24976962433174],[-89.72807665765677,21.249679373392517],[-89.72826919906879,21.249676255985317],[-89.72826753685155,21.249586005052947],[-89.72836380801309,21.249584445846388],[-89.72836214468634,21.24949419574633],[-89.72845841578112,21.249492636480266],[-89.72846007908976,21.249582887483264],[-89.72874889150731,21.24957821014469],[-89.7287472288865,21.249487960126743],[-89.72903604109017,21.249483282246352],[-89.72903437836055,21.24939303133232],[-89.72922692030464,21.2493899127978],[-89.72922359354666,21.24920941181468],[-89.72931986442747,21.24920785200678],[-89.72931820054636,21.24911760103251],[-89.73095480027776,21.249091084760778],[-89.73095313618232,21.24900083479196],[-89.73104940689379,21.24899927389585],[-89.73104774273598,21.24890902393278],[-89.73124028297582,21.24890590278766],[-89.73123861877376,21.248815651927377],[-89.73133488926659,21.2488140917559],[-89.73133155969286,21.248633590878054],[-89.73142783013691,21.248632029744144],[-89.73142283612282,21.248361278052304],[-89.73151910628819,21.248359717765304],[-89.73151744190574,21.24826946693624],[-89.73161371200426,21.248267906589803],[-89.73161204659503,21.248177655688988],[-89.73209339584932,21.248169852072042],[-89.73209173108371,21.248079601259025],[-89.73228427099326,21.24807647978307],[-89.73228593588807,21.248166730593823],[-89.73247847495347,21.248163608795792],[-89.7324801410268,21.248253858782377],[-89.73305775952144,21.248244492005156],[-89.73305609410757,21.248154241198794],[-89.73315236314134,21.248152679806665],[-89.73315069766512,21.248062429006087],[-89.73324696759639,21.248060867632056],[-89.7332453020578,21.247970616837183],[-89.7333415719223,21.247969055403715],[-89.73333824063987,21.247788554734342],[-89.73343450940854,21.247786993165008],[-89.73343617507184,21.247877243948288],[-89.73411006166388,21.247866311646412],[-89.73411172786433,21.24795656152235],[-89.73440053642625,21.24795187532698],[-89.73440220274004,21.248042126108302],[-89.73459474157787,21.248039001647044],[-89.73459307513485,21.24794875086803],[-89.73468934496803,21.247947188586444],[-89.73469101147563,21.248037439364293],[-89.73497982019111,21.248032752075108],[-89.73498148689474,21.248123002854307],[-89.7351740258349,21.248119877663836],[-89.73517569275266,21.248210127541306],[-89.7353682317304,21.248207003010343],[-89.7353698987796,21.24829725289018],[-89.73565870706514,21.248292564241176],[-89.7356603742277,21.248382815026318],[-89.73585291352414,21.248379688981004],[-89.73585124614969,21.248289439102244],[-89.73642886359775,21.248280059519193],[-89.73642719680234,21.24818980972925],[-89.73652346582233,21.248188246215797],[-89.73652513356407,21.248278496986114],[-89.7366214026465,21.24827693341093],[-89.73661806791777,21.248096432858752],[-89.73671433686879,21.248094869225206],[-89.73670766621534,21.24773386810352],[-89.73680393490568,21.247732304413965],[-89.7368022678653,21.247642054656403],[-89.7368985364888,21.247640490907393],[-89.73689686850426,21.24755024017407],[-89.73699313794266,21.2475486773472],[-89.73699146989584,21.247458426619602],[-89.73708773935005,21.24745686282921],[-89.73708607115813,21.24736661301152],[-89.73718233958111,21.247365049084166],[-89.7371806722913,21.247274799349697],[-89.73746947823467,21.247270108189145],[-89.73746780987156,21.24717985748114],[-89.73756407912077,21.247178293391258],[-89.73756241061264,21.247088043593113],[-89.73785121710587,21.24708335178991],[-89.73784954848884,21.24699310109569],[-89.7382346228255,21.246986845065535],[-89.7382362917836,21.24707709485114],[-89.73900643998441,21.247064578892434],[-89.73900477050952,21.24697432911592],[-89.73919730762854,21.246971199768147],[-89.73919563907373,21.24688094917195],[-89.73929190704179,21.246879384821597],[-89.73929023746015,21.24678913415365],[-89.73938650632576,21.246787569821382],[-89.73938817509018,21.24687781950661],[-89.73986951697965,21.24686999489022],[-89.73986784797489,21.24677974430656],[-89.74044545744448,21.246770352201136],[-89.74044378700732,21.24668010245553],[-89.7408288603267,21.246673839896566],[-89.74082718963339,21.24658359016013],[-89.74236747749599,21.246558531748256],[-89.74236580673573,21.246468282112033],[-89.742654610683,21.24646358206914],[-89.74265293876681,21.246373332363557],[-89.7429417425001,21.246368631778786],[-89.74294341364568,21.246458881403576],[-89.74313594985227,21.24645574800385],[-89.7431342776957,21.246365497399804],[-89.74351934885904,21.246359229800444],[-89.7435210203923,21.246449479418427],[-89.74380982425878,21.246444777194746],[-89.74381149598801,21.24653502681392],[-89.74400403131901,21.246531892244075],[-89.74400570317968,21.2466221418657],[-89.74439077512008,21.246615871167897],[-89.74439244724138,21.24670612078959],[-89.74448871502373,21.24670455316923],[-89.74448704283783,21.246614303548636],[-89.74564225544076,21.246595485584674],[-89.74564560136525,21.246775984803246],[-89.74593440481173,21.24677127939455],[-89.7459360779711,21.246861529007372],[-89.7461286137201,21.24685839176308],[-89.7461302870109,21.246948641378328],[-89.74651535874027,21.24694236615819],[-89.7465170322918,21.24703261577357],[-89.74661330028314,21.247031046815962],[-89.74661162666702,21.246940797201784],[-89.74670789459151,21.2469392281847],[-89.7467062209131,21.246848978576303],[-89.74853530693065,21.24681915553219],[-89.74853363194454,21.24672890685406],[-89.74862989969489,21.246727336627732],[-89.748628224729,21.246637087051273],[-89.74872449241242,21.246635516765547],[-89.74872616744297,21.24672576634083],[-89.74920750422086,21.246717913842975],[-89.74920917957658,21.2468081634172],[-89.74959424971291,21.246801881274507],[-89.74959592532927,21.246892130848885],[-89.74978846007222,21.246888988921068],[-89.74979013582004,21.24697923849779],[-89.74998267164759,21.246976096402822],[-89.74998434656244,21.24706634590451],[-89.75017688251022,21.247063203564927],[-89.75017855852089,21.247153453146424],[-89.75027482559159,21.24715188180722],[-89.75027650166915,21.247242131392216],[-89.75046903689739,21.247238988607247],[-89.75047071310638,21.247329238194627],[-89.7512408553279,21.24731666560399],[-89.751242532056,21.247406915186883],[-89.75162760284762,21.24740062784651],[-89.75162927983637,21.24749087742958],[-89.75239942182841,21.24747829983205],[-89.75239774424033,21.24738805116224],[-89.75249401241744,21.24738647850375],[-89.75249233484963,21.247296228935596],[-89.75268487002097,21.24729308426593],[-89.75268151551548,21.247112586129553],[-89.7527777824451,21.24711101411946],[-89.75277946028474,21.24720126277083],[-89.75287572735927,21.247199689794908],[-89.75287405041942,21.247109441222086],[-89.75297031742708,21.24710786818677],[-89.752966962543,21.246927370075817],[-89.75306322933668,21.24692579788626],[-89.75306155235693,21.24683554842553],[-89.75315781908377,21.246833976176568],[-89.75315614204159,21.24674372672159],[-89.75325240870156,21.246742154413184],[-89.75325073159712,21.246651904964004],[-89.75334699819024,21.246650332596136],[-89.75334532005898,21.2465600830754],[-89.75353785415622,21.246556937333498],[-89.75353617677995,21.24646668880113],[-89.75382497727412,21.24646196924667],[-89.75382329970631,21.24637172072235],[-89.75430463378923,21.246363853919544],[-89.75430631256195,21.24645410341965],[-89.75507644723535,21.246441514083926],[-89.75507476786339,21.246351265496997],[-89.7557486354525,21.246340247137027],[-89.75575031431231,21.24643049563861],[-89.75594284808516,21.24642734777429],[-89.75594452707637,21.246517596278235],[-89.75613706105192,21.246514447265266],[-89.75613874009203,21.246604696675643],[-89.75633127418776,21.246601547418106],[-89.75633463366269,21.24678204451748],[-89.75643090031288,21.246780470208922],[-89.75643257963614,21.246870718725734],[-89.7567213808139,21.246865994606416],[-89.7567197012969,21.246775746093036],[-89.75691223457704,21.246772596930715],[-89.75691391422323,21.246862845441868],[-89.7576840499467,21.24685024380293],[-89.75768236978372,21.246759995300916],[-89.75806743729159,21.246753693484248],[-89.75806575590809,21.246663444914077],[-89.75864335619127,21.246653990791984],[-89.75864167538678,21.246563742310613],[-89.7588342083183,21.246560590729835],[-89.75883252746947,21.246470341351316],[-89.7595063931709,21.24645930899582],[-89.75950807455442,21.246549557462227],[-89.75970060752782,21.246546403887034],[-89.75970228896036,21.246636653259944],[-89.75999108952045,21.246631922968753],[-89.75999277123148,21.246722171438787],[-89.76008903779595,21.24672059482834],[-89.76009071957391,21.24681084330191],[-89.76201605071674,21.24677929827224],[-89.7620177337889,21.246869546727623],[-89.76240279939589,21.246863234747636],[-89.76240448272867,21.24695348320311],[-89.76288581621507,21.246945591956138],[-89.76288413255931,21.246855343506343],[-89.76307666572636,21.24685218748991],[-89.76307498194372,21.2467619390471],[-89.76297871538468,21.246763517536493],[-89.76297703166883,21.246673269097148],[-89.76288076517213,21.246674847524865],[-89.7628790815232,21.246584599089037],[-89.76278281508883,21.246586177455015],[-89.7627811315067,21.246495929022696],[-89.76239606696939,21.246502241953632],[-89.7623943836479,21.24641199352135],[-89.76229811733141,21.246413571582206],[-89.76229643407686,21.246323323153465],[-89.76220016790519,21.246324900248464],[-89.76219680241381,21.246144404384058],[-89.76248559981755,21.24613967013453],[-89.76248055065766,21.2458689249882],[-89.76267308242168,21.24586576948145],[-89.76267139892224,21.245775521085154],[-89.76344152465428,21.245762893854753],[-89.76343984064032,21.245672645472197],[-89.76363237210076,21.245669488758544],[-89.76363068795993,21.245579240382945],[-89.76411201637222,21.24557134618826],[-89.7641103319106,21.24548109782301],[-89.76439912773975,21.24547636086707],[-89.76439744405101,21.245386112587223],[-89.76449370952473,21.245384534110393],[-89.76449202480927,21.24529428575899],[-89.7646845557032,21.24529112772183],[-89.76468287086088,21.24520087937738],[-89.76487540169906,21.245197720196103],[-89.76487371664727,21.24510747276262],[-89.76496998199836,21.24510589308228],[-89.76496829696677,21.245015644750563],[-89.76506456216856,21.245014065914827],[-89.76506119294731,21.244833569344955],[-89.7651574581001,21.24483198954684],[-89.76515577294603,21.244741741231337],[-89.76534830303319,21.244738582359826],[-89.76534661775226,21.244648334051234],[-89.76544288268663,21.244646754977815],[-89.76544456803212,21.24473700328527],[-89.76582962720592,21.2447306844957],[-89.76582794160196,21.244640436192842],[-89.76592420660747,21.2446388559124],[-89.76592252190557,21.24454860769266],[-89.76601878579743,21.24454702817961],[-89.7660137305472,21.244276283474374],[-89.76610999520734,21.244274703981475],[-89.76610662460115,21.244094207511043],[-89.76601035998772,21.24409578790574],[-89.76600698951982,21.243915291451636],[-89.76610325392157,21.243913711963355],[-89.76610156814421,21.243823463705773],[-89.76648662563527,21.24381714334315],[-89.76648493960178,21.24372689509477],[-89.76686999671576,21.24372057467165],[-89.76687168212568,21.24381082193407],[-89.76764179491542,21.243798177112446],[-89.76764010898883,21.24370792985919],[-89.76773637330538,21.2437063484393],[-89.767734686352,21.24361610111454],[-89.76802347796504,21.243611358225788],[-89.7680251651122,21.243701605547116],[-89.76860274858231,21.24369211903137],[-89.76860106209448,21.243601870890085],[-89.76879358942163,21.243598708511485],[-89.76879190280678,21.24350846037715],[-89.76888816688455,21.243506879136795],[-89.76888985364643,21.24359712636588],[-89.7689861177865,21.243595545063812],[-89.76898443007818,21.24350529685446],[-89.76917695822239,21.243502134070827],[-89.76917527135146,21.24341188594572],[-89.76936779839305,21.243408722844812],[-89.76936611139519,21.243318474726625],[-89.76975116519289,21.24331214780252],[-89.76974947793892,21.24322189969357],[-89.7700382686342,21.24321715300244],[-89.77003658110637,21.243126905805674],[-89.77022910771962,21.24312374162128],[-89.77022742014722,21.243033493527403],[-89.77032368386806,21.243031911384133],[-89.77032199623335,21.242941663295994],[-89.770418258923,21.242940081016016],[-89.77041657122595,21.24284983293371],[-89.77051283481308,21.24284825067161],[-89.77051114697129,21.24275800349914],[-89.77070367304513,21.2427548387182],[-89.77070198515892,21.24266459064861],[-89.77089451109454,21.24266142562767],[-89.77089282308134,21.242571177565026],[-89.77118161225617,21.242566429621416],[-89.7711799239691,21.242476182470938],[-89.77137244962368,21.24247301684886],[-89.77137076129206,21.24238276880124],[-89.77156328777276,21.24237960301641],[-89.77156159923187,21.242289355879826],[-89.77175412460994,21.242286189777744],[-89.77175243602449,21.24219594174401],[-89.77194496126432,21.242192775401907],[-89.7719432724696,21.242102528279222],[-89.77213579757118,21.24209936169712],[-89.77213410873189,21.242009113677266],[-89.77242289657325,21.242004364296026],[-89.77242120754254,21.241914116284274],[-89.7728062580565,21.241907782656863],[-89.77280456876962,21.241817534654352],[-89.77318961802465,21.241811199985108],[-89.77318792848165,21.241720951991844],[-89.77338045292514,21.24171778474811],[-89.77337876325524,21.241627536761765],[-89.77357128764295,21.241624368373976],[-89.7735695987281,21.241534121375945],[-89.77376212297749,21.241530952748132],[-89.77376043297134,21.24144070567981],[-89.7743380051128,21.241431200157688],[-89.77433631480378,21.24134095219676],[-89.77481762499104,21.241333029608366],[-89.77481593436136,21.241242781657853],[-89.77529724320456,21.24123485748362],[-89.77529555313615,21.241144610524845],[-89.7753918144806,21.24114302511692],[-89.77539012338549,21.241052778086654],[-89.77548638562746,21.24105119269653],[-89.77548469447011,21.240960945672082],[-89.77567721785368,21.240957774635174],[-89.7756755275337,21.240867527694952],[-89.77596431183365,21.24086277155417],[-89.77596262035789,21.240772524544784],[-89.77711775737792,21.24075349642945],[-89.77711944866446,21.240843743347835],[-89.77750449484499,21.24083739872561],[-89.77750618630975,21.24092764654818],[-89.77779497067404,21.240922886951385],[-89.77779666233485,21.24101313477516],[-89.77808544679014,21.241008375533877],[-89.77808713969375,21.24109862253199],[-89.77827966216627,21.24109544904646],[-89.77828135520132,21.241185696046976],[-89.77847387779393,21.241182522316837],[-89.77847556991367,21.241272770146587],[-89.77857183227673,21.241271182814682],[-89.77857352454572,21.241361429743833],[-89.77876604730075,21.241358256549795],[-89.77876774066549,21.241448503558487],[-89.7788640021866,21.241446915965437],[-89.77886569457152,21.241537163804512],[-89.77905821861796,21.24153398941556],[-89.7790599112167,21.24162423635296],[-89.77915617277775,21.24162264947992],[-89.77915786640774,21.24171289649799],[-89.77944665135337,21.24170813460797],[-89.77944834421504,21.24179838155004],[-89.78012217714664,21.241787267819756],[-89.78012048383285,21.241697020885738],[-89.7804092687103,21.241692257178535],[-89.78040757520503,21.24160201025262],[-89.78098514442853,21.241592482113855],[-89.78098345053799,21.241502235199437],[-89.78117597352006,21.24149905806819],[-89.78117427950262,21.241408811160717],[-89.78136680226402,21.241405634693535],[-89.78136510715534,21.24131538771588],[-89.7815576298608,21.24131221010461],[-89.78155593558954,21.241221963211093],[-89.78194098055017,21.241215609074548],[-89.78193928602282,21.241125362190292],[-89.78376824706187,21.24109516494338],[-89.7837699428164,21.24118541180583],[-89.78396246519657,21.241182232072433],[-89.78396416108257,21.241272478937255],[-89.78415668261849,21.241269298882095],[-89.78415837863594,21.241359545749287],[-89.78435090125623,21.241356365526737],[-89.78435259740515,21.241446612396228],[-89.7845451201456,21.241443431929092],[-89.78454681642596,21.24153367880099],[-89.7848355997489,21.24152890756538],[-89.78483729630763,21.24161915353434],[-89.78512607980385,21.241614381750107],[-89.78512777647629,21.241704628624458],[-89.78541656014576,21.24169985629162],[-89.78541825701427,21.241790103167116],[-89.78570704085702,21.241785330285715],[-89.78570873792155,21.241875577162446],[-89.78599752193757,21.241870803732454],[-89.78599921919809,21.241961050610374],[-89.78628800338737,21.24195627663181],[-89.78628970084401,21.242046523510904],[-89.78657848520655,21.24204174898375],[-89.78658018285923,21.242131995864046],[-89.78696522825953,21.242125628923823],[-89.78696692617284,21.242215875804217],[-89.78725571087504,21.242211099998137],[-89.78725740898443,21.242301346879696],[-89.78783497766814,21.242291794452203],[-89.78783667624964,21.242382040427408],[-89.78860676816211,21.242369301058993],[-89.78860846629823,21.24245954695249],[-89.78880098934151,21.24245636195439],[-89.78880268857347,21.242546607927412],[-89.78899521173688,21.242543422684758],[-89.7889969111003,21.242633668660115],[-89.78938195677603,21.24262729646212],[-89.78938365631778,21.242717543341602],[-89.78967244096488,21.242712763798945],[-89.78967414078498,21.242803009775553],[-89.78996292560532,21.242798229684265],[-89.78996462562148,21.242888475662074],[-89.7900608869943,21.242886881848946],[-89.79006258699496,21.24297712873436],[-89.79015884843007,21.242975534859507],[-89.79016224768546,21.243156027660696],[-89.79064355731906,21.243148058424733],[-89.79064185684392,21.24305781244106],[-89.79073811832995,21.243056218201616],[-89.79073641875685,21.242965972300894],[-89.790832680176,21.242964378002085],[-89.79083097957626,21.24287413203003],[-89.79160107201216,21.242861378334535],[-89.79159767075049,21.242680886499926],[-89.79169393195525,21.242679291659407],[-89.79169223174546,21.242589045788787],[-89.79178849288343,21.242587450888866],[-89.79178509137711,21.242406959086804],[-89.7919776133054,21.24240377001395],[-89.79197591290871,21.242313524160725],[-89.79207217384604,21.242311929082536],[-89.792070473387,21.242221683235172],[-89.7934181267181,21.24219935227977],[-89.79341982896348,21.242289599092246],[-89.7935160898665,21.24228800310546],[-89.79351949369345,21.24246849485672],[-89.79400079857353,21.24246051671523],[-89.79400250129558,21.242550762630636],[-89.79409876229637,21.242549167181117],[-89.7941004641209,21.24263941302288],[-89.79419672518408,21.24263781751163],[-89.79419842803988,21.242728063434033],[-89.79439095037075,21.242724871323443],[-89.7943926523936,21.242815117171027],[-89.7945851748445,21.242811924815822],[-89.79458687699884,21.242902170665754],[-89.79477940045192,21.2428989790472],[-89.79478110273769,21.242989224899507],[-89.79487736412543,21.242987628055534],[-89.79487906647816,21.243077873911332],[-89.79497532784592,21.24307627790979],[-89.79497873365167,21.24325676971019],[-89.79507499522867,21.243255172741613],[-89.79507669771739,21.24334541860906],[-89.79517295927434,21.24334382248287],[-89.79517466279431,21.24343406843092],[-89.79527092441364,21.24343247224304],[-89.7952726270361,21.2435227181175],[-89.79536888879994,21.243521120963734],[-89.79537059148933,21.243611366841694],[-89.79556311505712,21.24360817325432],[-89.7955648178779,21.243698419134603],[-89.7956610796818,21.24369682270094],[-89.79566278353388,21.24378706866183],[-89.7957590454824,21.243785471262356],[-89.79576074843695,21.243875717149617],[-89.79585701036544,21.24387412059254],[-89.79585871338686,21.243964366483326],[-89.79595497545999,21.24396276896039],[-89.7959566785483,21.244053014854643],[-89.79614920265229,21.244049821432974],[-89.7961509059543,21.24414006642545],[-89.7962471680675,21.24413846962263],[-89.79625057560747,21.244318961504618],[-89.79634683792975,21.244317363734766],[-89.79635024464369,21.24449785555591],[-89.79644650709287,21.24449625772316],[-89.79645161833909,21.244766995563438],[-89.79654788097976,21.24476539766668],[-89.79655128893928,21.2449458896068],[-89.7966475517069,21.24494429164721],[-89.79665095884035,21.245124783526457],[-89.7967472216526,21.245123186408076],[-89.79675062997104,21.245303677476624],[-89.7968468919457,21.245302080218234],[-89.79685030040255,21.245482571303086],[-89.79694656355079,21.24548097315479],[-89.79694997206364,21.245661465160065],[-89.79704623437442,21.245659866871765],[-89.79705475658403,21.246111096094847],[-89.79715101921546,21.246109497740242],[-89.7971612458172,21.246650972184668],[-89.7972575088339,21.246649373762548],[-89.79726262284164,21.246920111082563],[-89.79735888604984,21.2469185125964],[-89.7973622952349,21.24709900383693],[-89.79726603189752,21.247100602325414],[-89.79727114505748,21.24737133873379],[-89.7974636729996,21.24736814267057],[-89.7974653781081,21.24745838880119],[-89.7975616416993,21.24745679018694],[-89.79756505117018,21.247637281478514],[-89.79766131577034,21.24763568378263],[-89.79766302013273,21.247725928943606],[-89.79785554857335,21.24772273238662],[-89.79785725394939,21.247812978531137],[-89.79795351778971,21.24781137966999],[-89.7979552222682,21.247901625740898],[-89.79805148713531,21.24790002689517],[-89.7980566019072,21.248170763401156],[-89.79796033781082,21.24817236232749],[-89.79796204334515,21.248262607589968],[-89.79767324900169,21.248267402950635],[-89.79767495434452,21.24835764822123],[-89.79757868914528,21.248359246830507],[-89.79758209962638,21.248539738291953],[-89.79748583437798,21.248541335938835],[-89.79748753951624,21.248631582129736],[-89.79758380394712,21.24862998350049],[-89.79758891876949,21.24890072021226],[-89.79730012400654,21.24890551494747],[-89.79730182814258,21.248995760178044],[-89.79720556344645,21.24899735863021],[-89.79720726848464,21.249087603943657],[-89.79711100275728,21.249089202259277],[-89.79711270773313,21.249179447578552],[-89.79701644290324,21.249181045911858],[-89.79701814685238,21.24927129115978],[-89.79692188195568,21.24927288943371],[-89.79692358680695,21.249363134764504],[-89.79701985168599,21.249361537393575],[-89.79702155660415,21.249451782727892],[-89.79740661756716,21.249445389998552],[-89.79740491239065,21.249355144668844],[-89.79807876963835,21.249343956295064],[-89.7980804743026,21.249434201539508],[-89.7982730051794,21.249431004454028],[-89.79827470997519,21.249521249700848],[-89.7983709759158,21.249519651556717],[-89.7983726807784,21.249609896806994],[-89.79856521189986,21.249606699353432],[-89.79856862285482,21.249787189940417],[-89.79866488801791,21.249785591533968],[-89.79866829911114,21.24996608213718],[-89.7987645654479,21.249964482840838],[-89.79876627049808,21.250054729013826],[-89.7990550676772,21.250049931507792],[-89.79905336138656,21.249959686165276],[-89.7999197511722,21.249945291213624],[-89.79991804430247,21.249855045886203],[-89.80011057477378,21.249851846410227],[-89.80010886874162,21.249761601166842],[-89.80020513395037,21.24976000088709],[-89.80020172079928,21.24957951033943],[-89.80029798587648,21.249577910001417],[-89.800296279722,21.24948766477425],[-89.80039254465018,21.249486065280934],[-89.80039083746895,21.249395819982464],[-89.80048710337687,21.249394219602713],[-89.80048539613331,21.24930397431003],[-89.80087045642598,21.24929757376699],[-89.80086874892638,21.249207328483557],[-89.80106127836528,21.249204128716464],[-89.80105957178544,21.24911388261295],[-89.80115583643692,21.24911228263974],[-89.80115412971254,21.249022037446114],[-89.8015391881192,21.24901563604793],[-89.80153748113875,21.24892539086363],[-89.8017300102403,21.24892218935135],[-89.80173171734995,21.2490124345334],[-89.80182798288516,21.249010834214356],[-89.80182969006167,21.249101079399896],[-89.80231101336878,21.249093074696848],[-89.80231272087056,21.2491833198812],[-89.80212019140902,21.24918652212726],[-89.80212189974833,21.24927676739566],[-89.80192937014836,21.249279969401737],[-89.80193107739642,21.249370214599995],[-89.80135348727183,21.24937981819032],[-89.80135178041132,21.24928957298511],[-89.80096672121122,21.249295973912588],[-89.80096842781327,21.249386219122407],[-89.8007758980291,21.249389419677044],[-89.80077760450433,21.249479664893855],[-89.8005850745818,21.249482865208527],[-89.80058848824507,21.249663355737713],[-89.80049222311013,21.24966495625856],[-89.80049392939837,21.24975520149274],[-89.80039766427872,21.249756801050083],[-89.80040107769736,21.249937291611644],[-89.80030481236405,21.249938892014843],[-89.80030651852998,21.250029137265244],[-89.80021025321196,21.25003073670487],[-89.80021537337637,21.250301473545566],[-89.80050417006933,21.250296673226227],[-89.80050587733807,21.250386918569905],[-89.8006021429076,21.25038531894395],[-89.80060384927876,21.25047556421402],[-89.80070011499284,21.25047396362218],[-89.80070182239535,21.250564208972797],[-89.80079808808948,21.250562609223348],[-89.80080150206611,21.250743099859104],[-89.80099403378804,21.250739899269725],[-89.80099574042677,21.250830144553728],[-89.80109200639004,21.250828543714977],[-89.8010937140601,21.250918789079517],[-89.80147877798414,21.250912386922327],[-89.80147536301179,21.25073189718832],[-89.80166789470164,21.250728695750947],[-89.8016661866486,21.250638450402622],[-89.80176245246663,21.250636849142158],[-89.80176074531573,21.25054660387668],[-89.80185701098459,21.250545003460942],[-89.80185530280694,21.250454758124203],[-89.80204783409097,21.25045155620913],[-89.8020495423978,21.25054180154359],[-89.80195327673346,21.250543402080492],[-89.801960106832,21.25090438323797],[-89.80205637275472,21.250902782696414],[-89.80205808107301,21.250993028054058],[-89.80167301694561,21.250999431669584],[-89.80167472412566,21.25108967605525],[-89.80148219288346,21.251092877578966],[-89.8014838998543,21.251183122875723],[-89.80138763364181,21.251184723961412],[-89.80138934151483,21.25127496934098],[-89.80061921154476,21.251287772238594],[-89.80062262529968,21.251468262953093],[-89.80052635887277,21.25146986349713],[-89.80052806625353,21.251560107996905],[-89.8004317997598,21.251561708481503],[-89.80043350603158,21.251651953814072],[-89.80033723947089,21.251653554239272],[-89.80034065382102,21.251834045074865],[-89.8002443872111,21.251835644537632],[-89.80024609336063,21.251925889886444],[-89.80034236003506,21.251924290422508],[-89.80034406729808,21.252014534947747],[-89.80044033403493,21.252012935422115],[-89.80044204031816,21.25210318077786],[-89.80024950663083,21.25210638067509],[-89.80024780047673,21.252016135316964],[-89.80015153365316,21.252017735625614],[-89.80014982660155,21.251927490193957],[-89.80005355992245,21.251929089536734],[-89.8000518539022,21.251838844185613],[-89.7995705204664,21.251846843601673],[-89.79957222616375,21.251937088958538],[-89.79899462564339,21.25194668554251],[-89.79899633191984,21.25203693098808],[-89.7979373956887,21.25205451960014],[-89.79793569012283,21.25196427414186],[-89.79726182149453,21.251975463864603],[-89.7972601163831,21.251885218402847],[-89.79716384961772,21.251886816831394],[-89.79716555466453,21.251977062294305],[-89.79668421959784,21.251985052553003],[-89.79668762905239,21.252165543504187],[-89.79649509510422,21.25216873958079],[-89.79649679970572,21.25225898506566],[-89.79640053169919,21.252260582937136],[-89.79640394069756,21.252441074827175],[-89.79650020786889,21.252439476876265],[-89.7965019124773,21.25252972237504],[-89.79669444790667,21.252526526366346],[-89.79669615264653,21.252616771867412],[-89.7968886872316,21.25261357553701],[-89.79688698236254,21.252523330038244],[-89.79698324958696,21.25252173178333],[-89.79698495443834,21.252611978185055],[-89.79727375629183,21.25260718305342],[-89.79727546142155,21.252697428552167],[-89.79660158906373,21.252708615371485],[-89.79659988438618,21.252618369864653],[-89.7964073497874,21.25262156583162],[-89.79640564524134,21.25253132032707],[-89.79621311076266,21.252534516049437],[-89.79621140634808,21.252444270547233],[-89.79611513916987,21.252445868316382],[-89.79611684351987,21.252536113819772],[-89.79602057531038,21.252537711452373],[-89.79601887102498,21.252447465947863],[-89.79592260392447,21.252449062691745],[-89.79591919548974,21.252268571694266],[-89.79582292843394,21.252270169279413],[-89.7958212242846,21.252179923786475],[-89.79543615533223,21.252186313439548],[-89.7954395631164,21.252366804439298],[-89.7953432959845,21.252368401722723],[-89.79534499981543,21.252458647230704],[-89.7952487326167,21.2524602444547],[-89.79525043630304,21.25255049087262],[-89.7951541680729,21.252552087960062],[-89.79514905704998,21.252281350525053],[-89.7950527899758,21.252282947625584],[-89.79505108634324,21.25219270212337],[-89.79495481933145,21.252194299162202],[-89.79495141228466,21.25201380726528],[-89.79485514443525,21.252015404164105],[-89.79484833054522,21.251654421325345],[-89.79475206391643,21.251656018236098],[-89.79475036057595,21.251565771858726],[-89.7946540940094,21.25156736870774],[-89.79465068729994,21.251386877772834],[-89.7945544198959,21.251388474481853],[-89.79455271669147,21.25129822811609],[-89.79445645031416,21.251299824840476],[-89.79445304395905,21.251119333024675],[-89.79454931020719,21.251117736302568],[-89.79454760692734,21.251027490854792],[-89.79445134074379,21.25102908757573],[-89.79444963753083,21.25093884213148],[-89.7942571043217,21.25094203531219],[-89.79425540132249,21.250851788966138],[-89.79415913526127,21.25085338550303],[-89.79415743224666,21.25076314006454],[-89.7929059673319,21.25078388897735],[-89.79290426524162,21.250693642624412],[-89.79203786657892,21.250708002141394],[-89.7920361650723,21.250617755782706],[-89.79174736529437,21.250622541771627],[-89.7917490666895,21.25071278722966],[-89.79165280061578,21.250714383093452],[-89.79165450194861,21.250804628557294],[-89.79155823492592,21.250806223380415],[-89.79155993611414,21.25089646975414],[-89.7913674028971,21.25089965929817],[-89.79136910395839,21.250989905678843],[-89.79127283776404,21.250991500399707],[-89.79127453876303,21.251081746786163],[-89.7910820052739,21.25108493597131],[-89.791083706146,21.251175182364733],[-89.79050610418945,21.251184749300318],[-89.79050440362262,21.251094503804126],[-89.79031186913251,21.251097691942952],[-89.79031016877947,21.251007445544932],[-89.78992510091237,21.251013822072387],[-89.7899234007377,21.25092357657854],[-89.78982713360924,21.25092517031251],[-89.789828833637,21.25101541671162],[-89.78973256740612,21.251017010463315],[-89.78973426737156,21.251107256868202],[-89.78954173284491,21.251110444037838],[-89.7895434336479,21.251200690526808],[-89.78944716631659,21.25120228402192],[-89.78944886609283,21.251292530439546],[-89.78887126343348,21.251302092107608],[-89.78886956396252,21.251211846587196],[-89.78858076183145,21.25121662652287],[-89.78857906263887,21.251126380099517],[-89.78848279534935,21.251127972987774],[-89.78848109614134,21.251037727472003],[-89.78828856168457,21.251040913064397],[-89.78828686260803,21.25095066755097],[-89.7879980610172,21.250955446385916],[-89.78799636221906,21.250865199969546],[-89.78809262844415,21.25086360640639],[-89.78809092950138,21.250773360899935],[-89.78789839541393,21.25077654600085],[-89.78789669660262,21.25068630049673],[-89.78770416263525,21.25068948535304],[-89.78770586219949,21.250779731840705],[-89.78760959506549,21.25078132508329],[-89.78761299222498,21.250961817016417],[-89.78732419146844,21.250966595560588],[-89.78732588981667,21.25105684198966],[-89.78703708892809,21.251061619087984],[-89.78703878708481,21.25115186552515],[-89.78684625234811,21.251155050206723],[-89.78684795134237,21.251245296727973],[-89.7867516838648,21.251246889431076],[-89.78675508084885,21.251427381508506],[-89.78665881323987,21.251428974153317],[-89.78666390889794,21.25169971370236],[-89.78676017670078,21.25169812105403],[-89.78676357362524,21.251878614081853],[-89.786859841555,21.251877021370678],[-89.78686153960305,21.251967267851793],[-89.78715034348997,21.25196249025539],[-89.7871520417341,21.25205273673769],[-89.78724830970161,21.252051144686007],[-89.78725000897701,21.252141391248998],[-89.7873462761247,21.25213979815424],[-89.78734797546704,21.25223004472067],[-89.78744424364143,21.25222845164146],[-89.78745103944543,21.252589436890357],[-89.78735477101259,21.252591029974173],[-89.78735986819852,21.2528617687755],[-89.78745613674279,21.25286017659233],[-89.78745783528584,21.25295042221334],[-89.78765037257911,21.25294723675881],[-89.78765207117131,21.253037483286278],[-89.78774833992033,21.253035890014935],[-89.78775173820517,21.25321638315858],[-89.7878480070811,21.253214789824398],[-89.78785310528387,21.25348552870558],[-89.78804564236961,21.253482342675465],[-89.78804734219837,21.25357258930327],[-89.78823987948653,21.253569402124437],[-89.78824157944675,21.253659648754535],[-89.78833784758747,21.253658055938658],[-89.78833954769685,21.25374830166813],[-89.78795447172165,21.253754675053724],[-89.78795277291738,21.25366442849269],[-89.7878565037208,21.253666021893235],[-89.78785480401898,21.25357577525854],[-89.78766226679492,21.253578961048635],[-89.78765886853861,21.25339846876976],[-89.7875625996113,21.253400061081006],[-89.78756090099226,21.253309815438005],[-89.78746463212721,21.253311407687526],[-89.78746293261064,21.253221161970842],[-89.78727039588505,21.253224347267118],[-89.78726869658229,21.25313410064867],[-89.78707615997683,21.25313728570037],[-89.78707785818594,21.253227532244004],[-89.78698158929183,21.253229125093586],[-89.78697989114725,21.25313887854882],[-89.78688362231547,21.253140471336685],[-89.78688532144217,21.253230717055676],[-89.7867890525435,21.25323230978415],[-89.78678735356365,21.253142063159892],[-89.78659481685307,21.253145248509973],[-89.78659311800472,21.253055001888068],[-89.78649684931074,21.253056593528378],[-89.78649515141139,21.25296634789123],[-89.78639888277965,21.25296793946979],[-89.78639548527046,21.25278744714863],[-89.7859141434412,21.252795406910927],[-89.78591074763392,21.25261491376983],[-89.78581447916459,21.25261650588449],[-89.78581278084668,21.252526259281115],[-89.78571651243973,21.25252785133402],[-89.78571311690443,21.252347358216124],[-89.7856168486244,21.25234895020614],[-89.78561515044254,21.252258703614366],[-89.78551888318921,21.252260295619863],[-89.78551718507424,21.252170049031577],[-89.78532464884348,21.2521732318001],[-89.78532125384322,21.25199273870995],[-89.78512871786168,21.2519959212316],[-89.78512702001193,21.25190567465257],[-89.78483821609287,21.2519104493334],[-89.78483482175224,21.251729956259542],[-89.78444975050967,21.251736319835157],[-89.7844514469382,21.25182656633576],[-89.78435517901613,21.251828157531452],[-89.78435687634673,21.251918404114996],[-89.78416434036649,21.251921586326908],[-89.78416603757024,21.25201183291743],[-89.78406976951213,21.25201342393369],[-89.78407146568912,21.252103670452748],[-89.78397519764641,21.25210526050548],[-89.78397689472554,21.252195507107544],[-89.78368809014306,21.252200279617984],[-89.78368639325772,21.25211003301246],[-89.7833975889308,21.252114804070192],[-89.78339928562234,21.25220505067914],[-89.78330301741681,21.252206641213107],[-89.78330810634675,21.25247738099398],[-89.78321183794516,21.252478971470815],[-89.78321523109025,21.25265946473502],[-89.78311896255718,21.25266105515354],[-89.78312744417244,21.25311228832359],[-89.7832237130285,21.25311069789927],[-89.78323049939166,21.253471684575736],[-89.78332676850393,21.253470094086328],[-89.7833250718451,21.253379847411377],[-89.78342134080806,21.253378257766627],[-89.78342473433953,21.253558750214665],[-89.78361727259946,21.253555569834674],[-89.78362066631601,21.253736063200755],[-89.78371693561297,21.25373447246552],[-89.78371863253923,21.253824719154327],[-89.78381490189851,21.25382312835743],[-89.78381659792724,21.253913374972495],[-89.78391286734877,21.253911784113853],[-89.78391456440886,21.25400203080961],[-89.78401083389278,21.254000439889207],[-89.78401422823127,21.25418093238822],[-89.78411049784204,21.25417934140496],[-89.78411219503816,21.254269588112287],[-89.78420846471133,21.2542679970673],[-89.78421016197427,21.254358243778157],[-89.78449897012699,21.254353471103197],[-89.78449727267018,21.254263224395793],[-89.78478608165543,21.25425845035219],[-89.78478777930597,21.254348697056106],[-89.78469150958195,21.254350288465726],[-89.78469320717022,21.254440535175423],[-89.7845969374616,21.254442125621466],[-89.78459863498756,21.254532372336946],[-89.78402101677096,21.25454191924998],[-89.78402441105445,21.25472241270855],[-89.7843132200784,21.254717639479164],[-89.7843149174174,21.25480788621193],[-89.78421864744125,21.25480947642032],[-89.78422034471794,21.254899723158875],[-89.78383526516741,21.254906087084752],[-89.78383696218796,21.25499633383257],[-89.78364442178759,21.254999515395756],[-89.78364611868122,21.25508976215044],[-89.78345357910693,21.255092943550856],[-89.78345697264261,21.255273437078696],[-89.78336070224061,21.25527502765174],[-89.78336239894728,21.25536527442377],[-89.78345866949623,21.25536368294548],[-89.78346545660396,21.25572467007522],[-89.78336918587895,21.25572626065396],[-89.78337088259701,21.255816507449094],[-89.78308207117907,21.25582127890261],[-89.78308376770559,21.255911525705802],[-89.78269868520326,21.25591788677458],[-89.78269698893514,21.25582763996677],[-89.78260071804503,21.255829230966214],[-89.78259902184381,21.255738984161894],[-89.78221393884827,21.25574534393276],[-89.78221224290772,21.25565509712846],[-89.78182716005179,21.255661456829607],[-89.78182207301911,21.255390716430625],[-89.78220715405297,21.255384357570186],[-89.78220545812161,21.255294110784366],[-89.78230172855086,21.255292520938262],[-89.7823034245469,21.255382767722946],[-89.78239969512084,21.25538117691101],[-89.78240139118377,21.255471423699156],[-89.78249766173766,21.25546983372956],[-89.78249596561022,21.255379586942606],[-89.78259223609723,21.25537799691361],[-89.7825905399074,21.255287750132396],[-89.78268681032762,21.255286160043948],[-89.78268511407545,21.255195913268487],[-89.78307019451053,21.25518955223648],[-89.78306340849107,21.25482856519931],[-89.78296713832069,21.25483015642842],[-89.7829654418861,21.254739909679518],[-89.7828691718604,21.254741499942764],[-89.7828674754927,21.25465125319733],[-89.78277120552924,21.25465284339885],[-89.78276950922847,21.25456259665694],[-89.782576969424,21.254565776875932],[-89.78257527325465,21.254475530136315],[-89.78238273357027,21.254478710110746],[-89.7823810375324,21.254388463373452],[-89.78228476775145,21.254390053268637],[-89.78228307178044,21.254299806534807],[-89.7820905323408,21.25430298614117],[-89.7820922281826,21.25439323287728],[-89.78180341872988,21.254398002740043],[-89.78180172308195,21.254307756000514],[-89.78170545335185,21.254309345531066],[-89.78170375777083,21.254219098795023],[-89.78160748810303,21.254220688263857],[-89.78160409707691,21.254040194803334],[-89.78170036661541,21.25403860533671],[-89.78169867104113,21.253948358614526],[-89.78140986261252,21.253953126829064],[-89.781411557993,21.2540433735547],[-89.78112274935003,21.25404814122744],[-89.78112105319896,21.25395789442115],[-89.78102478371132,21.25395948352312],[-89.78102308859158,21.25386923679751],[-89.7809268191663,21.253870825837716],[-89.78092512411337,21.253780579115585],[-89.78111766283241,21.25377740097681],[-89.78111935801455,21.253867647696683],[-89.78131189685372,21.253864469313346],[-89.78131020154238,21.253774222595805],[-89.78140647089398,21.253772633314398],[-89.78140477552033,21.253682386602645],[-89.78169358441437,21.253677617571554],[-89.7816918888492,21.253587370867848],[-89.78178815806248,21.253585781346462],[-89.78178476680975,21.25340528795522],[-89.78101461302677,21.253418003238792],[-89.7810163081352,21.253508249941273],[-89.78092003896829,21.25350983897692],[-89.78091495296161,21.253239097898557],[-89.7808186839863,21.25324068687016],[-89.7808169890139,21.253150440179287],[-89.78062445118559,21.253153617938466],[-89.78062275634466,21.253063371249908],[-89.78043021767198,21.2530665486873],[-89.78042852296261,21.25297630200107],[-89.78052479175321,21.252974713275172],[-89.78051631799953,21.25252347901505],[-89.78090139281186,21.252517123606015],[-89.78089969779305,21.252426876953262],[-89.78118850392573,21.252422109783232],[-89.78118341838397,21.252151368958987],[-89.78127968657506,21.2521497797589],[-89.78126781991111,21.251518051640623],[-89.78078648022955,21.251525996918126],[-89.78078817516098,21.251616243525703],[-89.78069190638173,21.251617832338876],[-89.78068851665039,21.251437339126063],[-89.78078478530045,21.251435750315213],[-89.78078309045594,21.25134550281277],[-89.78087935807466,21.25134391386527],[-89.7808776630855,21.251253667272767],[-89.78097393063737,21.251252078265825],[-89.78097223655028,21.25116183175629],[-89.78116477151805,21.25115865356301],[-89.7811630763396,21.251068406983222],[-89.78125934471996,21.251066817874094],[-89.78125764947917,21.250976571300047],[-89.78135391682814,21.25097498205423],[-89.78135222160748,21.250884734581895],[-89.78154475705148,21.250881556892207],[-89.78154645248377,21.250971803458157],[-89.78231659300388,21.250959087400584],[-89.78231489705487,21.250868840843804],[-89.78260369979056,21.250864071006436],[-89.78260200364997,21.250773824457756],[-89.78279453794121,21.250770645118223],[-89.78279284175608,21.25068039767238],[-89.78288910975697,21.250678808442174],[-89.78288571718195,21.25049831447075],[-89.78298198408694,21.250496725105062],[-89.78297180787553,21.24995524436746],[-89.78354940919021,21.249945703480552],[-89.78355110499184,21.250035949898844],[-89.78364737155785,21.25003436011488],[-89.7836490683908,21.25012460661384],[-89.78384160180994,21.250121425053663],[-89.78383990581224,21.250031178634213],[-89.78393617237148,21.250029588668525],[-89.78392768928323,21.249578355510756],[-89.78383142304703,21.2495799454707],[-89.78382802915239,21.24939945253762],[-89.7833466973716,21.249407404052363],[-89.78334330517886,21.249226910299473],[-89.78324703910499,21.24922850079544],[-89.78324534263554,21.24913825343414],[-89.78305280964582,21.249141434164926],[-89.78304941785427,21.248960940432934],[-89.78295315196739,21.24896253074381],[-89.7829514556986,21.248872283392927],[-89.78285518987397,21.248873873642044],[-89.78285349358976,21.24878362719881],[-89.78275722790983,21.248785216482098],[-89.78275553169239,21.248694970042344],[-89.78265926599248,21.248696560167982],[-89.78265756992428,21.248606312827647],[-89.78246503776468,21.248609491913633],[-89.7824616466933,21.24842899912761],[-89.78207658286354,21.248435356563558],[-89.78207488807185,21.24834511021152],[-89.7816898244641,21.248351466673682],[-89.78168812896861,21.248261220244476],[-89.78034040671204,21.248283462925976],[-89.78033871220553,21.248193215581196],[-89.78014618050037,21.24819639265228],[-89.78014787496,21.24828663909524],[-89.77985907670917,21.248291404212402],[-89.77986077097728,21.248381650663454],[-89.77937944051223,21.248389591345344],[-89.77938113445964,21.248479837806737],[-89.7788998027327,21.24848777599871],[-89.77890149627709,21.24857802337456],[-89.77861269735618,21.248582786139714],[-89.77861439079136,21.248673032619564],[-89.77832559165627,21.2486777948429],[-89.77832728481755,21.24876804223496],[-89.77803848546814,21.248772803916612],[-89.77804017852038,21.248863050412627],[-89.77765511210951,21.24886939845228],[-89.77765680482325,21.248959645861653],[-89.77679040540777,21.248973925475482],[-89.77679209754233,21.249064172899775],[-89.77640703049653,21.24907051779873],[-89.77640872237505,21.249160765232293],[-89.77631245530225,21.249162351287417],[-89.77631076340593,21.24907210475682],[-89.77611823034705,21.249075276760326],[-89.77611992203177,21.249165524197302],[-89.77592738787024,21.24916869588358],[-89.775929079428,21.249258943327458],[-89.77564027893924,21.249263700483212],[-89.77564197030553,21.249353947935184],[-89.77544943586291,21.249357119020253],[-89.77545112806662,21.249447366556463],[-89.77496979151488,21.249455294118913],[-89.77497148339789,21.249545541665412],[-89.77439388005422,21.24955505264476],[-89.77439557058756,21.249645300125515],[-89.77420303561584,21.249648470546656],[-89.77420472602225,21.24973871803435],[-89.774108459474,21.249740302780406],[-89.77410676816783,21.249650055214257],[-89.7739142331825,21.249653225271928],[-89.77391761457443,21.249833720336145],[-89.77382134699033,21.249835304824312],[-89.77382303810732,21.24992555240319],[-89.77372677045643,21.24992713683194],[-89.77373184169828,21.25019787944516],[-89.77353930591961,21.250201049031983],[-89.77354099596987,21.250291295651422],[-89.77334846101738,21.250294465075445],[-89.77335015085828,21.250384712606],[-89.77296507873886,21.250391050577218],[-89.77296676928802,21.250481298194163],[-89.7726779650221,21.25048605058792],[-89.77267965537972,21.250576298212952],[-89.77248711903444,21.25057946647626],[-89.77248880830075,21.250669714030934],[-89.7722000045776,21.25067446560022],[-89.77220169365232,21.25076471316295],[-89.77200915702595,21.250767880825073],[-89.77200746808036,21.250677633260025],[-89.77191119978716,21.25067921745111],[-89.77191457851579,21.250859712665406],[-89.77181831017356,21.250861295894143],[-89.77182168878207,21.251041791129243],[-89.77162915174996,21.251044958313603],[-89.77163084141061,21.251135205979054],[-89.77143830424023,21.25113837292339],[-89.7714399928095,21.251228620518475],[-89.7712474563829,21.251231788204183],[-89.77125083431677,21.251412282585996],[-89.77115456548863,21.251413866301647],[-89.77115625387091,21.25150411391404],[-89.7710599849759,21.251505697570277],[-89.77106167426037,21.25159594526572],[-89.77058032959314,21.251603860835655],[-89.7705820185568,21.25169410854151],[-89.77048574951898,21.251695691836535],[-89.7704874384203,21.25178593954813],[-89.77039116939807,21.251787521879617],[-89.77039285823713,21.251877769597],[-89.77000778161973,21.251884101034154],[-89.77000946923815,21.25197434868344],[-89.76981693074546,21.251977514492946],[-89.76981861920139,21.252067762226403],[-89.76943354201279,21.25207409221888],[-89.76943523021265,21.25216433996158],[-89.76933896082464,21.252165922535433],[-89.76934064896211,21.252256170283914],[-89.76924437958967,21.25225775189422],[-89.76924606766478,21.252347999648478],[-89.76905352861904,21.25235116449787],[-89.76905521560285,21.252441412181714],[-89.76838132850145,21.252452486350286],[-89.76838301599977,21.25254273412408],[-89.76790166762031,21.25255064307872],[-89.76790335479791,21.252640890862864],[-89.76771081530106,21.252644054022937],[-89.76771250235169,21.252734301813984],[-89.7675199617522,21.252737464656793],[-89.76752164867581,21.252827712454746],[-89.76655894875411,21.252843523354567],[-89.766560635034,21.252933771168614],[-89.76636809500373,21.252936933543484],[-89.76636978115675,21.25302718136446],[-89.76598470097554,21.25303350358366],[-89.76598638687234,21.253123751413806],[-89.76550503522496,21.253131653657338],[-89.76550334965117,21.25304140582154],[-89.76492572723218,21.25305088626515],[-89.76492741241839,21.253141134107857],[-89.76444606064655,21.253149033019646],[-89.76444437578337,21.2530587851712],[-89.76425183464227,21.253061943901567],[-89.76425014991057,21.25297169605552],[-89.76396133877554,21.252976434636018],[-89.76396302427798,21.253066682562856],[-89.76357794185913,21.253072999473776],[-89.7635762575796,21.252982751619736],[-89.76299863519431,21.252992225691333],[-89.76300031908622,21.253082473552226],[-89.76290404896514,21.253084052077714],[-89.76290236513776,21.252993804215635],[-89.7626135529434,21.25299854017459],[-89.76261186939468,21.252908291409664],[-89.76232305825565,21.252913027801387],[-89.7623213739385,21.252822778960315],[-89.76174375215211,21.252832248293185],[-89.76174206814228,21.252742000353997],[-89.76106817570958,21.252753045695886],[-89.76106649320126,21.25266279692661],[-89.76039260014561,21.252673839214868],[-89.76039091704479,21.252583591268973],[-89.75990956499143,21.252591476654477],[-89.75991124768679,21.25268172551017],[-89.75923735339445,21.252692763536682],[-89.7592390357223,21.252783011500828],[-89.7584688708181,21.252795623205408],[-89.75847055158444,21.25288587201007],[-89.75798919825381,21.25289375225901],[-89.75799087966382,21.252984001151383],[-89.75779833743154,21.25298715258649],[-89.75779665615072,21.252896903691827],[-89.75760411492041,21.25290005586377],[-89.75760579615462,21.252990303856564],[-89.75741325382174,21.252993455711124],[-89.75741493484641,21.25308370461497],[-89.75731866369449,21.25308527954843],[-89.75732034465682,21.25317552845805],[-89.75741661595583,21.253173952619367],[-89.75741829602065,21.253264201455092],[-89.75732202562139,21.25326577737227],[-89.75732370570636,21.25335602530965],[-89.75722743524031,21.25335760116743],[-89.75722911518034,21.253447850014698],[-89.7569403017285,21.253452576169064],[-89.75694198244142,21.25354282510173],[-89.75684571087268,21.25354440064208],[-89.7568473916058,21.2536346486764],[-89.75665484929681,21.253637799655024],[-89.75665652885607,21.253728048522966],[-89.75617517232136,21.253735923972275],[-89.7561768525243,21.253826172927944],[-89.75588803725825,21.25383089701952],[-89.75588971726962,21.253921145983252],[-89.75608226096676,21.253917996044425],[-89.75608394110955,21.25400824501045],[-89.7565652986246,21.254000369846985],[-89.75656697909264,21.25409061881198],[-89.75666325105574,21.254089043446527],[-89.75666661124598,21.254269540406618],[-89.75628152479199,21.254275841668772],[-89.75628320419113,21.254366089669606],[-89.75618693298956,21.254367664873474],[-89.7561886132083,21.254457913861547],[-89.7562848844744,21.25445633865646],[-89.7562865647599,21.25454658764801],[-89.75619029342921,21.25454816285421],[-89.75619197277052,21.254638410869994],[-89.75551806811787,21.254649435238253],[-89.75552142774913,21.254829932358547],[-89.75523261118569,21.25483465619697],[-89.75523093160406,21.254744407179068],[-89.75513465915489,21.254745981643783],[-89.75513297955756,21.25465573353345],[-89.75532552432445,21.25465258454568],[-89.75532048540596,21.25438183753698],[-89.7554167575922,21.254380262955657],[-89.7554150778101,21.254290014867202],[-89.75570389319705,21.25428529068577],[-89.75570053341698,21.25410479272147],[-89.75560426239576,21.254106367558496],[-89.7556025824912,21.254016119486202],[-89.75512122389895,21.25402399154341],[-89.75512290339802,21.254114240525478],[-89.75493035939736,21.254117389257235],[-89.75493203876941,21.25420763824618],[-89.75473949463051,21.254210786737936],[-89.75474117395814,21.254301034829705],[-89.75464490182071,21.254302608985835],[-89.75464658100353,21.254392857987437],[-89.75455030976363,21.25439443216154],[-89.75454863064549,21.2543041831588],[-89.75425981413038,21.254308905986075],[-89.75426149313724,21.254399154088127],[-89.75416522092392,21.25440072794251],[-89.75416689978597,21.254490976954475],[-89.7540706284702,21.2544925508268],[-89.75406894870838,21.254402301736345],[-89.75378013293009,21.25440702373574],[-89.7537818116162,21.254497271848113],[-89.75368553924447,21.254498846304845],[-89.75368721786829,21.254589094422982],[-89.75359094551226,21.254590667916197],[-89.75358926695303,21.254500419796887],[-89.75291536181439,21.254511432622323],[-89.75291368379229,21.254421183595607],[-89.75281741146486,21.25442275750599],[-89.75281573350952,21.254332508482754],[-89.75262318914227,21.254335654311273],[-89.75262486696839,21.254425903336774],[-89.75252859471678,21.254427476161304],[-89.7525302724805,21.2545177251926],[-89.7523377278413,21.254520870662198],[-89.7523360502068,21.254430621628632],[-89.75204723334231,21.254435340279386],[-89.75204891078306,21.254525589316344],[-89.75147127668833,21.25453502408489],[-89.7514729547081,21.254625273210646],[-89.75137668230026,21.254626845310522],[-89.7513750043451,21.25453659618359],[-89.75118245956929,21.254539741103397],[-89.75118413643078,21.25462999015519],[-89.7507990466763,21.254636278368277],[-89.75080240085366,21.25481677657223],[-89.75070612830085,21.25481834825028],[-89.75070780484607,21.25490859732166],[-89.75051525952189,21.25491174140242],[-89.75051861332518,21.255092239640952],[-89.75032606773361,21.255095383483944],[-89.75032774402715,21.255185632573703],[-89.75003892547036,21.255190347435196],[-89.75004060157235,21.25528059653298],[-89.74955923691546,21.255288453730913],[-89.74956091269674,21.25537870283901],[-89.74936836667243,21.255381845477203],[-89.74937004329121,21.25547209466963],[-89.74879240381242,21.255481521059707],[-89.74879407908128,21.25557177018612],[-89.74840898643497,21.255578053290694],[-89.74841066144765,21.255668302426297],[-89.74821811498178,21.25567144361741],[-89.74821644009832,21.255581194479525],[-89.74812016592087,21.255582765357683],[-89.74812184170419,21.255673014574132],[-89.74783302194048,21.255677726176707],[-89.74783469656778,21.25576797532373],[-89.74773842329917,21.255769545135138],[-89.74774009882859,21.255859794365378],[-89.74745127768585,21.255864505170376],[-89.7474529530237,21.2559547544086],[-89.74735667856982,21.255956324806633],[-89.7473583538453,21.256046574050647],[-89.74716580673052,21.25604971482215],[-89.74717418056673,21.25650096096787],[-89.74707790668293,21.256502531268406],[-89.74707958177808,21.256592780543503],[-89.74698330686296,21.256594350707175],[-89.74698498189576,21.256684599988056],[-89.74688870787826,21.25668617016969],[-89.74689205685691,21.25686666867012],[-89.74679578270793,21.256868238793437],[-89.74679745761826,21.25695848809048],[-89.74670118340244,21.256960058154373],[-89.74670453213622,21.257140556687062],[-89.74660825778894,21.25714212669263],[-89.74661328119478,21.257412874568438],[-89.74651700665142,21.257414444516808],[-89.74651868138143,21.25750469384494],[-89.74632613215873,21.257507833562276],[-89.74632780676176,21.257598082897246],[-89.74594270714911,21.257604360627994],[-89.74594438149596,21.257694609972148],[-89.74584810674304,21.257696179499874],[-89.74584978102759,21.257786428849784],[-89.74575350524334,21.25778799824065],[-89.74575517946546,21.257878247596317],[-89.74556262968996,21.257881386353414],[-89.74556765198217,21.258152134454857],[-89.74527882575612,21.25815684206893],[-89.74528049966416,21.258247091448723],[-89.74518422450787,21.25824866055921],[-89.74518589835358,21.258338909944715],[-89.74480079648298,21.25834518570795],[-89.7448024700725,21.2584354351026],[-89.74470619477576,21.258437003912437],[-89.7447078682203,21.25852725421699],[-89.74461159285671,21.258528822967403],[-89.74461661325792,21.258799571199784],[-89.74452033769822,21.258801139892984],[-89.74452201110516,21.258891389314154],[-89.74461828672943,21.258889820619807],[-89.74462498055546,21.25925081925017],[-89.74452870467272,21.259252387949033],[-89.74453372493397,21.259523136295563],[-89.74443744885517,21.259524704937277],[-89.74443912221545,21.259614954396465],[-89.7443428460698,21.25961652297871],[-89.7443512134638,21.26006777133109],[-89.74444748993251,21.260066202743225],[-89.7444508366823,21.26024670172157],[-89.74435456008437,21.260248270311752],[-89.74436125335257,21.26060926832832],[-89.74426497649394,21.26061083686244],[-89.74427334377108,21.261062084570025],[-89.74417706650452,21.261063653953325],[-89.74418208708974,21.26133440266756],[-89.74408580970974,21.26133597108959],[-89.74409083012134,21.26160671984871],[-89.74399455254526,21.261608288213527],[-89.74399622563416,21.261698537784426],[-89.74389994799122,21.261700106089847],[-89.74390831411093,21.262151354096584],[-89.74381203614267,21.26215292234708],[-89.74381538305578,21.262333421630718],[-89.74371910487343,21.262334990726956],[-89.74372245174884,21.26251548912725],[-89.74362617343503,21.262517058165198],[-89.74362784628795,21.26260730778671],[-89.7435315679899,21.262608875861115],[-89.74353324174497,21.26269912556577],[-89.74334068493027,21.262702262439216],[-89.74334235759386,21.26279251207332],[-89.74305352220246,21.26279721648041],[-89.74305519563896,21.2628874662],[-89.74286263854336,21.262890602472062],[-89.74286431088838,21.262980852121043],[-89.74267175365456,21.2629839881531],[-89.74267509914002,21.26316448664273],[-89.74248254163876,21.263167622436967],[-89.74248421469656,21.26325787218173],[-89.74229165705712,21.263261007735938],[-89.74228998412853,21.263170757988863],[-89.74219370532873,21.263172326125986],[-89.7421953781927,21.263262575874172],[-89.74200282053977,21.26326571106485],[-89.74200449231225,21.263355960742444],[-89.74190821345913,21.263357527795975],[-89.7419115578461,21.263538027244664],[-89.74171900075646,21.263541162156116],[-89.74172067234181,21.263631411850895],[-89.74162439320548,21.263632979630138],[-89.74162606569298,21.26372322940814],[-89.74143350736699,21.2637263638831],[-89.741435178763,21.263816613590503],[-89.7413388994907,21.263818181190313],[-89.74134057178885,21.2639084309809],[-89.74124429253234,21.263909997617134],[-89.74124596380362,21.264000247335993],[-89.74114968439758,21.264001814816904],[-89.74115135657101,21.264092064618957],[-89.74095879770566,21.264095198497163],[-89.7409604697521,21.264185448306105],[-89.74067163120205,21.26419014912441],[-89.74067330209238,21.264280398863868],[-89.74057702247904,21.26428196598465],[-89.7405786942715,21.264372215807352],[-89.74048241467398,21.264373781964547],[-89.740484086404,21.26446403179294],[-89.74009896748498,21.26447029853284],[-89.74009729601342,21.264380048699902],[-89.73971217731696,21.264386314465906],[-89.73971050610602,21.26429606463307],[-89.73951794683224,21.264299197602327],[-89.73951627575276,21.26420894777182],[-89.73941999625977,21.264210513260384],[-89.73941832524716,21.264120263433337],[-89.7391294867006,21.26412496224432],[-89.73912781596674,21.26403471151438],[-89.73903153651136,21.264036277662424],[-89.73902986576168,21.26394602784007],[-89.73883730697341,21.26394915995208],[-89.73883563643787,21.263858909227967],[-89.73845051909286,21.263865172720525],[-89.7384488488181,21.263774921996472],[-89.73777489198393,21.263785879708955],[-89.73777656188913,21.263876129536836],[-89.73748772380974,21.26388082524784],[-89.73748939255881,21.263971075006168],[-89.73729683369878,21.26397420517951],[-89.73729850328539,21.26406445502224],[-89.73672082433478,21.264073843940015],[-89.73672249353595,21.264164093794104],[-89.73643365383654,21.264168787438496],[-89.7364353228461,21.264259037300583],[-89.73614648389722,21.264263730480597],[-89.73614815175065,21.264353980273185],[-89.73595559231096,21.264357108759164],[-89.73595726091924,21.264447359540238],[-89.73557214078998,21.264453615712252],[-89.73557380922473,21.26454386559833],[-89.73538124853516,21.264546993284338],[-89.73538458507018,21.264727493978917],[-89.73528830507506,21.264729057772044],[-89.73528997332268,21.264819307675296],[-89.735097412232,21.264822435004568],[-89.73509908026995,21.264912685818782],[-89.73500280013889,21.264914249432437],[-89.73500947326711,21.265275250105073],[-89.7349131919109,21.265276813585093],[-89.73491485983074,21.265367064424584],[-89.73481857937213,21.265368627922662],[-89.73482024731234,21.265458877863846],[-89.73472396678687,21.265460441302466],[-89.73472730246212,21.26564094210484],[-89.73463102180517,21.265642505485157],[-89.73463268962287,21.26573275544234],[-89.73444012809036,21.26573588292759],[-89.73444179578107,21.265826132891615],[-89.73434551498818,21.265827696092476],[-89.73434384639755,21.26573744604982],[-89.73405500315205,21.265742136112006],[-89.73405833898332,21.265922636131215],[-89.73386577620093,21.265925762816433],[-89.73386744447289,21.266016012873944],[-89.73377116257289,21.266017575636006],[-89.73377282973522,21.26610782652579],[-89.73348398663855,21.266112515588496],[-89.73348565369207,21.266202765582186],[-89.73338937165379,21.266204328104205],[-89.73339103952674,21.26629457908524],[-89.73329475742162,21.266296141547738],[-89.73329642531489,21.266386391630395],[-89.73310386185051,21.266389517357585],[-89.73310552865226,21.266479767369546],[-89.73300924729301,21.266481330634182],[-89.73301091499684,21.266571580729437],[-89.73281835126062,21.2665747060976],[-89.73282001787294,21.266664956122185],[-89.73253117258156,21.266669643310145],[-89.73253283988409,21.26675989432427],[-89.73243655743572,21.26676145624719],[-89.73243822475864,21.266851706362978],[-89.7322456606078,21.266854831010857],[-89.73224732675646,21.266945081960124],[-89.7321510451367,21.266946643780987],[-89.7321527113057,21.267036893831868],[-89.73196014784749,21.26704001819829],[-89.7319618138068,21.26713026916012],[-89.73148040291132,21.267138078414366],[-89.7314820695143,21.26722832946395],[-89.73119322296576,21.26723301412756],[-89.73119488841259,21.267323265107564],[-89.73100232355739,21.267326388191517],[-89.73099899187719,21.267145887058113],[-89.73090271009909,21.26714744809366],[-89.73090437534984,21.267237699072464],[-89.73032668206946,21.267247066577376],[-89.73032501615918,21.267156816418375],[-89.72993988687628,21.26716306015371],[-89.72994155244537,21.26725331122135],[-89.72984526961352,21.267254871513988],[-89.72984360499088,21.267164621426893],[-89.7296510403316,21.26716774280987],[-89.72964937487589,21.267077492647566],[-89.72936052850487,21.26708217475505],[-89.72935886332803,21.26699192368986],[-89.72849232274686,21.267005966575447],[-89.72849065807102,21.266915716408786],[-89.72772039955063,21.266928195404425],[-89.72771873547671,21.26683794432929],[-89.72752617123606,21.266841063037464],[-89.72752450721087,21.266750812868683],[-89.72742822462816,21.26675237254406],[-89.7274265617171,21.2666621215522],[-89.72704143266965,21.26666835881662],[-89.72704309628678,21.266758609890484],[-89.72694681377563,21.266760168358797],[-89.72694515014038,21.266669918187898],[-89.72684886760888,21.26667147749858],[-89.72684720508782,21.266581226504577],[-89.72655835775649,21.266585903165655],[-89.72655669543144,21.266495652172907],[-89.72636413060687,21.2664987702445],[-89.72636579376713,21.266589021317053],[-89.7261732288044,21.266592139148532],[-89.7261748919204,21.26668238932385],[-89.725982327784,21.266685506992776],[-89.7259839897258,21.26677575800147],[-89.7257914254512,21.26677887543035],[-89.7257897626741,21.266688624341825],[-89.7256934801158,21.266690182925462],[-89.72569181740563,21.266599931840425],[-89.72530668845583,21.266606164738064],[-89.72530170103134,21.26633541240111],[-89.72472400817927,21.266344760322937],[-89.7247223460414,21.266254510149118],[-89.72462606386436,21.266256067156558],[-89.72462273980737,21.26607556591641],[-89.72443017658689,21.26607868072671],[-89.72442851464965,21.26598843056332],[-89.72413966850789,21.26599310265669],[-89.7241413301686,21.266083353727577],[-89.7240450480247,21.266084911273335],[-89.72405003282631,21.2663556645169],[-89.72414631516409,21.266354106967785],[-89.72414963850555,21.266534609150874],[-89.72386079109782,21.266539281623352],[-89.72385912961987,21.26644903052609],[-89.72376284721079,21.26645058789459],[-89.72376118579962,21.266360336800847],[-89.723664903453,21.26636189410764],[-89.72366324210867,21.26627164301738],[-89.7234706775379,21.26627475744695],[-89.72346901632504,21.266184506358996],[-89.72327645187453,21.266187620544002],[-89.72327312971404,21.26600711837742],[-89.72317684761467,21.266008675376767],[-89.72317518660243,21.26591842429925],[-89.72298262252623,21.265921538113993],[-89.72298096164546,21.265831287038804],[-89.72278839768957,21.265834400608902],[-89.72278673694018,21.2657441495361],[-89.72259417214018,21.26574726278403],[-89.72259251152228,21.265657011713564],[-89.72249622966582,21.26565856828431],[-89.72249456911474,21.26556831721728],[-89.72230200552428,21.265571430174802],[-89.7223036659461,21.265661681244058],[-89.72211110221747,21.26566479396148],[-89.72211276251231,21.265755045037555],[-89.72201648049726,21.26575660221062],[-89.72202146120118,21.266027355469877],[-89.7221177433273,21.26602579919761],[-89.72211940363105,21.266116050292066],[-89.7222156858195,21.266114493958057],[-89.72221734715461,21.266204745133596],[-89.72212106393695,21.266206301391172],[-89.72212438552003,21.26638680368074],[-89.72193182074867,21.266389916173775],[-89.72193348093204,21.266480167288922],[-89.72174091593973,21.26648328044595],[-89.72174257599607,21.266573531567914],[-89.72164629347331,21.26657508760466],[-89.72165127346202,21.266845841001494],[-89.72184383889302,21.266842728860766],[-89.72184549902288,21.266932979999986],[-89.72223063019939,21.26692675408281],[-89.72223395194737,21.26710725644363],[-89.72213766904804,21.267108812790074],[-89.72213932937849,21.267199063939707],[-89.72204304641237,21.267200620226635],[-89.7220447066804,21.26729087138202],[-89.7219484235646,21.267292428513585],[-89.72195008377032,21.267382679674647],[-89.72175751756835,21.26738579195011],[-89.72175917861159,21.267476043195597],[-89.72166289544263,21.267477599243545],[-89.7216612344641,21.267387347996927],[-89.72146866816597,21.267390460812923],[-89.72146700828335,21.267300209646205],[-89.72069674368437,21.26731265666955],[-89.72069176471915,21.26704190218834],[-89.720595481766,21.267043458468343],[-89.72059382150934,21.266953207232277],[-89.72069010439787,21.266951650953423],[-89.72068014733985,21.266410144028423],[-89.72096899466331,21.266405476656804],[-89.7209673351283,21.266315225535028],[-89.7210636174728,21.266313669925776],[-89.72106195795824,21.266223417905678],[-89.72115824023582,21.26622186223693],[-89.7211565805761,21.266131611126614],[-89.72125286278691,21.26613005539846],[-89.72125120306474,21.266039804293833],[-89.72134748520872,21.266038248506216],[-89.72134416572464,21.265857745408944],[-89.72153672974734,21.265854633656406],[-89.72153506983807,21.26576438256898],[-89.72172763468711,21.265761270653957],[-89.72172597368632,21.265671019495734],[-89.72182225652512,21.265669463487246],[-89.7218205955447,21.26557921143072],[-89.72191687831663,21.265577655362794],[-89.72191521815559,21.2654874042936],[-89.72210778163459,21.265484291823075],[-89.72210612134651,21.265394040760732],[-89.7227800939651,21.265383145290734],[-89.72277511183994,21.265112391250884],[-89.72296767467918,21.265109278602832],[-89.72297099640735,21.26528978068426],[-89.72287471481823,21.26529133749288],[-89.7228796972334,21.265562090652796],[-89.72297597901637,21.265560533840805],[-89.72297763989044,21.265650784902196],[-89.72307392173582,21.265649228028547],[-89.72307558267681,21.26573947909338],[-89.72326814649001,21.265736365162017],[-89.72327146863718,21.265916867301],[-89.72336775066964,21.265915310242182],[-89.72336941181119,21.26600556131743],[-89.72365825808916,21.26600088977408],[-89.72364829011043,21.265459383411603],[-89.72355200840768,21.265460940646573],[-89.72355034715028,21.265370689601145],[-89.72364662878842,21.265369132367287],[-89.72364496746863,21.26527888132757],[-89.7237412490399,21.265277324034265],[-89.72374457181087,21.265457826116045],[-89.72384085350916,21.265456268759948],[-89.72384583787624,21.265727021913712],[-89.72394211976614,21.265725464493585],[-89.72394378129087,21.26581571555298],[-89.7241363451932,21.2658126005287],[-89.72413468353918,21.26572234947166],[-89.72461609285011,21.26571456176053],[-89.72461276890266,21.26553405967141],[-89.72451648715759,21.265535617513397],[-89.72451150144693,21.265264864410817],[-89.72480034609386,21.265260190713313],[-89.72479536078626,21.26498943773983],[-89.72460279807824,21.26499255359202],[-89.72460113612127,21.264902302581977],[-89.72450485482854,21.264903860416016],[-89.72450319293834,21.264813609409458],[-89.724406911708,21.264815167181798],[-89.72440524988474,21.264724916178707],[-89.72430896871677,21.264726473889343],[-89.72430730696028,21.26463622288971],[-89.72421102593754,21.264637779634572],[-89.7242093642479,21.264547528638392],[-89.7241130832047,21.264549086225582],[-89.72411142254643,21.264458835310506],[-89.7237262977282,21.264465064067416],[-89.7237279590097,21.26455531596868],[-89.72334283486178,21.26456154383831],[-89.72334449596987,21.26465179484458],[-89.72267052706341,21.264662692796275],[-89.72267218772144,21.26475294381502],[-89.72228706191117,21.264759169854308],[-89.72228872231294,21.264849420882218],[-89.72190359620855,21.26485564595659],[-89.72190027592418,21.264675143896433],[-89.72180399476292,21.264676700030748],[-89.7218056548393,21.264766951059627],[-89.72122796647247,21.26477628652216],[-89.72122630678373,21.264686035486545],[-89.72093746228182,21.264690702357715],[-89.72093580278916,21.2646004513233],[-89.7207432395845,21.264603562239692],[-89.72074489894796,21.264693813276395],[-89.72055233648678,21.264696924934363],[-89.7205573142027,21.26496767807868],[-89.72046103281632,21.264969233368117],[-89.7204643510927,21.265149736393617],[-89.72036806957492,21.265151291624743],[-89.72036972869319,21.265241542693463],[-89.72027344702573,21.26524309876922],[-89.72027676513984,21.26542360092273],[-89.7201804834237,21.265425156036038],[-89.72018214233663,21.26551540802497],[-89.72008586055371,21.265516963078774],[-89.72008751948704,21.265607214169275],[-89.7199912376372,21.265608769163684],[-89.7199928965082,21.265699020259913],[-89.71980033162538,21.26570213089561],[-89.71980365008005,21.265882633183963],[-89.71961108492977,21.265885743581844],[-89.7196127445135,21.265975994773964],[-89.71951646142954,21.265977549392286],[-89.71951812086807,21.26606780149421],[-89.71942183771728,21.266069356053073],[-89.71942349717615,21.26615960725666],[-89.71923093162042,21.26616271717655],[-89.71923258998784,21.26625296830935],[-89.71904002525841,21.26625607806677],[-89.71904168349882,21.26634632920643],[-89.71875283527106,21.2663509928618],[-89.71875449428428,21.266441244087087],[-89.7186582107744,21.266442799069758],[-89.7186598697253,21.266533050300716],[-89.7184673036169,21.266536159260177],[-89.71846896244081,21.266626410498034],[-89.71827639619427,21.266629519217396],[-89.71827805392664,21.26671977038437],[-89.71818177125908,21.266721324241047],[-89.71818342981078,21.266811576395504],[-89.7179908632924,21.266814684755843],[-89.71799252083535,21.266904935935433],[-89.71789623803187,21.266906489612623],[-89.71790121232638,21.267177244241587],[-89.71770864527775,21.26718035224735],[-89.71771030263575,21.267270603448676],[-89.7171326029777,21.267279926173924],[-89.71713094504295,21.26718967488823],[-89.71693837795866,21.267192781924617],[-89.71693506340159,21.26701227853612],[-89.71683878042627,21.267013832452033],[-89.71683546600735,21.266833329079677],[-89.71625776720319,21.266842648421814],[-89.71626108084668,21.267023151807667],[-89.71577966410632,21.267030916697372],[-89.71577469409009,21.266760162021903],[-89.71558212758971,21.266763267350616],[-89.71558047070224,21.26667301607451],[-89.71548418803698,21.26667456823361],[-89.71548253121634,21.266584316961058],[-89.7152899649611,21.266587421921734],[-89.71528830931926,21.26649716982507],[-89.71509574310153,21.266500275445193],[-89.71509408662664,21.266410023273256],[-89.71499780406131,21.266411576030123],[-89.71499614765325,21.266321323861646],[-89.71480358176355,21.26632442820973],[-89.71480027009424,21.266143924863734],[-89.7147039867516,21.266145477357856],[-89.71470067522039,21.265964974028027],[-89.7142192612148,21.2659727339258],[-89.71421760533474,21.265882481771317],[-89.71363990938794,21.265891792050677],[-89.71363825381506,21.265801540798126],[-89.71334940552326,21.265806195077673],[-89.7133477502293,21.265715942922334],[-89.71277005397339,21.265725249838866],[-89.71277667273017,21.26608625753313],[-89.71287295605258,21.266084706251863],[-89.71287626504984,21.26626521053756],[-89.71306883098205,21.266262107711142],[-89.71307048609555,21.2663523598975],[-89.71316676960517,21.266350808431152],[-89.71316842478551,21.26644106062091],[-89.71326470739307,21.266439509015182],[-89.71326636264018,21.26652976120846],[-89.71336264627469,21.26652820961869],[-89.71336430070694,21.26661846083369],[-89.71346058432098,21.266616910086267],[-89.7134622397846,21.266707161382403],[-89.71355852249653,21.26670561049564],[-89.71356845449985,21.26724712099684],[-89.71337588716823,21.26725022445378],[-89.71337754258279,21.267340475783207],[-89.71308869089255,21.267345130478716],[-89.71308703575467,21.26725487824187]],[[-89.71256921583306,21.26527709251724],[-89.71247293308555,21.265278643606678],[-89.7124696246541,21.265098139413183],[-89.71218077686866,21.26510279140699],[-89.71217746875097,21.264922288129302],[-89.71208118633588,21.264923838067762],[-89.71207787835631,21.2647433348062],[-89.71178903131963,21.264747986059536],[-89.71178406959054,21.264477229796636],[-89.71159150522075,21.26448033092529],[-89.71158985208776,21.264390078896394],[-89.71149357004698,21.264391628464622],[-89.71149191601631,21.264301376361548],[-89.71110678784116,21.264307576736336],[-89.71110513503562,21.264217324711034],[-89.71023859707242,21.26423127222597],[-89.71023694388623,21.26414102011757],[-89.70994809799714,21.26414566879795],[-89.70994975098948,21.264235920909766],[-89.70985346895745,21.264237470349844],[-89.7098567738551,21.264417974511776],[-89.70995305698085,21.264416425147157],[-89.70995636201661,21.264596929325233],[-89.710052644305,21.264595379820136],[-89.71005429737303,21.26468563195378],[-89.71024686207227,21.26468253275947],[-89.71024520887498,21.264592280628065],[-89.71072662017835,21.26458453249166],[-89.7107282736987,21.26467478461751],[-89.7110171196503,21.26467013528929],[-89.71101877336673,21.264760387416345],[-89.71111505575993,21.264758837242468],[-89.71111670954322,21.264849089373016],[-89.71092414470831,21.26485218875829],[-89.71092745202314,21.265032693037693],[-89.71102373461234,21.265031142921107],[-89.71102538737323,21.265121394988924],[-89.71112167002488,21.265119844810553],[-89.71112663140813,21.26539060127122],[-89.71131919612792,21.26538750064842],[-89.71132085005598,21.26547775280894],[-89.71141713295945,21.26547620244437],[-89.71141878695437,21.265566454608322],[-89.7118039177571,21.265560253366107],[-89.71180557201271,21.265650505530214],[-89.71190185503431,21.265648954860445],[-89.71190516271697,21.265829459122553],[-89.71209772901194,21.265826357596804],[-89.71209276557397,21.265555602004838],[-89.71228533147233,21.265552500243462],[-89.71229029425068,21.26582325665511],[-89.71238657739039,21.26582170568018],[-89.71238988581098,21.266002209045404],[-89.71248616899483,21.266000658911697],[-89.712484514278,21.26591040673707],[-89.71258079747784,21.265908855639832],[-89.71256921583306,21.26527709251724]],[[-89.78998395994364,21.249026812752422],[-89.78988769417397,21.24902840652276],[-89.78988939518284,21.24911865290054],[-89.78979312934639,21.249120246611444],[-89.7897948293285,21.24921049291785],[-89.78969856342508,21.24921208656934],[-89.78970026334488,21.24930233288155],[-89.78960399737467,21.249303926473594],[-89.78960569723216,21.249394172791565],[-89.78941316611997,21.24939735987342],[-89.78941486585055,21.249487606198358],[-89.78922233355344,21.249490793867217],[-89.78922403323935,21.249581039294934],[-89.78903150176829,21.24958422680095],[-89.78903320124506,21.249674473139738],[-89.7889369350005,21.24967606631243],[-89.78893523558831,21.249585819972467],[-89.78883896940597,21.249587413083383],[-89.78884066875355,21.249677659424503],[-89.78826307202408,21.24968721871035],[-89.78826477098636,21.249777465063026],[-89.78807223824687,21.249780651284983],[-89.7880739370822,21.249870897644577],[-89.78788140525114,21.249874082799614],[-89.7878831039596,21.24996432916613],[-89.78730550488379,21.249973885665238],[-89.78730720425371,21.25006413121635],[-89.787114671081,21.250067316233785],[-89.78711976664103,21.25033805547987],[-89.78760110048344,21.2503300929168],[-89.78760279900952,21.250420339309983],[-89.78904679915252,21.250396443267274],[-89.78904509965749,21.250306196891387],[-89.78971896567124,21.2502950410449],[-89.78971726476188,21.25020479460453],[-89.79000606467919,21.2502000125262],[-89.79000776481787,21.25029025888594],[-89.79010403148952,21.250288665038912],[-89.79010573169509,21.250378911402148],[-89.79020199842913,21.250377317493363],[-89.79020539905864,21.250557809327304],[-89.79039793277816,21.250554621323445],[-89.79039963326669,21.250644866792967],[-89.79059216614182,21.250641678467375],[-89.79059046560641,21.250551432096003],[-89.79078299834323,21.250548243530442],[-89.79078129768091,21.250457997166023],[-89.79097383124385,21.250454808437603],[-89.79097212949017,21.250364562002947],[-89.79145346215248,21.250356588146335],[-89.7914551632647,21.25044683449807],[-89.79184022943532,21.250440454121524],[-89.7918419308082,21.250530700473274],[-89.7931896604052,21.2505083635745],[-89.79318795804569,21.250418118143013],[-89.79357302300511,21.25041173423223],[-89.79357132047178,21.250321487905836],[-89.7936675871236,21.250319891816446],[-89.79366588452795,21.250229645495903],[-89.79376215006607,21.250228050173998],[-89.79376044740813,21.25013780385925],[-89.79395297947741,21.250134611305015],[-89.79395127661029,21.250044365901314],[-89.7941438085413,21.250041173107117],[-89.79414210562955,21.249950926806253],[-89.79423837200918,21.249949330357957],[-89.79423666895285,21.24985908496703],[-89.79433293526566,21.24985748845933],[-89.79432952911293,21.249676996789496],[-89.79461832572115,21.249672206755694],[-89.79461662241329,21.249581961383228],[-89.79471288852311,21.249580364636742],[-89.79471118523522,21.249490118365944],[-89.79461492015437,21.249491715188423],[-89.79461321685106,21.249401469825266],[-89.79442068592961,21.2494046623049],[-89.79441898275779,21.249314416944063],[-89.79432271683491,21.249316013505407],[-89.79432101381224,21.249225767243903],[-89.79422474891602,21.249227363820633],[-89.79422304596025,21.24913711756262],[-89.79412678016197,21.249138714000463],[-89.79412337526864,21.24895822247734],[-89.79402710959718,21.248959818852263],[-89.7940151906247,21.2483280980144],[-89.79391892644985,21.248329693493748],[-89.7939155208916,21.248149201972307],[-89.793819255797,21.248150798215768],[-89.79381585142379,21.24797030588361],[-89.793719586456,21.24797190206421],[-89.79371788377293,21.24788165676949],[-89.79362161991426,21.247883252061335],[-89.79361821476643,21.247702760579394],[-89.79265556897182,21.247718716759337],[-89.79265727085752,21.247808962961585],[-89.79236847721718,21.247813749211133],[-89.79237017899369,21.247903994517397],[-89.79208138417457,21.24790878014815],[-89.79208308567726,21.247999026366532],[-89.79189055662171,21.248002216563638],[-89.79189225799753,21.24809246278903],[-89.79169972792147,21.24809565176493],[-89.79170142917037,21.24818589799724],[-89.79141263468645,21.248190682443482],[-89.7914160358391,21.248371174851826],[-89.79131977152029,21.248372769599847],[-89.7913180705252,21.24828252335362],[-89.79122180530433,21.248284117962758],[-89.7912252071676,21.248464610462168],[-89.79084014574437,21.2484709883022],[-89.79084184738542,21.248561234640622],[-89.790649316531,21.2485644231995],[-89.79065101708076,21.24865466946771],[-89.79036222058811,21.248659451855143],[-89.79036392094636,21.24874969813148],[-89.79017139077509,21.2487528861664],[-89.79017309100645,21.248843132449622],[-89.79007682537055,21.248844726338806],[-89.7900785255396,21.24893497262786],[-89.78998225983689,21.2489365664576],[-89.78998395994364,21.249026812752422]],[[-89.79390871084922,21.24778821815816],[-89.79400497560094,21.24778662276291],[-89.79400838030567,21.247967114167714],[-89.79410464526651,21.24796551780546],[-89.79410805010964,21.24814600922657],[-89.7942043151151,21.2481444137055],[-89.79420942303167,21.248415151359165],[-89.79430568831098,21.24841355486994],[-89.79430909439972,21.24859404640995],[-89.79440535884142,21.24859244978073],[-89.79440876506847,21.248772941336984],[-89.79489009069987,21.24876495840629],[-89.79488838722108,21.24867471308369],[-89.79546597695357,21.248665131347796],[-89.79546427308951,21.248574886036707],[-89.79556053846821,21.248573288757743],[-89.79555883454185,21.24848304345249],[-89.79575136419884,21.24847984863804],[-89.79574966111001,21.248389603416857],[-89.79613472005589,21.248383213969845],[-89.7961330158288,21.248292967776656],[-89.79651807439751,21.248286578269177],[-89.79651977896523,21.248376823553613],[-89.79690483775565,21.248370433072434],[-89.79690313301181,21.24828018688848],[-89.7969993971158,21.248278589531363],[-89.7969976932741,21.248188343430332],[-89.79728648642505,21.248183550172143],[-89.79728137232121,21.247912812657198],[-89.79718510840029,21.247914411095465],[-89.79717999451074,21.247643673618803],[-89.79708373078131,21.24764527199307],[-89.79707179949283,21.247013552022732],[-89.79697553621324,21.24701515032834],[-89.79696871889482,21.246654167865966],[-89.79687245498914,21.246655765125183],[-89.79686904647289,21.246475273919533],[-89.79677278365847,21.246476871192986],[-89.79676596691178,21.246115888832815],[-89.79666970338901,21.246117485963957],[-89.79666629515857,21.245936994809433],[-89.79618497992082,21.245944981507282],[-89.79618668318861,21.246035227501483],[-89.79609042059894,21.24603682524925],[-89.7960921238867,21.246127070345157],[-89.79599586026568,21.246128667956373],[-89.7959975644555,21.246218913135184],[-89.79590130076767,21.246220510687007],[-89.79590300481294,21.246310756775703],[-89.79571047738342,21.246313950795773],[-89.79571388530474,21.24649444208765],[-89.79542509467899,21.246499233199625],[-89.79542679752602,21.246589478326776],[-89.79484921582532,21.24659905892218],[-89.7948509191692,21.24668930504219],[-89.79475465521325,21.246690900968765],[-89.79475635753046,21.246781147017444],[-89.79466009438967,21.246782743865843],[-89.7946634999484,21.246963235152464],[-89.79456723571181,21.246964831865476],[-89.7945689388711,21.247055078007502],[-89.79437641130849,21.247058270427175],[-89.79437811337645,21.247148516499035],[-89.7941855856755,21.247151708678704],[-89.79418728858099,21.247241954834653],[-89.79409102413912,21.247243551248307],[-89.79409272706458,21.247333796505878],[-89.79399646255591,21.2473353928601],[-89.79399816533676,21.24742563902765],[-89.79390190084341,21.24742723441829],[-89.79390360356199,21.24751748059161],[-89.79380733891952,21.247519076826983],[-89.79380904157578,21.247609323006113],[-89.79390530531839,21.247607726692415],[-89.79390871084922,21.24778821815816]],[[-89.78233015858476,21.251681061675257],[-89.78223389074172,21.25168265153597],[-89.78223897846344,21.251953391348685],[-89.78214271042431,21.251954981152263],[-89.78214440627151,21.252045227766907],[-89.78195186909285,21.252048407117442],[-89.78195356481314,21.252138653739003],[-89.78185729663797,21.252140243363197],[-89.78185899229594,21.25223048999056],[-89.78166645580966,21.252233669059464],[-89.7816681513407,21.252323915693736],[-89.78176441964952,21.25232232618838],[-89.78176611516507,21.25241257373031],[-89.7818623835363,21.25241098416326],[-89.78186407920101,21.252501230804477],[-89.78205661606577,21.25249805148642],[-89.78205831186203,21.25258829812997],[-89.78215458035562,21.25258670837894],[-89.78215627621871,21.25267695502597],[-89.78234881332818,21.252673775339844],[-89.78234711733586,21.25258352869511],[-89.78263592367135,21.252578759696302],[-89.78263761985741,21.252669006337605],[-89.78273388840195,21.25266741622195],[-89.78273049590277,21.25248692294624],[-89.78282676431583,21.252485332772352],[-89.78282506800505,21.25239508614258],[-89.78301760469508,21.252391905615266],[-89.78301421278641,21.25221141245148],[-89.78311048099886,21.252209822099285],[-89.78310539159489,21.251939081371788],[-89.78329792754285,21.251935901396656],[-89.78329453526943,21.25175540828604],[-89.78339080315197,21.251753817757848],[-89.78338910647183,21.25166357117202],[-89.78329283873624,21.251665160794943],[-89.78329114212298,21.251574914212615],[-89.78319487436735,21.251576504677956],[-89.78319317782096,21.251486258099117],[-89.78300064243201,21.251489438845734],[-89.78299894609944,21.251399191365106],[-89.78290267846619,21.251400781646403],[-89.78289759039333,21.251130042018413],[-89.78270505462548,21.251133221411095],[-89.78270675075743,21.25122346888124],[-89.78261048332882,21.251225058074418],[-89.78261217939844,21.251315305550357],[-89.78251591093859,21.251316894606916],[-89.78251930303774,21.251497388670888],[-89.7824230353285,21.251498978650456],[-89.78242473135805,21.251589225238494],[-89.78232846358193,21.251590815158664],[-89.78233015858476,21.251681061675257]]]}},{"type":"Feature","id":"S13-52f26011f0-109485","properties":{"record_id":"S13-52f26011f0-109485","source_id":"S13","source_row":109485,"source_hash":"52f26011f06ea7cd825e2728b8da25c38b6072684a0544f698c01d8775f9353e","theme":"water","status":"DERIVADO","origin":"OFICIAL","name":"Cuerpos de agua","date":"2020","clipped":false,"simplification_m":2,"fid_1":109486,"Clase":8,"Descrip":"Cuerpos de agua","Fecha":2020},"geometry":{"type":"Polygon","coordinates":[[[-89.72697509299418,21.268294432660984],[-89.72707137572205,21.268292873191935],[-89.72706638468081,21.268022120653896],[-89.72716266817713,21.268020561205127],[-89.72715934067058,21.267840059839745],[-89.72706305826803,21.267841619363764],[-89.72706472199694,21.26793186959328],[-89.72696843856299,21.26793342898031],[-89.72697010214678,21.268023680119637],[-89.7267775361075,21.268026798791766],[-89.7267808621414,21.268207300106987],[-89.7264920121958,21.26821197762873],[-89.72649367554585,21.268302227883353],[-89.72620482635087,21.268306904940772],[-89.726206488462,21.268397156029867],[-89.72601392187009,21.26840027374166],[-89.72600893295458,21.26812952115269],[-89.72572008314918,21.268134197216966],[-89.72571842040331,21.26804394605845],[-89.72581470393082,21.26804238745796],[-89.7258113782337,21.267861886060963],[-89.72590766162982,21.267860327402126],[-89.72590599876132,21.267770076259595],[-89.72580971542989,21.267771634917313],[-89.72580805262825,21.26768138377829],[-89.72590433589512,21.267679825121682],[-89.72590267294835,21.26758957489246],[-89.72599895614837,21.26758801617636],[-89.72599563029786,21.267407513925757],[-89.72609191240187,21.267405955073805],[-89.72609025029709,21.267315704938135],[-89.72628281533373,21.267312587132253],[-89.72628780477054,21.267583339587063],[-89.7264803701859,21.267580221532036],[-89.72647870693645,21.267489970410118],[-89.72705640362312,21.267480615779455],[-89.72705806726036,21.267570866894665],[-89.72725063263998,21.26756774787028],[-89.72725229640868,21.267657998987858],[-89.72734857964205,21.267656439422407],[-89.72735024347753,21.267746690543433],[-89.72744652580876,21.26774513083876],[-89.7274481897939,21.26783538105916],[-89.7276407554607,21.267832262447378],[-89.72763410022941,21.26747125896762],[-89.72782666537032,21.26746814012256],[-89.72782500218291,21.267377889098512],[-89.72811384924275,21.26737320988904],[-89.72811551367128,21.267463460083192],[-89.7283080787898,21.267460340632226],[-89.72830641527928,21.267370089613756],[-89.72869154531386,21.267363849085232],[-89.72868988049986,21.267273598902474],[-89.72888244541585,21.267270477824894],[-89.72888411027638,21.267360728909477],[-89.72898039231337,21.267359168239913],[-89.72898205724076,21.267449419327995],[-89.7290783403046,21.26744785867423],[-89.72908000441701,21.267538108784176],[-89.72917628746059,21.267536548972803],[-89.7291779526044,21.267626799163743],[-89.72927423482855,21.267625238308998],[-89.72927756516931,21.26780573960647],[-89.72947012978666,21.26780261861485],[-89.72947179513096,21.267892868816155],[-89.72937551271743,21.267894429795437],[-89.72937717695214,21.267984680829027],[-89.72918461207186,21.26798780170397],[-89.72918627617958,21.268078052744414],[-89.72899371019656,21.268081173301688],[-89.72899537514182,21.26817142442656],[-89.7286102428078,21.26817766572269],[-89.72861357227069,21.268358167091062],[-89.72842100587322,21.268361286928062],[-89.72842266947285,21.268451537995873],[-89.7282301029372,21.268454657592823],[-89.72823176737437,21.268544908745035],[-89.72794291771835,21.26854958908429],[-89.72794125347504,21.26845933792874],[-89.72774868683425,21.26846245782385],[-89.72775035103112,21.268552708077603],[-89.72755778425214,21.268555827732687],[-89.72755445620191,21.26837532632115],[-89.7273618896725,21.26837844572934],[-89.7273635536086,21.26846869598299],[-89.72726726979369,21.2684702555586],[-89.72727059746066,21.268650756986013],[-89.72717431351424,21.268652316503257],[-89.7271776410609,21.268832817951306],[-89.72698507386743,21.268835936886056],[-89.72698673747352,21.268926188071298],[-89.72689045332653,21.268927747410117],[-89.72688047291028,21.268386242246674],[-89.72697675570501,21.268384682837024],[-89.72697509299418,21.268294432660984]]]}},{"type":"Feature","id":"S13-52f26011f0-109486","properties":{"record_id":"S13-52f26011f0-109486","source_id":"S13","source_row":109486,"source_hash":"52f26011f06ea7cd825e2728b8da25c38b6072684a0544f698c01d8775f9353e","theme":"water","status":"DERIVADO","origin":"OFICIAL","name":"Cuerpos de agua","date":"2020","clipped":false,"simplification_m":2,"fid_1":109487,"Clase":8,"Descrip":"Cuerpos de agua","Fecha":2020},"geometry":{"type":"Polygon","coordinates":[[[-89.71572479637128,21.269288761035188],[-89.71591736656873,21.26928565461841],[-89.7159157094251,21.26919540321713],[-89.7161082794844,21.26919229656022],[-89.7161033086436,21.268921542468295],[-89.71600702340943,21.268923094880734],[-89.71600370997743,21.26874259219936],[-89.71590742583481,21.268744144626623],[-89.71590411157646,21.268563641883727],[-89.71561525839284,21.268568300525835],[-89.71561691532712,21.26865855189832],[-89.71532806192971,21.268663209998497],[-89.71532640518929,21.268572958622595],[-89.71465241459703,21.268583825721734],[-89.71464910202766,21.268403322968002],[-89.71455281811248,21.268404874542597],[-89.71454784955182,21.26813411953901],[-89.71445156574538,21.268135671953686],[-89.71444990959992,21.268045420595286],[-89.71435362593876,21.268046972044147],[-89.71434534669818,21.267595713584726],[-89.71424906327509,21.267597265871522],[-89.71424740735503,21.2675070136343],[-89.71415112302982,21.267508565781732],[-89.71414781220734,21.267328062300585],[-89.71405152800908,21.267329614385176],[-89.71404656154513,21.267058858703685],[-89.71423912850432,21.267055755307087],[-89.71424078449608,21.267146006617235],[-89.71433706751326,21.267144455240178],[-89.71433872357187,21.267234706553783],[-89.7145312907762,21.267231602789167],[-89.71453294696622,21.26732185410515],[-89.71462923018883,21.267320301639973],[-89.71463088636295,21.2674105538635],[-89.7147271696479,21.26740900133665],[-89.71472882588884,21.267499253563617],[-89.71492139354594,21.267496148403502],[-89.71492304991835,21.267586400632847],[-89.71511561769579,21.26758329522814],[-89.71511727323505,21.26767354738221],[-89.71588754364278,21.267661125061316],[-89.71588920066576,21.267751377288626],[-89.71608176865725,21.267748270667646],[-89.71608342484718,21.267838522819673],[-89.71637227644653,21.26783386329568],[-89.71637061997986,21.267743612051092],[-89.71714088962581,21.2677311842465],[-89.7171425475739,21.267821435559732],[-89.71704626402139,21.267822989606902],[-89.7170545514605,21.268274246996434],[-89.71724711912663,21.26827113973433],[-89.71724877715278,21.268361391073984],[-89.71734506100569,21.26835983780297],[-89.7173434029978,21.268269585560336],[-89.7175359716151,21.268266478012315],[-89.71753265614637,21.268085975431113],[-89.71762893988162,21.268084421077596],[-89.71762728160375,21.267994169756207],[-89.71781984981996,21.2679910618514],[-89.71782150726264,21.268081313092917],[-89.71830292659926,21.26807354260058],[-89.71830458533171,21.268163793918728],[-89.71907485615897,21.268151357201532],[-89.71907319787402,21.26806110596999],[-89.71926576518824,21.268057996167638],[-89.71926244740209,21.26787749364527],[-89.7194550144489,21.267874383605065],[-89.71945335591215,21.26778413239179],[-89.71974220623036,21.267779467332517],[-89.7197438659255,21.267869718620002],[-89.7200327164175,21.26786505301207],[-89.72003437534418,21.26795530422317],[-89.72013065895685,21.267953748295493],[-89.7201323189149,21.2680439995877],[-89.72032488609726,21.26804088935652],[-89.72032654522225,21.268131140573406],[-89.72042282895754,21.268129584461736],[-89.72042448911385,21.268219835759737],[-89.72052077282873,21.26821828049046],[-89.72052243208744,21.268308531714307],[-89.72061871586463,21.268306976383297],[-89.7206203751902,21.26839722761063],[-89.72071665911263,21.26839567131379],[-89.7207183194695,21.268485922622183],[-89.72081460337155,21.268484367167748],[-89.72081626283074,21.26857461840202],[-89.72129768279616,21.268566838407185],[-89.72129602301388,21.268476587178522],[-89.72139230690256,21.268475031360563],[-89.72138898625084,21.268294528841682],[-89.72158155384574,21.26829141612435],[-89.7215798938763,21.268201164912835],[-89.72167617756435,21.26819960891647],[-89.72167451656797,21.268109357633083],[-89.7218670838083,21.26810624546083],[-89.72186542364939,21.268015994261877],[-89.72205799083434,21.26801288094543],[-89.7220563305484,21.26792262975334],[-89.72215261403153,21.267921073457423],[-89.72215095271868,21.267830822193453],[-89.72224723613495,21.267829265838028],[-89.7222488965479,21.26791951702327],[-89.72253774705992,21.26791484668609],[-89.72253940766895,21.268005097872603],[-89.72263569120548,21.268003541272613],[-89.72263735284591,21.268093792540125],[-89.72273363548037,21.268092235800836],[-89.7227369580153,21.26827273736578],[-89.72283324174131,21.26827118064122],[-89.72283490255305,21.26836143184271],[-89.72293118634144,21.268359875056433],[-89.72293616906684,21.268630627780976],[-89.72283988596635,21.268632185552306],[-89.72284486851797,21.268902938321503],[-89.72313372103955,21.268898267760683],[-89.7231353821436,21.26898851808683],[-89.72323166637757,21.268986961110958],[-89.7232333274657,21.269077212344655],[-89.72313704316707,21.269078769321677],[-89.7231387041928,21.2691690205611],[-89.72304242079183,21.26917057755625],[-89.72304408175512,21.269260828801343],[-89.72294779732282,21.269262385659474],[-89.72294945822372,21.269352636910345],[-89.72285317468905,21.269354193786544],[-89.72285483552763,21.26944444504309],[-89.7226622663105,21.269447559364966],[-89.72266392806938,21.269537809801857],[-89.72256764335145,21.269539367325063],[-89.72256930400057,21.26962961859415],[-89.72218416606103,21.269635845450896],[-89.72218250470586,21.269545594099725],[-89.7219899362928,21.26954870765316],[-89.72198661481212,21.26936820503764],[-89.72189033029062,21.269369761230383],[-89.72188368849625,21.26900875703154],[-89.72178740423098,21.269010313159217],[-89.72178574411446,21.268920061913242],[-89.72159317562371,21.268923174888627],[-89.72159151563858,21.268832923644986],[-89.72130266312107,21.268837592198267],[-89.72130432291233,21.268927843445258],[-89.72111175439929,21.268930955814785],[-89.721116734446,21.269201708763628],[-89.72102045091542,21.26920326539052],[-89.72101879034679,21.26911301404876],[-89.72092250599684,21.26911456963225],[-89.72092582604249,21.269295072244994],[-89.72073325699472,21.2692981841388],[-89.72073491737387,21.269388435493074],[-89.72063863282338,21.26938999089819],[-89.72064029217567,21.269480242180606],[-89.72054400747555,21.26948179843032],[-89.72054234818795,21.269391547146792],[-89.720446063633,21.269393102430705],[-89.72044772285601,21.269483353715398],[-89.72025515352745,21.269486465007798],[-89.72025681358795,21.269576716376896],[-89.72016052889717,21.269578271481304],[-89.7201588688184,21.269488021015157],[-89.72006258418993,21.269489576057822],[-89.72006424412125,21.269579827429176],[-89.71996795942592,21.269581382412404],[-89.71996961833034,21.26967163371186],[-89.71948819521333,21.269679410514623],[-89.71948985379684,21.2697696618243],[-89.71920099911083,21.269774327316483],[-89.71920265846718,21.269864578711744],[-89.71901008856369,21.269867688437845],[-89.71900842933658,21.269777437040368],[-89.7188158595534,21.269780546521854],[-89.7188142014223,21.269690295204327],[-89.71871791566885,21.2696918493234],[-89.7187162576046,21.269601598009334],[-89.7184274032528,21.269606262040682],[-89.7184257444201,21.26951601065021],[-89.71832945966874,21.269517565506394],[-89.71833111843688,21.269607816897988],[-89.71823483370146,21.269609370790597],[-89.7182364914426,21.269699622110284],[-89.71765878226455,21.26970894781674],[-89.71765712394654,21.26961869641271],[-89.71727198468083,21.269624912635468],[-89.7172703266236,21.269534661231496],[-89.71669261712283,21.269543983211534],[-89.71669427479242,21.269634234622192],[-89.71573142436834,21.269649767599265],[-89.71572479637128,21.269288761035188]]]}},{"type":"Feature","id":"S13-52f26011f0-109487","properties":{"record_id":"S13-52f26011f0-109487","source_id":"S13","source_row":109487,"source_hash":"52f26011f06ea7cd825e2728b8da25c38b6072684a0544f698c01d8775f9353e","theme":"water","status":"DERIVADO","origin":"OFICIAL","name":"Cuerpos de agua","date":"2020","clipped":false,"simplification_m":2,"fid_1":109488,"Clase":8,"Descrip":"Cuerpos de agua","Fecha":2020},"geometry":{"type":"Polygon","coordinates":[[[-89.6674117720566,21.265998412678133],[-89.66760434493203,21.265995362115802],[-89.66760271770231,21.26590510651451],[-89.667313859062,21.26590968230275],[-89.66731060491357,21.265729172011326],[-89.66740689067845,21.265727646785344],[-89.66740526454895,21.2656373912736],[-89.66750155024701,21.265635865988134],[-89.66749992300753,21.265545611308184],[-89.66769249619684,21.26554256071363],[-89.6676859869929,21.26518153933638],[-89.66749341528507,21.265184590000054],[-89.66749178813957,21.26509433443901],[-89.66739550186476,21.265095859639867],[-89.66739712894564,21.265186115202003],[-89.66730084356851,21.265187640421306],[-89.66729758953817,21.265007129299434],[-89.6672013033237,21.265008654378008],[-89.66719967629331,21.264918399726973],[-89.6671033911888,21.26491992391772],[-89.66710013734692,21.264739413723078],[-89.6671964233698,21.26473788870837],[-89.66719479642909,21.26464763316707],[-89.66729108230201,21.26464610899694],[-89.66729270842602,21.26473636355516],[-89.66738899444448,21.26473483841933],[-89.6673873672914,21.264644583784218],[-89.66748365324308,21.26464305858886],[-89.66748202611076,21.264552803055423],[-89.66757831199564,21.264551277800564],[-89.66758319262871,21.264822044333435],[-89.66787204988738,21.26481746811745],[-89.66786879598038,21.264636958027594],[-89.66796508192114,21.2646354325293],[-89.66796670841437,21.264725687983862],[-89.66815928041858,21.264722636803235],[-89.66816090704326,21.264812892260224],[-89.66825719310663,21.264811366577923],[-89.66825882076257,21.26490162211633],[-89.66835510688846,21.2649000963723],[-89.66835347916789,21.26480984083502],[-89.66854605023627,21.264806789993543],[-89.66854767816922,21.26489704462462],[-89.66864396324094,21.264895519524977],[-89.66864721915951,21.265076029702733],[-89.66874350540583,21.2650745037141],[-89.66874676049791,21.26525501383015],[-89.66865047412226,21.265256539820943],[-89.6686537300583,21.265437050035548],[-89.66875001647999,21.265435524946593],[-89.66875327158955,21.26561603509945],[-89.66865698600303,21.265617560268502],[-89.66865535798797,21.26552730560171],[-89.66846278589,21.26553035658202],[-89.6684644127282,21.265620612077093],[-89.66827184040908,21.265623663721225],[-89.66827021273565,21.26553340814599],[-89.6681739271197,21.26553493391507],[-89.66817229951313,21.26544467834337],[-89.66807601299513,21.26544620397276],[-89.66807926816435,21.26562671421898],[-89.66798298151492,21.265628239790036],[-89.66798949153804,21.265989261246062],[-89.66789320471105,21.265990785856868],[-89.66789645956493,21.26617129706672],[-89.66780017260652,21.266172821619094],[-89.66779854515995,21.266082566914843],[-89.66770225914532,21.266084092387555],[-89.66770388652725,21.266174347092925],[-89.66731873929488,21.266180448148425],[-89.6673171122546,21.266090192534637],[-89.66741339924246,21.26608866738218],[-89.6674117720566,21.265998412678133]]]}},{"type":"Feature","id":"S13-52f26011f0-109489","properties":{"record_id":"S13-52f26011f0-109489","source_id":"S13","source_row":109489,"source_hash":"52f26011f06ea7cd825e2728b8da25c38b6072684a0544f698c01d8775f9353e","theme":"water","status":"DERIVADO","origin":"OFICIAL","name":"Cuerpos de agua","date":"2020","clipped":false,"simplification_m":2,"fid_1":109490,"Clase":8,"Descrip":"Cuerpos de agua","Fecha":2020},"geometry":{"type":"Polygon","coordinates":[[[-89.67044714989105,21.268749012666085],[-89.67015828523685,21.268753593831743],[-89.67015665617589,21.26866333902068],[-89.67006036833959,21.268664865979606],[-89.67005873942857,21.268574610267986],[-89.6699624516547,21.268576137165237],[-89.66996082272745,21.268485882361155],[-89.66967195862209,21.268490462607982],[-89.66966218739812,21.267948932129976],[-89.66956589910336,21.267950458699158],[-89.66957078499385,21.26822122395976],[-89.66947449746758,21.26822275054962],[-89.66947612606519,21.268313005345433],[-89.66937983750759,21.268314531797863],[-89.66937658052693,21.268134021304544],[-89.6692802930609,21.268135547772115],[-89.66927866459687,21.268045292983278],[-89.6693749529628,21.268043766594772],[-89.66937332443634,21.267953511811616],[-89.66946961177095,21.267951985285723],[-89.66946798326516,21.267861729604203],[-89.6693716959952,21.267863256129008],[-89.66937006747318,21.26777300135508],[-89.66927377930114,21.267774527740265],[-89.6692721518935,21.26768427214373],[-89.66917586378389,21.267685798467213],[-89.66917097967278,21.26741503335398],[-89.66926726662403,21.26741350695583],[-89.66926400981627,21.267232996552227],[-89.66936029751743,21.267231471077693],[-89.66935866909385,21.267141215431852],[-89.66945495584683,21.267139688915805],[-89.66945821290862,21.26732019930586],[-89.66955449978866,21.267318672727047],[-89.66955612834593,21.267408928379886],[-89.66974870319322,21.267405875116197],[-89.66975033196503,21.267496129867368],[-89.66984661896777,21.26749460310457],[-89.66984987656406,21.267675113522532],[-89.66994616369388,21.267673586696915],[-89.66994779251839,21.267763842363696],[-89.67004407971062,21.267762315476435],[-89.67004896655737,21.268033080692952],[-89.6701452539413,21.268031553741757],[-89.67014688298696,21.26812180852064],[-89.670339458842,21.268118754512198],[-89.67034271615066,21.268299264905526],[-89.67043900372198,21.268297737769284],[-89.67044226213315,21.26847824825662],[-89.67053854983145,21.26847672105755],[-89.67054017914656,21.26856697585499],[-89.67063646690728,21.268565448594238],[-89.6706397255901,21.26874595910478],[-89.6705434377001,21.26874748636776],[-89.67054506702176,21.26883774117897],[-89.67044877906496,21.268839268382465],[-89.67044714989105,21.268749012666085]]]}},{"type":"Feature","id":"S13-52f26011f0-109491","properties":{"record_id":"S13-52f26011f0-109491","source_id":"S13","source_row":109491,"source_hash":"52f26011f06ea7cd825e2728b8da25c38b6072684a0544f698c01d8775f9353e","theme":"water","status":"DERIVADO","origin":"OFICIAL","name":"Cuerpos de agua","date":"2020","clipped":false,"simplification_m":2,"fid_1":109492,"Clase":8,"Descrip":"Cuerpos de agua","Fecha":2020},"geometry":{"type":"Polygon","coordinates":[[[-89.66960824339874,21.270297089841925],[-89.66951195438602,21.27029861645712],[-89.66950706845533,21.270027851780497],[-89.66931449081109,21.27003090482248],[-89.66931123387661,21.26985039415252],[-89.66940752257055,21.269848867664056],[-89.66940100830298,21.26948784819176],[-89.66949729673624,21.269486321647094],[-89.66949566819338,21.269396065887527],[-89.66959195655981,21.269394539283358],[-89.66959521386022,21.26957504990082],[-89.66988408029869,21.269570469796],[-89.66988245141192,21.26948021494033],[-89.66997873983432,21.26947868809271],[-89.66997711096823,21.26938843233868],[-89.67026597690959,21.269383852417423],[-89.67026760605269,21.269474107264134],[-89.67046018287765,21.269471053023437],[-89.67046181215218,21.26956130787251],[-89.67065438909765,21.26955825338729],[-89.67065927723893,21.26982901885941],[-89.6704666999057,21.26983207335126],[-89.67046832918892,21.26992232821866],[-89.6703720404544,21.269923855374802],[-89.67037529793375,21.27010436504768],[-89.67027900906777,21.270105892145466],[-89.67028389655604,21.27037665680931],[-89.66960987211124,21.27038734474219],[-89.66960824339874,21.270297089841925]]]}},{"type":"Feature","id":"S13-52f26011f0-109492","properties":{"record_id":"S13-52f26011f0-109492","source_id":"S13","source_row":109492,"source_hash":"52f26011f06ea7cd825e2728b8da25c38b6072684a0544f698c01d8775f9353e","theme":"water","status":"DERIVADO","origin":"OFICIAL","name":"Cuerpos de agua","date":"2020","clipped":false,"simplification_m":2,"fid_1":109493,"Clase":8,"Descrip":"Cuerpos de agua","Fecha":2020},"geometry":{"type":"Polygon","coordinates":[[[-89.66218258256067,21.269782691673292],[-89.66208629286768,21.26978421353706],[-89.66207167670059,21.26897191342093],[-89.6619753875039,21.26897343611825],[-89.66196077226147,21.268161134556],[-89.66205706079332,21.268159612772653],[-89.66205868432709,21.268249868548054],[-89.66215497300458,21.26824834579896],[-89.66215659756975,21.268338601655863],[-89.66254175130227,21.268332512683234],[-89.6625433752468,21.26842276755834],[-89.66273595266993,21.268419723197248],[-89.66273757674591,21.268509978074736],[-89.66283386551883,21.26850845580219],[-89.66283548957836,21.26859871158722],[-89.66312435519659,21.26859414342073],[-89.66312273094312,21.268503887639014],[-89.66321901979047,21.26850236422004],[-89.66321739442695,21.26841210927011],[-89.66340997190274,21.268409063156636],[-89.66340834649522,21.268318807309388],[-89.66369721149255,21.268314238062125],[-89.66369558677467,21.268223983204813],[-89.66379187541507,21.26822245942563],[-89.66378862497535,21.26804194874496],[-89.6636923365474,21.268043471617936],[-89.66368908721014,21.267862961031405],[-89.66378537550887,21.267861438160626],[-89.66378050048573,21.267590670884545],[-89.66387678762389,21.267589147878542],[-89.66387516287737,21.26749889215609],[-89.6640677389469,21.267495846120383],[-89.66406611310882,21.267405590326835],[-89.66416240107569,21.26740406721917],[-89.66416077613974,21.26731381150922],[-89.66425706403972,21.267312288342108],[-89.66425543807684,21.267222032559925],[-89.66435172591007,21.26722050933331],[-89.66435010084916,21.267130253634733],[-89.66444638861559,21.267128730348624],[-89.66443663677757,21.266587197990695],[-89.66434034939887,21.266588721270246],[-89.66433709930986,21.26640820994207],[-89.66424081205824,21.26640973315887],[-89.66423756202406,21.266229222751004],[-89.66433384818193,21.266227699458486],[-89.6643305981103,21.266047188167168],[-89.66442688510122,21.26604566489424],[-89.66442363490914,21.26586515362348],[-89.66432734804746,21.265866676894163],[-89.66432247288641,21.265595910923317],[-89.66422618621642,21.265597434130154],[-89.66422456125943,21.265507178513268],[-89.66412827465189,21.26550870165844],[-89.66412339990474,21.265237935736103],[-89.6640271134889,21.265239458817334],[-89.66402548866995,21.26514920321666],[-89.66412177502116,21.265147680136536],[-89.66411364967122,21.264696402129672],[-89.66401736364311,21.264697925204324],[-89.66401573883725,21.264607669631225],[-89.6639194528716,21.26460919264417],[-89.66391782813245,21.26451893707461],[-89.66372525632384,21.26452198291648],[-89.66372200702753,21.26434147269083],[-89.66362572124919,21.264342995518692],[-89.66362247217401,21.264162484405137],[-89.66352618652276,21.264164007170223],[-89.6635164398204,21.26362247302944],[-89.6634201545547,21.263623995727308],[-89.66341528138527,21.26335322916782],[-89.66351156645709,21.263351706473212],[-89.663509942007,21.263261450963736],[-89.66370251201486,21.263258405394993],[-89.66370088743771,21.26316814989226],[-89.66389345730762,21.26316510408337],[-89.66389020790136,21.26298459309615],[-89.66398649366825,21.26298307018097],[-89.66398324414148,21.262802559214375],[-89.66407952881247,21.262801036162855],[-89.66407790398779,21.262710780687584],[-89.66427047319397,21.26270773440497],[-89.66426884824223,21.26261747893647],[-89.66436513277745,21.2626159557054],[-89.66435538368921,21.262074423075784],[-89.66445166783451,21.26207289979071],[-89.66444354357512,21.261621621840536],[-89.66453982731198,21.261620099404457],[-89.66453657715842,21.261439587685175],[-89.66463286172822,21.26143806526866],[-89.66462961145415,21.261257553570097],[-89.66472589501132,21.26125603011315],[-89.66472264549795,21.261075519417222],[-89.6648189289237,21.261073995901853],[-89.6648173036235,21.260983740522985],[-89.66491358689922,21.26098221785219],[-89.66491196258413,21.260891961652852],[-89.66500824579312,21.260890438922626],[-89.66500174515333,21.260529416654187],[-89.6650980281848,21.26052789296367],[-89.66510127810581,21.26070840449953],[-89.6651975622288,21.260706880824117],[-89.66520243792742,21.260977646842075],[-89.66510615457501,21.260979170598716],[-89.665109404601,21.26115968127659],[-89.66501312111717,21.26116120497483],[-89.66501637102257,21.261341715673346],[-89.66511265455249,21.261340192876965],[-89.66511590556037,21.2615207036697],[-89.66482705441005,21.261525273691742],[-89.66482867875895,21.261615529020332],[-89.6647323949455,21.261617052542327],[-89.66473727070472,21.261887818793017],[-89.66483355471205,21.26188629526781],[-89.664835179951,21.26197655159683],[-89.66473889596217,21.261978074219147],[-89.66474052025735,21.26206832957194],[-89.66464423611859,21.2620698530388],[-89.6646458613158,21.262160108475225],[-89.66454957711022,21.262161631882577],[-89.66456257720162,21.26288367637484],[-89.66446629247697,21.262885199730412],[-89.6644679175645,21.262975455210487],[-89.66427534806247,21.262978500838024],[-89.66427697302295,21.26306875632498],[-89.66408440233533,21.263071802538434],[-89.66408602716874,21.263162058032115],[-89.66398974223931,21.263163581088065],[-89.66399299178347,21.26334409209147],[-89.66389670672255,21.26334561508903],[-89.66389995614621,21.263526126113092],[-89.66370738575938,21.26352917193077],[-89.66371713322413,21.26407070603074],[-89.6640059900475,21.264066136289436],[-89.66400923963539,21.264246647384965],[-89.66410552534036,21.26424512431583],[-89.66410877506614,21.26442563542759],[-89.66420506089818,21.264424112295664],[-89.66420831076195,21.264604623423555],[-89.66430459672105,21.26460310022888],[-89.66430622172086,21.264693355798624],[-89.66420993569713,21.264694878994465],[-89.66421481051572,21.264965645734687],[-89.66431109673331,21.264964122535584],[-89.6643143467525,21.265144633716535],[-89.6644106330972,21.265143110454613],[-89.6644155084194,21.26541387635321],[-89.66451179495576,21.265412353027386],[-89.66451342010446,21.265502608636375],[-89.66460970670327,21.265501085248886],[-89.66461295713638,21.26568159647842],[-89.66470924394541,21.265680072124052],[-89.66471249451658,21.26586058336983],[-89.66480878136946,21.265859059856698],[-89.66482666159156,21.266851869390788],[-89.66473037402774,21.266853392915987],[-89.66473200030511,21.266943648674275],[-89.66463571267447,21.266945172139962],[-89.6646373379248,21.267035427826],[-89.66473362562007,21.267033904359213],[-89.66473850166142,21.267304670537577],[-89.66464221473676,21.267306194085602],[-89.66464383999592,21.267396449790034],[-89.66454755203996,21.267397973200648],[-89.66456055576982,21.26812001735804],[-89.66446426729469,21.268121540716816],[-89.66446589252739,21.268211795560752],[-89.66436960486678,21.26821331984211],[-89.66437123003702,21.268303574691693],[-89.6642749413451,21.268305098835615],[-89.66427656741735,21.26839535376885],[-89.6641802786586,21.26839687785325],[-89.66418190370398,21.26848713271423],[-89.6640856159261,21.26848865591309],[-89.66409699236536,21.26912044475249],[-89.6640007031684,21.26912196782044],[-89.66400232898332,21.269212223702368],[-89.66390603971955,21.26921374671085],[-89.66390766450752,21.269304002520524],[-89.66371508680866,21.269307048435827],[-89.663716712434,21.26939730433026],[-89.66362042303442,21.269398827159137],[-89.66362204763286,21.269489082981302],[-89.66342946957926,21.269492129441495],[-89.66343109501504,21.269582385348386],[-89.66352738366697,21.269580861656483],[-89.6635290091696,21.269671117566894],[-89.66381787618727,21.269666547106272],[-89.66382437714937,21.270027569720558],[-89.66392066708015,21.270026045858735],[-89.66392229188776,21.27011630170971],[-89.66334455502563,21.270125441500106],[-89.6633461795308,21.2702156964582],[-89.66219070383089,21.270233969430013],[-89.66218258256067,21.269782691673292]]]}},{"type":"Feature","id":"S13-52f26011f0-109494","properties":{"record_id":"S13-52f26011f0-109494","source_id":"S13","source_row":109494,"source_hash":"52f26011f06ea7cd825e2728b8da25c38b6072684a0544f698c01d8775f9353e","theme":"water","status":"DERIVADO","origin":"OFICIAL","name":"Cuerpos de agua","date":"2020","clipped":false,"simplification_m":2,"fid_1":109495,"Clase":8,"Descrip":"Cuerpos de agua","Fecha":2020},"geometry":{"type":"Polygon","coordinates":[[[-89.66647787737402,21.272964843082946],[-89.66638158641491,21.272966367730493],[-89.66637507819355,21.272605347337667],[-89.66618249678585,21.272608396442102],[-89.66617761554836,21.272337631150023],[-89.66627390710705,21.272336105805277],[-89.66626902569534,21.272065340557702],[-89.66636531705801,21.272063815155672],[-89.66636368953895,21.27197356005745],[-89.6662673992886,21.27197508463227],[-89.6662657728009,21.271884829615455],[-89.66616948156536,21.27188635495471],[-89.66616785522764,21.27179609903733],[-89.66597527392683,21.27179914870574],[-89.66597690118293,21.271889403799168],[-89.6660731913752,21.271887879407256],[-89.66607481773366,21.27197813442626],[-89.66597852739359,21.271979659723364],[-89.66598015465412,21.272069914826],[-89.66578757295682,21.27207296425862],[-89.66578919912565,21.272163219290107],[-89.6655966182549,21.272166268560472],[-89.66559824429675,21.272256523598738],[-89.66550195375187,21.272258048596147],[-89.66550358069573,21.272348303718022],[-89.66540728920266,21.272349827673978],[-89.66540078371091,21.27198880646128],[-89.66520820308118,21.271991855242554],[-89.66520657633987,21.271901600135653],[-89.66501399583068,21.271904648672304],[-89.66501562147819,21.2719949037034],[-89.6649193311141,21.271996428333985],[-89.66491770464985,21.271906172319728],[-89.66482141434821,21.27190769688861],[-89.66481816243694,21.271727185853706],[-89.66472187234554,21.271728709455683],[-89.66471699416503,21.271457943347492],[-89.66481328502707,21.27145641982674],[-89.66480515479599,21.271005142801563],[-89.66490144541585,21.271003618321664],[-89.66489981889252,21.270913363261943],[-89.66499610936235,21.2709118396266],[-89.66499448285974,21.270821583668475],[-89.66509077326282,21.270820059973673],[-89.66508752101618,21.270639549055417],[-89.66518381128782,21.270638025302198],[-89.66517893229961,21.270367258471513],[-89.66546780163844,21.27036268587622],[-89.66547105342447,21.270543196680144],[-89.66556734362277,21.27054167268568],[-89.6655689696253,21.270631927641407],[-89.6657615492632,21.270628878486438],[-89.66576317531396,21.270719134348585],[-89.66595575507237,21.270716084949036],[-89.66596551446028,21.27125761674482],[-89.6656766441799,21.27126219036007],[-89.66567501809743,21.271171935373314],[-89.66548243767961,21.27117498442034],[-89.66548569055273,21.27135549448076],[-89.66625601111029,21.271343298473045],[-89.66625438472103,21.271253042584263],[-89.66615809490237,21.27125456799372],[-89.66615646761547,21.27116431203049],[-89.66625275825086,21.27116278760417],[-89.66624950443557,21.270982276675642],[-89.666345793975,21.270980752112905],[-89.66634416744677,21.27089049714766],[-89.66644045700254,21.27088897162137],[-89.66644208447677,21.27097922756757],[-89.66663466362795,21.2709761772351],[-89.66663629131678,21.27106643227962],[-89.66682887050523,21.271063382606634],[-89.66683375196057,21.27133414850917],[-89.66721891221763,21.271328046692663],[-89.6672205392554,21.271418302575018],[-89.66731683014379,21.27141677657474],[-89.66731520199373,21.271326521519622],[-89.6676040723567,21.27132194481077],[-89.66760569965288,21.271412200688705],[-89.667701989568,21.271410674368095],[-89.66770036212404,21.271320419395327],[-89.66789294261672,21.27131736846061],[-89.66789457018996,21.271407623431152],[-89.6681834397429,21.27140304555036],[-89.66818832393884,21.271673811461618],[-89.66789945388743,21.271678388448315],[-89.66790108138633,21.271768644341304],[-89.66770850024736,21.271771695287015],[-89.66771012866677,21.271861950360684],[-89.66742125714713,21.271866527271165],[-89.6674228844104,21.271956782274778],[-89.66713401364173,21.27196135872112],[-89.66713564071321,21.27205161373261],[-89.66703935033257,21.272053139697345],[-89.66704097734167,21.272143394714522],[-89.66694468697735,21.272144919715714],[-89.66694631480534,21.27223517572053],[-89.66704260531745,21.272233649814204],[-89.66704585926345,21.27241416077551],[-89.66685327814484,21.272417210723923],[-89.66685815969842,21.272687976832724],[-89.66695445053594,21.272686450981453],[-89.66695607837703,21.272776707013797],[-89.66685978755811,21.272778231962086],[-89.66686466922113,21.273048997221878],[-89.66647950401722,21.273055098152522],[-89.66647787737402,21.272964843082946]]]}},{"type":"Feature","id":"S13-52f26011f0-109497","properties":{"record_id":"S13-52f26011f0-109497","source_id":"S13","source_row":109497,"source_hash":"52f26011f06ea7cd825e2728b8da25c38b6072684a0544f698c01d8775f9353e","theme":"water","status":"DERIVADO","origin":"OFICIAL","name":"Cuerpos de agua","date":"2020","clipped":false,"simplification_m":2,"fid_1":109498,"Clase":8,"Descrip":"Cuerpos de agua","Fecha":2020},"geometry":{"type":"Polygon","coordinates":[[[-89.66160437277475,21.275118428294178],[-89.66150808013461,21.27511995078066],[-89.66150483163028,21.274939439270202],[-89.66140853911725,21.274940961693908],[-89.66140691489136,21.274850706396478],[-89.66131062244075,21.274852228758487],[-89.66127651823672,21.27295686056592],[-89.66118022714123,21.27295838284427],[-89.66117048409636,21.27241684908531],[-89.66126677576861,21.27241532689156],[-89.66126515175162,21.272325070817196],[-89.66136144230931,21.272323549390023],[-89.66135981919439,21.272233293399296],[-89.66164869179153,21.27222872702738],[-89.66165356478436,21.272499493429173],[-89.66174985546262,21.272497971757446],[-89.66176772194204,21.273490783287578],[-89.66186401341224,21.27348926063908],[-89.66188025641156,21.274391816538206],[-89.66197654949045,21.27439029389608],[-89.66198629600872,21.27493182730267],[-89.66189000254202,21.27493334995141],[-89.6618932516466,21.275113860549027],[-89.661796959013,21.275115383217358],[-89.66179858342075,21.27520563942817],[-89.66160599713636,21.275208683603125],[-89.66160437277475,21.275118428294178]]]}},{"type":"Feature","id":"S13-52f26011f0-109498","properties":{"record_id":"S13-52f26011f0-109498","source_id":"S13","source_row":109498,"source_hash":"52f26011f06ea7cd825e2728b8da25c38b6072684a0544f698c01d8775f9353e","theme":"water","status":"DERIVADO","origin":"OFICIAL","name":"Cuerpos de agua","date":"2020","clipped":false,"simplification_m":2,"fid_1":109499,"Clase":8,"Descrip":"Cuerpos de agua","Fecha":2020},"geometry":{"type":"Polygon","coordinates":[[[-89.68253084233282,21.27650159562991],[-89.6827234269338,21.276498526690826],[-89.68272179022415,21.276408272601135],[-89.68281808145059,21.276406738416007],[-89.6828164446785,21.276316484331993],[-89.68300902900778,21.276313415033727],[-89.68300739114405,21.276223160878715],[-89.68329626746905,21.2762185560282],[-89.68329462933066,21.276128302785114],[-89.68358350544197,21.276123697392563],[-89.68358186719487,21.276033443253336],[-89.68367815910754,21.2760319086051],[-89.68367652176256,21.275941654549392],[-89.68386910457063,21.2759385840915],[-89.6838674670986,21.275848330042514],[-89.68396375887549,21.275846795214743],[-89.68396212037645,21.27575654109366],[-89.68415470387737,21.27575347035443],[-89.68415306525125,21.27566321624015],[-89.68453823188504,21.275657074943098],[-89.6845398698051,21.27574732897511],[-89.68434728736939,21.27575039937284],[-89.6843505629576,21.27593090745507],[-89.68425427208943,21.27593244260416],[-89.68425754755717,21.27611295070693],[-89.68416125647457,21.276114486701726],[-89.68416453190488,21.27629499392096],[-89.68406824069075,21.27629652985732],[-89.68407151696516,21.276477037174885],[-89.683975224655,21.276478572975087],[-89.68397686229011,21.27656882615089],[-89.68388056991317,21.276570361891597],[-89.6838822083674,21.27666061605498],[-89.6837859160066,21.276662150832127],[-89.68378755439838,21.27675240500119],[-89.68369126197084,21.27675393971887],[-89.6836928993356,21.27684419381578],[-89.68359660772269,21.27684572945583],[-89.68359496945799,21.276755475279984],[-89.68349867702604,21.27675700987647],[-89.68349703970969,21.276666756685998],[-89.68330445488536,21.276669826599047],[-89.6833028177835,21.2765795725069],[-89.68320652547423,21.27658110691933],[-89.68320816251143,21.276671361012664],[-89.68301557863849,21.276674430639943],[-89.68301721554862,21.27676468474003],[-89.68272833900504,21.276769289142983],[-89.68272997572349,21.276859543250925],[-89.68244109904924,21.276864146207764],[-89.682442735576,21.276954400323675],[-89.68225015128007,21.27695746898806],[-89.6822468764751,21.276776961504908],[-89.68234316901875,21.276775426792035],[-89.68234153256103,21.276685172684246],[-89.68243782495473,21.276683638816003],[-89.68243618747,21.27659338463598],[-89.68253247987998,21.276591849804216],[-89.68253084233282,21.27650159562991]]]}},{"type":"Feature","id":"S13-52f26011f0-109499","properties":{"record_id":"S13-52f26011f0-109499","source_id":"S13","source_row":109499,"source_hash":"52f26011f06ea7cd825e2728b8da25c38b6072684a0544f698c01d8775f9353e","theme":"water","status":"DERIVADO","origin":"OFICIAL","name":"Cuerpos de agua","date":"2020","clipped":false,"simplification_m":2,"fid_1":109500,"Clase":8,"Descrip":"Cuerpos de agua","Fecha":2020},"geometry":{"type":"Polygon","coordinates":[[[-89.67973787383524,21.260566461473445],[-89.67973623940686,21.260476207261448],[-89.67963995762624,21.260477739337666],[-89.67963832334782,21.260387484225106],[-89.6795420416296,21.260389016239607],[-89.67954040733493,21.260298762034655],[-89.67934784410431,21.26030182497564],[-89.67935274555991,21.26057258843731],[-89.67916018096842,21.260575651064716],[-89.67915364683091,21.260214633469488],[-89.67924992842858,21.260213101699513],[-89.67924666120221,21.26003259338383],[-89.67934294266846,21.260031061555505],[-89.67934130851172,21.259940807366718],[-89.6792450271101,21.259942339193945],[-89.67924175997996,21.259761830001853],[-89.67904919654721,21.25976489248821],[-89.67904756259091,21.259674638309964],[-89.6787587180599,21.259679232072678],[-89.67875708534714,21.259588977069527],[-89.6783719588629,21.259595101483264],[-89.67837032536332,21.259504847306456],[-89.67817776324326,21.259507908773447],[-89.6781761298751,21.259417654599073],[-89.67807984787044,21.259419185614743],[-89.67807821561657,21.25932893061766],[-89.67788565277738,21.25933199163882],[-89.67788401960746,21.25924173747035],[-89.67759517596676,21.259246329035264],[-89.6775935429929,21.259156074868123],[-89.67740098039023,21.259159135278953],[-89.67739934754779,21.259068881114207],[-89.67691794176658,21.259076531566347],[-89.67691630924944,21.2589862774007],[-89.67682002753932,21.258987807623157],[-89.6768183961365,21.258897552634807],[-89.6766258338034,21.258900612973626],[-89.67662420156755,21.258810357909816],[-89.67614279562044,21.258818006748065],[-89.67614116370984,21.258727751683303],[-89.67604488217614,21.258729281417768],[-89.67604325121366,21.258639027338457],[-89.67594696982546,21.25864055610719],[-89.67594207538248,21.258369791929848],[-89.6758457941028,21.258371321538664],[-89.67584416231396,21.258281067397753],[-89.67555531970314,21.258285655031248],[-89.6755536881934,21.258195399987603],[-89.67545740799862,21.258196929429726],[-89.67545414503188,21.258016420258116],[-89.67535786399971,21.25801794955958],[-89.67535623359022,21.257927694605442],[-89.67525995262048,21.257929223845228],[-89.67525669000841,21.257748713792832],[-89.67516041013016,21.257750243047692],[-89.67515877889203,21.257659988027353],[-89.67544762017218,21.25765540114416],[-89.67544925160415,21.257745656161173],[-89.67554553147583,21.25774412672456],[-89.67554716297464,21.257834381745134],[-89.67573972476956,21.25783132284372],[-89.6757413554353,21.257921577788768],[-89.67593391735069,21.257918518642768],[-89.67593717991171,21.258099028620272],[-89.67603346099536,21.258097498954147],[-89.67603509290906,21.258187753083604],[-89.6763239352931,21.258183164544615],[-89.6763255663554,21.25827341950154],[-89.67642184755944,21.25827188959088],[-89.67642347965293,21.2583621446292],[-89.67651975995508,21.25836061457896],[-89.6765213921153,21.25845086962079],[-89.67661767344427,21.258449339586726],[-89.67661930479001,21.25853959365014],[-89.67671558609831,21.258538064458442],[-89.67671721847529,21.25862831860324],[-89.67681349896466,21.258626788367923],[-89.6768151313254,21.25871704342028],[-89.67710397482001,21.258712453407295],[-89.67710234226544,21.258622198358214],[-89.67719862362742,21.258620668862502],[-89.67720025536524,21.258710922928508],[-89.6772965368727,21.258709392466976],[-89.67729490410584,21.258619138324196],[-89.67748746602051,21.258616077143813],[-89.67748909883356,21.258706332188392],[-89.67777794131773,21.258701740825174],[-89.67777957440987,21.258791994967027],[-89.67797213647803,21.25878893408036],[-89.67797050325666,21.258698679940707],[-89.67816306526989,21.258695617909805],[-89.67816469853743,21.25878587295132],[-89.6782609800876,21.258784341882837],[-89.67826261254059,21.25887459594591],[-89.67835889407012,21.25887306571977],[-89.67836052658993,21.25896331978638],[-89.67864937056088,21.258958726855095],[-89.67865100319365,21.259048981827085],[-89.67893984637428,21.25904438826936],[-89.67894311404606,21.259224897472123],[-89.67923195759467,21.25922030336248],[-89.67923359070478,21.25931055743758],[-89.67942615348258,21.259307494719955],[-89.67942452024322,21.259217240647065],[-89.67952080112352,21.259215708707547],[-89.67951916685729,21.259125454562504],[-89.67961544863523,21.259123922641322],[-89.67961708200161,21.259214176707378],[-89.67980964463263,21.259211113507284],[-89.67980801017255,21.25912085936559],[-89.67971172944651,21.259122390581734],[-89.67971009505325,21.25903213644353],[-89.67951753364076,21.259035199595914],[-89.67951099765408,21.25867418225423],[-89.67960727910892,21.258672650338585],[-89.6796007438633,21.258311633153067],[-89.67950446275,21.258313164160196],[-89.67950119531113,21.258132655140923],[-89.67940491520622,21.258134187067157],[-89.67940001381751,21.257863423078557],[-89.67930373390428,21.257864954940903],[-89.67930209988324,21.257774699958855],[-89.67920582003242,21.25777623175955],[-89.67920418599515,21.25768597768508],[-89.67872278535157,21.25769363290608],[-89.67872115163955,21.257603378830716],[-89.6785285912865,21.257606440658055],[-89.67852532517502,21.257425931690495],[-89.67862160574715,21.257424400396243],[-89.67861997210635,21.257334146333584],[-89.67871625261168,21.257332614979834],[-89.67871461890846,21.25724236092294],[-89.67900345916996,21.25723776732771],[-89.67900182535813,21.25714751237472],[-89.6791943850431,21.25714444995252],[-89.67919765196298,21.257324959780945],[-89.67929393245514,21.25732342806366],[-89.67929556550077,21.25741368294477],[-89.67948812556028,21.257410620152463],[-89.67949139296408,21.257591129097882],[-89.67958767364351,21.257589597195526],[-89.67958930688955,21.2576798520871],[-89.6797818673236,21.257676788924663],[-89.6797884030247,21.258037805972048],[-89.67969212299101,21.258039338079],[-89.67969539068397,21.25821984708463],[-89.6797916708469,21.2582183149755],[-89.67979330520198,21.258308569975075],[-89.67998586556745,21.258305506476894],[-89.679987500137,21.25839576057485],[-89.68027634186853,21.25839116449566],[-89.68027961035445,21.258571673524923],[-89.68037589067963,21.25857014195191],[-89.68038733150863,21.25920192237498],[-89.68067617495849,21.25919732553883],[-89.68067944400083,21.25937783464235],[-89.68077572498183,21.259376301912916],[-89.6807740898712,21.259286047773053],[-89.6808703716668,21.25928451596608],[-89.68087527527024,21.259555278240494],[-89.68106783836114,21.259552213456193],[-89.68106620305225,21.259461959310443],[-89.68145132798479,21.25945582894138],[-89.68145296355215,21.259546083082746],[-89.68193436970894,21.259538419185187],[-89.68193600463712,21.259628673247715],[-89.68212856684451,21.25962560705043],[-89.68213183784734,21.25980611616689],[-89.68232440030441,21.25980304972282],[-89.68232603646209,21.259893303872627],[-89.68280744284797,21.259885637148606],[-89.68280907933095,21.2599758912975],[-89.68309792331333,21.25997129071349],[-89.6830995590279,21.260061544785835],[-89.68329212279319,21.260058477201156],[-89.6832937586392,21.260148731275876],[-89.6834863215605,21.260145663368817],[-89.68348795753799,21.260235917445943],[-89.68406564655383,21.26022671316803],[-89.68406728388562,21.260316967320954],[-89.68454869168922,21.260309295116215],[-89.68454705403434,21.26021904096887],[-89.68464333549063,21.260217506708873],[-89.68464660996736,21.260398014928192],[-89.68483917321484,21.260394945317977],[-89.68483753536388,21.260304691169303],[-89.68512637990023,21.260300087659015],[-89.6851247428221,21.260209833596114],[-89.68531730578918,21.26020676338445],[-89.68532058020611,21.260387271510407],[-89.68541686177404,21.26038573676352],[-89.68541849913345,21.26047598992827],[-89.68561106239196,21.260472920250468],[-89.68561925050057,21.26092418982625],[-89.6857155324496,21.260922654890937],[-89.68571880838311,21.2611031631596],[-89.68581509054222,21.261101627257396],[-89.68581672809466,21.26119188135865],[-89.68591301023316,21.261190346298825],[-89.68591956177096,21.26155136191924],[-89.68601584416574,21.261549826794344],[-89.68601748194142,21.261640080012366],[-89.68611376439861,21.261638544825814],[-89.6861170399198,21.261819053081517],[-89.68630960516916,21.261815981618156],[-89.68631124306229,21.261906235750722],[-89.68650380843202,21.261903164042778],[-89.6865054464566,21.261993418177724],[-89.68660172924429,21.26199188177971],[-89.68660336733566,21.262082135918202],[-89.68669964913836,21.262080600284726],[-89.68670128826103,21.262170854504507],[-89.6867975702091,21.262169317905265],[-89.6867992093986,21.26225957212854],[-89.68699177429879,21.262256499728004],[-89.68699341265526,21.26234675387584],[-89.68757110857241,21.262337536195307],[-89.68756946974516,21.262247282958153],[-89.68785831748016,21.262242673303287],[-89.68785667749688,21.262152419996305],[-89.68795296038297,21.262150882747818],[-89.68795132130171,21.262060629524402],[-89.68804760307354,21.26205909304265],[-89.68804596401287,21.261968838920886],[-89.68823852838521,21.261965765855763],[-89.68823688919744,21.261875511740755],[-89.68842945343175,21.261872438435528],[-89.688427814117,21.26178218432736],[-89.68852409664844,21.26178064762389],[-89.68852573602783,21.261870901730916],[-89.68871830033184,21.261867827158024],[-89.6887199398427,21.26195808126747],[-89.68891250418416,21.26195500735413],[-89.68891414390941,21.262045260561873],[-89.68910670933577,21.262042186481686],[-89.68910834919252,21.262132439691836],[-89.68930091377484,21.26212936528931],[-89.68930255367998,21.262219619405887],[-89.68949511846579,21.262216543854727],[-89.68949675850234,21.262306797973704],[-89.68968932332552,21.26230372308203],[-89.68969096357652,21.26239397629928],[-89.6898835285202,21.262390901163055],[-89.68988516890263,21.26248115438269],[-89.68998145095351,21.262479616683667],[-89.68998309131977,21.262569870810914],[-89.69007937439761,21.262568333127977],[-89.69008101491369,21.26265858635467],[-89.6901772970894,21.262657048532215],[-89.69017893767231,21.262747301762406],[-89.68989008989716,21.262751915877505],[-89.68988844959111,21.26266166173993],[-89.68979216740878,21.262663199380622],[-89.68979052708657,21.26257294615061],[-89.68969424400218,21.262574483651747],[-89.68969260374674,21.262484230425244],[-89.68959632168924,21.26248576794252],[-89.68959468061917,21.262395513737655],[-89.68940211566235,21.262398588510358],[-89.68940047560521,21.26230833528977],[-89.68920791076874,21.262311409817897],[-89.68920955157813,21.26240166402259],[-89.68930583357981,21.262400126748815],[-89.68930747357459,21.262490379975166],[-89.68940375660317,21.262488842717424],[-89.68940539666471,21.262579095947288],[-89.68959796188001,21.26257602117008],[-89.68959960199,21.26266627530644],[-89.68969588425978,21.262664736882858],[-89.6896975244366,21.26275499102262],[-89.68931239445345,21.26276114066364],[-89.68931075348765,21.2626708873457],[-89.68921447129212,21.262672424622846],[-89.68921283135754,21.262582171386136],[-89.68902026612461,21.262585245678615],[-89.68901862640455,21.262494991540308],[-89.68892234328418,21.262496529459632],[-89.68892070363093,21.262406275324825],[-89.68901698660368,21.262404738310625],[-89.68901370612708,21.262224230883223],[-89.68891742424796,21.26222576797301],[-89.68891578451831,21.262135514756057],[-89.68872321991839,21.262138588673878],[-89.6887215794387,21.262048334477427],[-89.6884327331153,21.262052945839397],[-89.68843601184322,21.262233453183825],[-89.68853229469774,21.26223191647478],[-89.6885306543451,21.262141662271546],[-89.68862693713288,21.262140125503027],[-89.68862857658567,21.262230379627375],[-89.6887248595188,21.262228841893034],[-89.6887281386432,21.262409349249317],[-89.68863185558084,21.262410886985837],[-89.6886384145621,21.262771901835837],[-89.68873469780002,21.262770364998946],[-89.68873633741582,21.262860618250418],[-89.6888326197516,21.262859081274005],[-89.68883426039872,21.26294933460669],[-89.68921939094285,21.26294318616856],[-89.68922103185065,21.263033439501477],[-89.68999129439766,21.26302113888178],[-89.68998965402038,21.2629308847315],[-89.69037478445881,21.26292473338512],[-89.69037150311091,21.262744226011332],[-89.69046778630911,21.26274268808385],[-89.69046942700508,21.26283294221935],[-89.69066199167823,21.2628298651207],[-89.69066363347005,21.26292011933636],[-89.69075991582648,21.262918581147094],[-89.69075827493444,21.262828327010325],[-89.69085455722397,21.262826788761572],[-89.69085127515133,21.26264628231219],[-89.6909475573094,21.262644744005048],[-89.69094591629474,21.26255448988436],[-89.69104219935048,21.262552951595506],[-89.69104055819042,21.262462698384592],[-89.69113684021487,21.262461159958463],[-89.69113519907538,21.262370905849206],[-89.69103891711555,21.262372444274163],[-89.69103563480638,21.262191937875315],[-89.69084307017411,21.262195014461287],[-89.69084142923509,21.26210476036244],[-89.69064886472317,21.262107836703795],[-89.69064722383261,21.262017583511444],[-89.69055094212024,21.262019121629077],[-89.69054930137946,21.26192886753615],[-89.69045301876504,21.261930405514192],[-89.69044973733631,21.26174989824403],[-89.6901608917134,21.261754512867764],[-89.69015925123774,21.261664258784215],[-89.69006296880833,21.261665796516667],[-89.6900613283165,21.26157554334064],[-89.68986876454483,21.261578618699243],[-89.68986712426734,21.261488364621624],[-89.6896745606161,21.261491439735636],[-89.68967292038714,21.261401186564438],[-89.68948035685625,21.261404261433878],[-89.68947707674637,21.261223754196784],[-89.68928451346522,21.26122682881948],[-89.68928287358433,21.261136574753536],[-89.68918659152276,21.261138111934006],[-89.6891833118138,21.26095760471791],[-89.68870190404837,21.260965289855733],[-89.6886986249944,21.260784782646965],[-89.68860234317816,21.26078631945947],[-89.6886007037606,21.260696065408872],[-89.68850442297119,21.26069760223741],[-89.68850278257297,21.26060734901653],[-89.68831022015245,21.26061042241189],[-89.6882971062935,21.259888391991367],[-89.68848966768017,21.259885318613836],[-89.68848147096442,21.25943404953598],[-89.68838519011304,21.259435586210632],[-89.68838355077473,21.259345333131055],[-89.68828727095021,21.259346869821808],[-89.68828563176174,21.259256615841643],[-89.68809307030638,21.259259688883514],[-89.68809143124932,21.259169434905786],[-89.6878988708789,21.259172507780868],[-89.68790214873677,21.259353015745443],[-89.68732446486838,21.259362232774357],[-89.68732282632604,21.259271978783115],[-89.6872265455775,21.25927351472847],[-89.68722818405521,21.259363768720807],[-89.68713190323986,21.259365304606685],[-89.68713354165516,21.259455558604785],[-89.68703726077297,21.25945709443117],[-89.68703889912588,21.25954734843496],[-89.68684633819012,21.25955041998604],[-89.68684797641598,21.25964067399666],[-89.68675169539796,21.25964220964349],[-89.68675333356138,21.259732463659883],[-89.68656077138954,21.25973553477401],[-89.68655749532327,21.25955502674149],[-89.68646121428026,21.259556563109534],[-89.68645466243274,21.259195547095345],[-89.68635838172901,21.259197082494328],[-89.68635674383724,21.259106828501185],[-89.6864530235119,21.259105293025545],[-89.6864431958197,21.25856376917045],[-89.6863469155683,21.258565304561635],[-89.68634527760891,21.258475051504927],[-89.68644155787872,21.258473515210746],[-89.68643664398586,21.25820275426345],[-89.68634036399291,21.25820428965018],[-89.68633381253579,21.257843273908577],[-89.68652637200258,21.257840203083383],[-89.6865296479852,21.258020710940503],[-89.6866259278445,21.258019175434804],[-89.68662756598674,21.258109428465126],[-89.68682012582809,21.258106357269735],[-89.68681848755655,21.25801610424165],[-89.68691476740933,21.258014568554156],[-89.68691804400069,21.25819507551687],[-89.68711060395799,21.25819200395568],[-89.68711224138025,21.258282257816006],[-89.68768992158714,21.25827304167185],[-89.68769156036372,21.25836329560787],[-89.6880766796687,21.258357151121846],[-89.68807504159807,21.25826689726806],[-89.68826760066736,21.258263824172836],[-89.68827087899814,21.258444332036166],[-89.68836715914094,21.258442795434355],[-89.68836551990982,21.258352541501466],[-89.68855808005958,21.258349468118272],[-89.68855971941998,21.258439722048916],[-89.68875227872573,21.258436648343366],[-89.6887539182175,21.258526902276444],[-89.68904275880011,21.258522291377005],[-89.68904603721359,21.258702799172486],[-89.68914231753261,21.25870126208264],[-89.68914559713147,21.25888176906812],[-89.68991583862662,21.258869470898777],[-89.68991255799382,21.258688963931096],[-89.69010511859011,21.258685888600183],[-89.69010347810627,21.258595635577528],[-89.69019975737208,21.258594097744535],[-89.69019811787325,21.258503843901323],[-89.69039067715046,21.25850076903763],[-89.69039395842051,21.258681275975743],[-89.69049023774434,21.258679737959863],[-89.6904918784058,21.258769991886783],[-89.69058815875643,21.25876845388699],[-89.69059636162143,21.259219721699242],[-89.69069264132848,21.259218183555532],[-89.69069592293849,21.259398691464856],[-89.69079220373702,21.25939715333609],[-89.69079384364557,21.259487407218842],[-89.69069756382986,21.25948894452238],[-89.69069920464038,21.25957919848861],[-89.69060292371041,21.259580736559013],[-89.69060620529181,21.25976124360343],[-89.69089504749833,21.259756629126056],[-89.69089340647122,21.259666376056902],[-89.69098968649477,21.259664837725843],[-89.69098640536524,21.259484330777326],[-89.69117896611172,21.259481254015725],[-89.69118060724531,21.25957150797641],[-89.69166200883073,21.259563815871733],[-89.69166365037262,21.259654068927343],[-89.69195249222965,21.259649453358012],[-89.6919541338846,21.259739707318996],[-89.69205041394848,21.25973816832039],[-89.69205205575321,21.259828421380785],[-89.69214833579662,21.259826883224587],[-89.69214997766817,21.25991713628847],[-89.69243882007363,21.259912519800313],[-89.69244046117686,21.260002772787768],[-89.69263302254957,21.259999695099253],[-89.69263794810595,21.26027045514209],[-89.69254166766754,21.260271994510887],[-89.69254330980864,21.26036224759346],[-89.69235074783154,21.26036532607373],[-89.69235238984555,21.26045557916311],[-89.69225610830689,21.2604571182746],[-89.69225775017551,21.260547372273752],[-89.69216146961746,21.260548910499494],[-89.69216475235068,21.260729417532037],[-89.69264615802597,21.260721722325695],[-89.69265108459967,21.260992482557],[-89.69274736546986,21.26099094402278],[-89.69274900775777,21.261081197139973],[-89.69284528877327,21.261079657639993],[-89.69284693104503,21.261169911664734],[-89.6931357752367,21.261165292875667],[-89.69313905929306,21.261345799950508],[-89.69323534145812,21.26134426028262],[-89.69324026827677,21.261615020512906],[-89.69314398688238,21.26161656026193],[-89.69314234440574,21.261526306217455],[-89.69304606307368,21.261527845904812],[-89.6930444205809,21.2614375927679],[-89.69285185707513,21.261440671880788],[-89.69285349943866,21.261530925019912],[-89.6927572181001,21.261532464525455],[-89.69276050174008,21.26171297074199],[-89.69266422027006,21.261714510189197],[-89.69266586242802,21.261804764248414],[-89.69218445287567,21.26181245952149],[-89.69218117008957,21.261631952378337],[-89.69179604247277,21.261638108189477],[-89.69179932578938,21.261818614515242],[-89.69189560726089,21.261817076516277],[-89.69189724898709,21.261907329684966],[-89.69208981318323,21.261904251772744],[-89.69209145504087,21.261994504943804],[-89.69247658261766,21.26198834921414],[-89.69247822473596,21.262078602385344],[-89.69257450646887,21.262077063054907],[-89.6925761485711,21.262167317133702],[-89.69296127670373,21.26216115927927],[-89.69296291914954,21.262251412454138],[-89.69305920091769,21.262249873722606],[-89.69306084343033,21.26234012690097],[-89.69334969012887,21.262335507704982],[-89.69335625992952,21.262696521277494],[-89.69297113124583,21.2627026802058],[-89.69297277274039,21.262792933330523],[-89.6924913606315,21.262800629651387],[-89.69248971849554,21.26271037644331],[-89.6923934363081,21.262711915720974],[-89.69239179423897,21.262621662516363],[-89.69219922998663,21.262624740887706],[-89.69219758813192,21.262534486781437],[-89.69210130510263,21.262536025797328],[-89.69209966323177,21.262445772598607],[-89.69200338122928,21.262447311630627],[-89.6920050230356,21.2625375648304],[-89.6918124579304,21.26254064263704],[-89.69181081721786,21.262450389512747],[-89.69142568723954,21.262456544394475],[-89.69142732865808,21.262546797600983],[-89.6912347635265,21.262549874680545],[-89.691236404818,21.262640127893867],[-89.69114012266645,21.26264166638276],[-89.69114340504389,21.262822173729496],[-89.69095084047578,21.262825250529968],[-89.6909541226035,21.2630057578996],[-89.69085783922245,21.263007296133363],[-89.6908594802665,21.263097549374223],[-89.69076319778311,21.263099087626294],[-89.69076976155694,21.263460102448143],[-89.6906734788128,21.263461640644046],[-89.6906767606667,21.263642147180782],[-89.6909656102445,21.263637532482267],[-89.69096232808594,21.26345702504818],[-89.69105861082339,21.263455486670473],[-89.6910569696413,21.26336523341344],[-89.69163466756117,21.263356002036996],[-89.69163630913097,21.26344625528731],[-89.69279170454354,21.26342778589961],[-89.69279006219828,21.263337532662653],[-89.69298262745806,21.263334453546467],[-89.6929809849858,21.263244200316265],[-89.69307726754772,21.26324266066842],[-89.69307562501302,21.263152407443975],[-89.69326819096551,21.263149328046484],[-89.6932665483038,21.263059074828906],[-89.69336283072985,21.263057535001483],[-89.69336118800572,21.262967281789575],[-89.69355375272208,21.26296420195521],[-89.6935521108354,21.26287394882796],[-89.69374467541364,21.26287086875346],[-89.69374138945945,21.26269036236163],[-89.69364510730067,21.262691902426923],[-89.69363853672459,21.262330888867755],[-89.69373481862489,21.262329348806894],[-89.69373974656862,21.26260010826856],[-89.69402859371944,21.262595488694256],[-89.69402695055392,21.262505235513167],[-89.69412323257471,21.262503695207737],[-89.69412158934686,21.2624134420324],[-89.69431415421693,21.262410361319684],[-89.69431251086203,21.262320108151187],[-89.69469763926983,21.262313946829597],[-89.69469599565868,21.262223693670137],[-89.6947922774701,21.26222215294391],[-89.69479556474087,21.26240266016927],[-89.6948918466794,21.262401119380225],[-89.6948902029368,21.26231086621842],[-89.69508276667783,21.26230778446077],[-89.69508769725257,21.26257854477978],[-89.69499141527226,21.262580084788095],[-89.69499470290212,21.262760591141827],[-89.6948984207074,21.26276213199588],[-89.69490006349655,21.262852385103013],[-89.69480378123504,21.262853925897588],[-89.69480542492623,21.262944179088212],[-89.69470914259786,21.26294571982331],[-89.69471078622666,21.263035973019637],[-89.69490335101042,21.263032891486525],[-89.69490170725238,21.26294263829247],[-89.69528683645211,21.26293647540783],[-89.69528848046863,21.2630267285974],[-89.69538476276543,21.263025188401702],[-89.69538640684875,21.263115441594802],[-89.69567525416866,21.26311081792864],[-89.69567689844807,21.263201071123046],[-89.69586946336328,21.263197989277803],[-89.69586781895464,21.263107736085633],[-89.69596410138574,21.26310619462121],[-89.6959624569147,21.263015941434773],[-89.69625130391806,21.26301131758545],[-89.69624966021985,21.262921064484686],[-89.69634594242994,21.26291952368416],[-89.69634429770483,21.262829270511453],[-89.69653686215506,21.2628261869228],[-89.69653192856977,21.262555427516574],[-89.69710962045562,21.26254617802886],[-89.69710468572698,21.262275418684126],[-89.69729724936653,21.262272334139446],[-89.6973021844828,21.262543093477465],[-89.69778359426343,21.262535383750997],[-89.69778194857787,21.26244513061339],[-89.69797451236202,21.262442046120107],[-89.69796957589533,21.262171286819285],[-89.69806585763168,21.262169744033027],[-89.69806421272558,21.262079490994942],[-89.69796793105387,21.262081033780053],[-89.6979629946137,21.261810274534522],[-89.69805927609154,21.261808731752758],[-89.69805269546832,21.261447720527975],[-89.69814897668552,21.261446177690075],[-89.69814403990408,21.26117541854799],[-89.69824032084229,21.26117387655696],[-89.6982370298579,21.2609933705134],[-89.69833331074767,21.260991827559927],[-89.69833166567638,21.26090157458502],[-89.69852422723703,21.26089848940258],[-89.69852258203878,21.260808236434592],[-89.6989077047921,21.26080206625115],[-89.69890605837314,21.26071181321446],[-89.69900233897059,21.260710270744305],[-89.69900069345367,21.260620017791048],[-89.69919325459563,21.260616931767057],[-89.6991916089517,21.260526678820657],[-89.69928788941327,21.260525136170916],[-89.69928624274247,21.260434883152566],[-89.69947880361276,21.260431796769492],[-89.69947715777933,21.260341543835658],[-89.69957343810512,21.260340001006416],[-89.69957014535126,21.260159495077104],[-89.69966642554562,21.260157952189466],[-89.69966313363582,21.2599774463586],[-89.69956685357077,21.259978989243983],[-89.69956520768378,21.259888736334325],[-89.69946892768114,21.259890279157997],[-89.69946728089657,21.25980002617413],[-89.6992747209309,21.259803112541565],[-89.69927307524223,21.259712859637773],[-89.69908051547986,21.2597159448566],[-89.6990821610393,21.25980619776258],[-89.69898588109024,21.259807740282188],[-89.69898259010274,21.259627234472624],[-89.69869375054695,21.25963186256535],[-89.69869539584577,21.25972211547125],[-89.69850283597398,21.25972520086702],[-89.69850612631974,21.259905706697023],[-89.69860240634449,21.25990416447919],[-89.69860569779277,21.26008467040311],[-89.69850941763872,21.260086212623165],[-89.69851106281939,21.260176465554323],[-89.69831850229257,21.26017955071891],[-89.69832014734612,21.260269803656932],[-89.69822386705629,21.26027134569739],[-89.69822222206736,21.260181092758337],[-89.69745197897268,21.260193429526783],[-89.69745362440916,21.260283682552558],[-89.69716478234308,21.26028830858686],[-89.69716313806485,21.260198055635517],[-89.69687429625561,21.260202680217127],[-89.69687594130447,21.26029293324955],[-89.69677966098145,21.26029447438123],[-89.69678130492048,21.260384728245697],[-89.69668502453064,21.260386269317944],[-89.69668338057335,21.260296016356406],[-89.69658709928152,21.260297557289224],[-89.69658545539097,21.260207304331164],[-89.69648917504308,21.260208846184085],[-89.69648753025498,21.26011859315181],[-89.69639125005243,21.26012013403892],[-89.69638960629554,21.260029881087878],[-89.69629332519094,21.260031421835556],[-89.6962949698476,21.26012167486547],[-89.69610240838406,21.260124757163087],[-89.69609747673725,21.259853998236064],[-89.69600119671972,21.259855538877485],[-89.69599955226344,21.25976528585809],[-89.69580699226806,21.25976836786106],[-89.69580863563057,21.259858620804888],[-89.69571235552347,21.259860162168664],[-89.69571399882355,21.25995041511824],[-89.69552143855644,21.259953496762165],[-89.69551979442107,21.259863243732546],[-89.69542351439028,21.259864784010457],[-89.69542187128626,21.259774531062146],[-89.69474790823607,21.25978531468626],[-89.69473804964444,21.25924379500502],[-89.69493060987752,21.259240714426134],[-89.69493225264524,21.259330967352344],[-89.69522109273136,21.25932634553532],[-89.6952194497698,21.25923609261247],[-89.69531572935267,21.25923455246347],[-89.69531408641167,21.25914429864231],[-89.69521780584591,21.259145839616444],[-89.6952161629717,21.259055585798695],[-89.69511988343291,21.259057126788917],[-89.69511823957812,21.258966873801057],[-89.69502196018462,21.258968413825468],[-89.69502031639664,21.25887816084107],[-89.6949240370656,21.25887970080382],[-89.69492239334447,21.258789447822906],[-89.69482611407577,21.258790987723952],[-89.6948195414835,21.258429975093517],[-89.69472326247111,21.258431514929516],[-89.69472161889024,21.258341261969505],[-89.69462533994022,21.258342801743755],[-89.69462369642615,21.258252548787222],[-89.6945274175386,21.258254088499797],[-89.69452905994065,21.258344342283788],[-89.69443278098626,21.258345881936872],[-89.69442949526614,21.258165375197674],[-89.69452577409135,21.25816383554679],[-89.69452413169364,21.25807358177206],[-89.6944278518857,21.258075122248147],[-89.6944262095549,21.257984868476967],[-89.69432992980938,21.257986408891338],[-89.69433157312298,21.25807666183736],[-89.69423529331064,21.25807820219225],[-89.69423365110906,21.257987948418805],[-89.69413737135905,21.257989488712035],[-89.6941390145435,21.258079741660296],[-89.69404273472668,21.25808128189399],[-89.69403944953676,21.257900775173617],[-89.69394317089443,21.257902314518233],[-89.69394152784363,21.257812061576974],[-89.69374896963419,21.25781514090854],[-89.6937473277623,21.25772488714337],[-89.6938436062798,21.25772334792214],[-89.69383867943603,21.257452587484057],[-89.69374240014793,21.257454126624197],[-89.6937391153765,21.257273619961722],[-89.69364283709689,21.25727516002087],[-89.69363790970944,21.25700439956759],[-89.69373418875963,21.25700285958959],[-89.69373254682465,21.25691260677005],[-89.693636267922,21.256914145842895],[-89.69363462605381,21.25682389302694],[-89.69353834721359,21.256825432038095],[-89.69353670444772,21.25673517914783],[-89.69363298330627,21.25673363923371],[-89.69362477232933,21.256282372378344],[-89.69352849387678,21.25628391138285],[-89.69352685208864,21.25619365859807],[-89.69343057369844,21.256195197540862],[-89.69342893206007,21.256104943855554],[-89.69323637531946,21.256108022461195],[-89.69323473381245,21.256017768778285],[-89.69313845546198,21.256019308441115],[-89.6931400978688,21.256109562202955],[-89.69304381953441,21.256111100902256],[-89.69303889436047,21.255840340686966],[-89.69323144975779,21.25583726225259],[-89.69322980825746,21.25574700858354],[-89.69303725202487,21.255750086937915],[-89.69303396920631,21.2555695805133],[-89.6934190801812,21.25556342349328],[-89.69341743759384,21.255473169762503],[-89.6942839366936,21.25545931430874],[-89.69428557889812,21.25554956795172],[-89.69447813385042,21.25554648794874],[-89.69447977618637,21.255636741594085],[-89.69486488720446,21.255630581838542],[-89.69486652980108,21.25572083548407],[-89.6950590859498,21.255717754827387],[-89.69506237149099,21.2558982612238],[-89.69515864964977,21.255896721254366],[-89.69516029244677,21.255986974910442],[-89.69535284800557,21.25598389380578],[-89.69535613491202,21.256164400301042],[-89.69525985656378,21.256165940394926],[-89.69526971590115,21.256707460824487],[-89.69546227248928,21.256704379580867],[-89.69546391550006,21.256794633275184],[-89.69556019437908,21.256793092148218],[-89.69556183745661,21.25688334584603],[-89.69565811639808,21.256881804657407],[-89.69565647220855,21.25679155178698],[-89.69575275100026,21.256790011442906],[-89.69574782034583,21.25651925121019],[-89.69584409797712,21.256517710731114],[-89.69584245471452,21.25642745705516],[-89.69564989853173,21.25643053877677],[-89.69564496809761,21.256159778596146],[-89.6955486906375,21.256161319853696],[-89.69554376041708,21.255890559711272],[-89.69564003856486,21.255889019438943],[-89.69564168176785,21.25597927218537],[-89.6957379590136,21.25597773177361],[-89.69573631582892,21.255887478124194],[-89.69602514928803,21.255882856684146],[-89.6960284361302,21.256063363076784],[-89.69612471439625,21.256061822499284],[-89.69612800137648,21.256242328908204],[-89.69603172394572,21.25624386956564],[-89.69603501080562,21.256424375995252],[-89.69622756697075,21.256421293788964],[-89.69622592336904,21.25633104102611],[-89.69641847939613,21.256327958579664],[-89.69642341139418,21.25659871876129],[-89.69651968907458,21.256597177856992],[-89.69652133287681,21.25668743063039],[-89.69661761158403,21.256685889742176],[-89.69661925545303,21.25677614251906],[-89.69652297659825,21.256777684312432],[-89.69652462136928,21.256867937172814],[-89.69671717815854,21.25686485434954],[-89.69672046595392,21.257045360828233],[-89.69681674395075,21.257043819736616],[-89.69681838892224,21.2571340726075],[-89.69701094503856,21.257130990240306],[-89.69700930090222,21.25704073744939],[-89.69710557993979,21.257039195349716],[-89.69711709010821,21.257670967765204],[-89.69702081166572,21.257672509046387],[-89.69702245581745,21.257762761869625],[-89.6969261772252,21.25776430399536],[-89.69692453322095,21.25767405026695],[-89.69682825372666,21.257675592253232],[-89.6968266097893,21.25758533852836],[-89.69673033132177,21.257586880530685],[-89.69672704253554,21.25740637391879],[-89.69663076427805,21.257407914954264],[-89.6966291194291,21.257317662067294],[-89.69653284123403,21.25731920304106],[-89.69653119741639,21.25722895023538],[-89.69624236108281,21.257233572634323],[-89.69624071746122,21.257143319829858],[-89.69614443938647,21.257144860559062],[-89.69614115139767,21.256964353980035],[-89.69604487336709,21.256965895550465],[-89.69604322899978,21.256875641775846],[-89.69594695103157,21.256877183284562],[-89.69594859445269,21.2569674360785],[-89.69585231650062,21.256968976623714],[-89.69585560313737,21.257149483131702],[-89.69575932497092,21.257151024522614],[-89.69576096826943,21.25724127733265],[-89.69595352561086,21.25723819546981],[-89.69595516895791,21.25732844918626],[-89.69605144821362,21.25732690774973],[-89.69605473609086,21.25750741436789],[-89.69615101442628,21.257505873694882],[-89.6961575895013,21.25786688690457],[-89.69625386914028,21.257865345340118],[-89.69625551269657,21.25795559908557],[-89.69635179143357,21.257954057381713],[-89.69635343602113,21.258044311208398],[-89.69644971482047,21.25804276944283],[-89.69645957925398,21.258584288566077],[-89.69674841760046,21.258579664771684],[-89.6967500614975,21.25866991854849],[-89.69694262086249,21.258666835438266],[-89.69694426497391,21.25875708831341],[-89.69713682445928,21.25875400495863],[-89.69713846861919,21.258844258740226],[-89.69733102822491,21.258841175140844],[-89.69733431697573,21.25902168090532],[-89.69743059638081,21.259020139425694],[-89.69743388615122,21.259200646188216],[-89.69753016576627,21.259199103741675],[-89.69753181124305,21.25928935671558],[-89.69762809083765,21.259287815111403],[-89.69763138096262,21.25946832099308],[-89.69772766068424,21.259466779326107],[-89.69772930533242,21.259557032233833],[-89.69782558511636,21.259555490505207],[-89.69782723079584,21.259645743494186],[-89.69801979056933,21.25964265894881],[-89.69801814476064,21.25955240596209],[-89.69811442550241,21.259550864129388],[-89.6981127796313,21.25946061114834],[-89.69820905942473,21.25945906827439],[-89.69820741445568,21.25936881537679],[-89.69849625346306,21.259364188202873],[-89.6984978995075,21.259454442078933],[-89.6986904589916,21.259451356689805],[-89.69868881369939,21.25936110379781],[-89.69907393229971,21.259354933200974],[-89.69907228675126,21.25926468031807],[-89.6991685663105,21.25926313774454],[-89.69916527420953,21.259082631012955],[-89.69906899469666,21.259084174488326],[-89.69906570369822,21.258903667850703],[-89.6993545415938,21.258899039961726],[-89.69935289586265,21.258808787105213],[-89.6994491750921,21.258807244355516],[-89.6994425920138,21.258446232076043],[-89.69934631207833,21.258447774743527],[-89.69934302064027,21.25826726908127],[-89.69924674179622,21.258268811763728],[-89.69924180484948,21.257998053301648],[-89.69914552523267,21.257999595842378],[-89.69913565186945,21.257458078132167],[-89.69923193021708,21.257456534616285],[-89.69923357576756,21.2575467883087],[-89.69942613250251,21.257543701997022],[-89.69942777818444,21.25763395569184],[-89.69952405753625,21.25763241297378],[-89.69952570336793,21.257722665768043],[-89.69962198181761,21.257721122910507],[-89.69962362771618,21.25781137570828],[-89.69981618473814,21.257808289809304],[-89.69981783076817,21.257898542609443],[-89.69991411030489,21.257896999645677],[-89.69991575640165,21.257987252449347],[-89.70010831366889,21.257984166182325],[-89.70010995989709,21.258074418988382],[-89.70020623859203,21.258072875762917],[-89.70020788488706,21.258163128572477],[-89.70030416364435,21.258161585285254],[-89.70030581000628,21.25825183809833],[-89.70040208882595,21.25825029474945],[-89.70040373525462,21.25834054756599],[-89.70059629398112,21.258337460761904],[-89.70059794054123,21.258427713580886],[-89.70069421948358,21.25842617004802],[-89.70069586611052,21.258516422870443],[-89.7007921451152,21.258514879275847],[-89.70079379180903,21.25860513210182],[-89.70089007087613,21.25860358844553],[-89.70089171763671,21.25869384127497],[-89.70098799676627,21.258692297556962],[-89.7009896435937,21.25878255038988],[-89.70108592278558,21.258781006610224],[-89.70109251037596,21.259142017983645],[-89.70089995147296,21.259145105491367],[-89.7009015982469,21.259235358348512],[-89.70080531872743,21.25923690201254],[-89.70080696640335,21.25932715495314],[-89.70071068681713,21.25932869855777],[-89.70071398011751,21.25950920429955],[-89.70061770039986,21.259510747845837],[-89.70062264017312,21.259781506496434],[-89.70052636025935,21.25978304998547],[-89.70052800775468,21.25987330295706],[-89.70043172777414,21.259874846386612],[-89.70043337424268,21.259965099286255],[-89.70024081414566,21.25996818596579],[-89.70024246048712,21.260058438872257],[-89.7001461802878,21.26005998302636],[-89.70014782656683,21.260150235938536],[-89.7000515463836,21.260151779129117],[-89.70005319356471,21.260242032124708],[-89.69995691331467,21.26024357525578],[-89.69995855946888,21.26033382817945],[-89.69986227915201,21.260335371251024],[-89.69986392524383,21.260425624180428],[-89.69976764486013,21.260427167192557],[-89.69976929088955,21.260517420127652],[-89.69957673086775,21.260520506954187],[-89.69957837677025,21.2606107598961],[-89.69948209625059,21.260612302728696],[-89.69948374209064,21.260702555676367],[-89.69938746150419,21.26070409844948],[-89.69938910824631,21.260794351480595],[-89.69929282751009,21.260795895098298],[-89.6992977656268,21.26106665406721],[-89.69949032643726,21.261063567590828],[-89.69949197325276,21.261153820639258],[-89.69958825424303,21.261152276895903],[-89.6995899001609,21.26124252987008],[-89.69987874314627,21.261237900081273],[-89.69987709598719,21.261147647936752],[-89.69997337696852,21.26114610395104],[-89.69997173079439,21.26105585098589],[-89.70026057336554,21.261051220476762],[-89.70025892595238,21.260960968345913],[-89.70035520679565,21.260959424120067],[-89.70035356036749,21.26086917116863],[-89.700449841061,21.260867627787395],[-89.70044819457038,21.260777374841645],[-89.70054447519713,21.26077583140095],[-89.70054282767968,21.260685578383235],[-89.70063910823956,21.26068403488305],[-89.70063746162417,21.26059378194877],[-89.70073374211721,21.26059223838916],[-89.70073209543942,21.260501985460593],[-89.70082837586563,21.260500441841447],[-89.70082672816098,21.260410188840883],[-89.70092300852035,21.26040864516233],[-89.70092136171776,21.26031839224521],[-89.70101764201033,21.260316848507134],[-89.70101599514531,21.260226595595814],[-89.70111227537105,21.260225051798272],[-89.70110568671014,21.25986404012564],[-89.7012019666752,21.259862496271946],[-89.70120361366058,21.259952749162675],[-89.70129989368813,21.259951205247326],[-89.70129659959026,21.259770699472785],[-89.70139287948628,21.259769155499068],[-89.70139123237608,21.25967890261984],[-89.70158379106788,21.259675814415125],[-89.7015821438306,21.259585561542746],[-89.70167842359082,21.259584017389546],[-89.70167677629111,21.25949376452287],[-89.70186933567564,21.25949067603683],[-89.7018709831045,21.259580928901283],[-89.70215982244142,21.259576294810394],[-89.70216147006637,21.259666547676115],[-89.70235402872278,21.259663458502043],[-89.70235567647913,21.259753711370106],[-89.70245195635081,21.25975216672993],[-89.70245360417407,21.25984241960152],[-89.70254988410815,21.25984087489961],[-89.70255153199822,21.25993112777471],[-89.70274409198902,21.259928038186956],[-89.70274574009345,21.26001829016037],[-89.70284202015011,21.260016745274473],[-89.7028436682384,21.2601069981554],[-89.70293994739309,21.26010545313011],[-89.7029415955482,21.260195706014574],[-89.70303787572978,21.26019416100529],[-89.7030395239517,21.26028441389321],[-89.70313580419558,21.26028286882221],[-89.70313745256733,21.260373120809618],[-89.70333001221331,21.260370030405948],[-89.70333166063354,21.26046028329977],[-89.70342794100002,21.26045873804479],[-89.70342958948711,21.260548990942105],[-89.703525869916,21.260547445625416],[-89.70352751855276,21.260637697622126],[-89.70362379904412,21.260636152243737],[-89.70362709628772,21.260816658056946],[-89.70372337594164,21.260815112538015],[-89.7037266734063,21.26099561746338],[-89.70382295415162,21.260994071959345],[-89.7038246029104,21.261084324879818],[-89.70392088371821,21.26108277931412],[-89.7039225326267,21.261173031333996],[-89.70411509340036,21.26116993994084],[-89.70411674235743,21.261260192867216],[-89.70430930325145,21.26125710122952],[-89.70431260151364,21.261437606187503],[-89.70450516265727,21.261434514302962],[-89.70450681187943,21.261524767238686],[-89.70469937314344,21.26152167510957],[-89.70470102258001,21.26161192714361],[-89.7048935849288,21.26160883484758],[-89.70489523441394,21.261699087788053],[-89.70499151468515,21.26169754147033],[-89.70499316432,21.261787793510265],[-89.70518572594958,21.26178470076853],[-89.7051873756329,21.261874953714887],[-89.70528365699121,21.26187340729087],[-89.70528530682432,21.261963659336626],[-89.70538158728051,21.26196211277322],[-89.70538323709759,21.262052365726547],[-89.7054795176162,21.262050819101407],[-89.70548116758299,21.26214107115416],[-89.70567372970726,21.262137977797636],[-89.70567537972262,21.262228230756808],[-89.7057716613283,21.262226684025425],[-89.70577331149329,21.262316936084012],[-89.70586959219696,21.26231538921317],[-89.70587124234592,21.262405642179342],[-89.70596752407646,21.262404095324545],[-89.70596917341064,21.262494347312387],[-89.70616173602976,21.26249125334108],[-89.70616503680941,21.262671758385643],[-89.70626131872709,21.262670211345693],[-89.70626461964483,21.26285071640644],[-89.7063609007251,21.26284916922603],[-89.70636255129332,21.26293942131014],[-89.70645883243601,21.26293787406796],[-89.70646048298818,21.26302812705967],[-89.70665304636056,21.26302503246903],[-89.70665469712705,21.26311528455901],[-89.70694354188062,21.26311064217649],[-89.7069468437251,21.26329114726764],[-89.70704312511295,21.263289599657494],[-89.70704477614457,21.263379851756806],[-89.70714105759482,21.26337830408494],[-89.70714270869328,21.263468556187792],[-89.70723899020594,21.263467008454203],[-89.70724064137123,21.263557260560507],[-89.7075294869713,21.263552617974696],[-89.70753113833266,21.26364287008223],[-89.70762741996566,21.263641322104085],[-89.70762907139387,21.26373157421511],[-89.70782163478242,21.263728478074785],[-89.70782493782113,21.263908983210268],[-89.70792121964128,21.263907435046992],[-89.70792452290097,21.264087939294544],[-89.70782824095157,21.26408948746007],[-89.70782989252008,21.264179739591874],[-89.70773361050387,21.264181287697898],[-89.70773526200998,21.26427153983542],[-89.70763897992684,21.264273087881985],[-89.70764063137062,21.26436334002523],[-89.70754434922065,21.264364888012352],[-89.70754600051917,21.26445514106536],[-89.70744971733787,21.26445668891533],[-89.70745136865685,21.264546941069998],[-89.70735508637321,21.264548488938157],[-89.70735673762972,21.264638741098548],[-89.70716417292662,21.264641836655354],[-89.70716582405619,21.26473208882259],[-89.70706954163666,21.26473363651122],[-89.70707119270374,21.26482388868417],[-89.70687862772887,21.264826983881882],[-89.70688027858614,21.264917236965776],[-89.70668771250865,21.26492033184571],[-89.7066893633217,21.26501058403235],[-89.7065930806973,21.26501213142137],[-89.70659473144795,21.26510238361373],[-89.70649844875665,21.265103930943322],[-89.70650009944495,21.26519418314137],[-89.70630753384366,21.265197278525044],[-89.70630918440487,21.265287530729953],[-89.70621290157776,21.26528907788003],[-89.70621455207659,21.265379330090628],[-89.7060219862035,21.26538242511527],[-89.7060236365753,21.265472677332752],[-89.70592735361228,21.265474224303247],[-89.70592900392167,21.265564476526407],[-89.70583272089175,21.265566023437458],[-89.7058343711388,21.26565627566636],[-89.70564180486029,21.26565937021297],[-89.70564345498025,21.265749622448688],[-89.70554717181453,21.265751169180195],[-89.70554882187207,21.26584142142163],[-89.70535625435727,21.265844515531533],[-89.7053579052523,21.265934767857527],[-89.70506905429335,21.265939408158037],[-89.70507235473787,21.266119912752792],[-89.70497607025294,21.266121459951634],[-89.70497772089615,21.266211712295853],[-89.70478515292068,21.266214804783523],[-89.70478680335398,21.26630505803864],[-89.70469051978058,21.26630660423155],[-89.70469216926985,21.266396856510635],[-89.70459588562963,21.266398402644075],[-89.7045975349736,21.26648865583299],[-89.70430868279831,21.26649329469949],[-89.70431033299803,21.266583547069914],[-89.7041177643917,21.266586639622414],[-89.7041194144644,21.26667689199965],[-89.70392684571996,21.26667998431199],[-89.70393014464908,21.266860489007048],[-89.70383386058508,21.266862035565442],[-89.70383715939381,21.26704254028115],[-89.70374087528124,21.267044085877124],[-89.70374252405911,21.267134339108186],[-89.7036462398798,21.267135884644713],[-89.70364459011911,21.267045632238897],[-89.70345202180008,21.267048724031927],[-89.70345367046698,21.2671389763623],[-89.70335738628094,21.267140521716993],[-89.70335903576708,21.267230775034868],[-89.70326275054973,21.26723232025239],[-89.70326440005634,21.267322572671887],[-89.70336068437385,21.267321027375534],[-89.70336233394731,21.267411279798466],[-89.7030734796641,21.267415917239635],[-89.70307512808138,21.267506169592856],[-89.70297884362799,21.267507714709684],[-89.70298049286457,21.267597968050353],[-89.70269163824989,21.267602603867054],[-89.70269328737766,21.267692856311612],[-89.70259700173882,21.26769440201469],[-89.70259865080413,21.267784654464965],[-89.70250236606297,21.267786200186254],[-89.70250401410138,21.267876452564543],[-89.70231144456602,21.267879542923527],[-89.7023130924774,21.267969795308673],[-89.70212052272103,21.2679728863316],[-89.70211887405729,21.26788263296246],[-89.70202258924037,21.26788417838197],[-89.70202094152508,21.2677939259981],[-89.70173208637338,21.267798560907895],[-89.70173043797254,21.26770830754346],[-89.70153786761284,21.267711397754947],[-89.70153622030799,21.267621144470603],[-89.70143993567167,21.267622689523204],[-89.70143828738621,21.26753243706871],[-89.70124571735462,21.267535526008096],[-89.70124407016515,21.267445273633708],[-89.70076264581141,21.267452995407197],[-89.7007642936423,21.26754324786488],[-89.70028286882724,21.267550969033266],[-89.70028451537269,21.267641221423407],[-89.69980309017923,21.2676489410826],[-89.6998047373683,21.267739193560665],[-89.6992270270446,21.267748455370807],[-89.69922867288363,21.26783870778239],[-89.6987472468394,21.267846425024366],[-89.69874889332206,21.267936677523878],[-89.69768975365903,21.26795364910807],[-89.69769139943305,21.268043901624445],[-89.69749882849986,21.268046986752996],[-89.69750047406399,21.268137240180238],[-89.69721161793595,21.268141867460898],[-89.69720997256579,21.268051614030288],[-89.69711368660701,21.26805315628306],[-89.69710875062059,21.267782396919536],[-89.69701246581799,21.26778393918617],[-89.69701082050295,21.267693686675745],[-89.69691453479818,21.267695228802875],[-89.69691288963291,21.267604975391915],[-89.69681660399065,21.267606517457292],[-89.69681495985668,21.267516264127572],[-89.69633353289962,21.267523973617973],[-89.69633517767501,21.267614227031018],[-89.69604632166616,21.267618852032644],[-89.69604796624982,21.2677091054536],[-89.69595168148757,21.267710647052592],[-89.69595332609175,21.26780089957522],[-89.69576075450226,21.267803982438068],[-89.69576239986098,21.2678942359494],[-89.69566611399836,21.267895777291052],[-89.69566775833012,21.26798603073028],[-89.69557147240064,21.267987572012473],[-89.69557476102455,21.268168078002855],[-89.69528590379957,21.26817270157036],[-89.69528754884402,21.268262955105556],[-89.69519126271183,21.268264496148706],[-89.69519290672933,21.26835474961191],[-89.69509662053025,21.268356290595587],[-89.69509826448534,21.26844654406448],[-89.69490569291597,21.26844962593004],[-89.69490733674401,21.268539879405743],[-89.69481105137359,21.268541420287622],[-89.69481269522217,21.268631672864956],[-89.6947164087375,21.26863321451372],[-89.6947180525237,21.268723467096734],[-89.69462176693669,21.26872500876379],[-89.69462341066045,21.268815261352486],[-89.69452712412499,21.268816801978243],[-89.69452876770346,21.26890705547674],[-89.6944324820657,21.26890859612072],[-89.69443412558167,21.268998849624914],[-89.69424155320583,21.269001930655588],[-89.69424319659475,21.26909218416666],[-89.69414690985667,21.269093724553333],[-89.69415184089033,21.269364484290936],[-89.69424812782235,21.269362943900973],[-89.69425141470299,21.269543450060247],[-89.69415512755883,21.269544991356558],[-89.69415677194387,21.26963524406994],[-89.69406048473282,21.269636785306787],[-89.69406212809089,21.269727037948076],[-89.69396584186055,21.26972857829914],[-89.69396748507324,21.26981883185025],[-89.69387119781155,21.269820372064046],[-89.69387448507885,21.27000087925996],[-89.69377819768563,21.27000241941541],[-89.69377984174024,21.27009267306022],[-89.69368355428026,21.270094213156213],[-89.69368519827246,21.270184466806743],[-89.69358891074562,21.270186006843257],[-89.69359055371086,21.27027626042171],[-89.69349426708166,21.2702778004765],[-89.69349590998449,21.270368054060665],[-89.69339962232401,21.270369593978202],[-89.69340290905451,21.27055010033621],[-89.69330662214406,21.270551641177207],[-89.69330990778967,21.27073214747803],[-89.69321362083073,21.27073368735659],[-89.69322183654772,21.271184953802102],[-89.69312554821595,21.271186494451907],[-89.69313047823374,21.271457254620575],[-89.69293790230637,21.271460334014765],[-89.69293954485009,21.27155058766522],[-89.69284325721782,21.271552128215525],[-89.6928448997821,21.27164238096761],[-89.69274861208291,21.2716439214584],[-89.69275189797048,21.27182442796041],[-89.69265560925827,21.27182596741098],[-89.69265889502536,21.272006473933533],[-89.69256260706332,21.27200801430762],[-89.69256424936178,21.272098267990003],[-89.6924679614158,21.272099807400544],[-89.69247288917813,21.272370567652302],[-89.69237660103609,21.272372107005534],[-89.69237988644188,21.27255261358974],[-89.69218730876221,21.272555693849334],[-89.69218895186295,21.272645946737367],[-89.69209266247292,21.27264748673851],[-89.69209430551122,21.27273773963225],[-89.69190172755981,21.272740819532704],[-89.6919033695065,21.272831072355498],[-89.69161450293426,21.272835690889877],[-89.69161614460629,21.272925944624618],[-89.69103841004987,21.272935179986284],[-89.69104169367255,21.27311568665661],[-89.69094540489742,21.27311722601395],[-89.69094868839973,21.273297732704822],[-89.6910449782686,21.273296193423043],[-89.69105647245365,21.27392796754625],[-89.69096018309685,21.273929506913593],[-89.69096675115408,21.27429052055621],[-89.69087046153665,21.27429205986742],[-89.6908721028099,21.274382312780258],[-89.69067952247454,21.274385391145366],[-89.69068116450232,21.274475645046884],[-89.69048858411186,21.27447872226767],[-89.69049022601259,21.274568976176024],[-89.69000877503255,21.27457666956823],[-89.69001041564776,21.274666923408887],[-89.68943267333283,21.2746761545249],[-89.68943431461003,21.27476640755051],[-89.68914544274668,21.274771022254956],[-89.68914708374922,21.274861276192507],[-89.68847304951484,21.274872041774962],[-89.68847140896472,21.274781787829653],[-89.68798995605945,21.2747894756969],[-89.68799159628634,21.274879729647846],[-89.68770272412995,21.27488434162885],[-89.68770436416523,21.274974595587686],[-89.68751178290887,21.274977669966816],[-89.68751342281706,21.275067923932472],[-89.68732084142265,21.275070998071534],[-89.6873224812038,21.275161252043983],[-89.6872261899564,21.275162788984755],[-89.68722947044363,21.27534329611931],[-89.6871331790647,21.275344833001753],[-89.68713481872321,21.275435086990136],[-89.686845945261,21.27543969825917],[-89.6868443057964,21.275349444267448],[-89.68530364685535,21.275374027164926],[-89.68530200842704,21.27528377316004],[-89.68510942562523,21.275286845342436],[-89.68511106497188,21.275377098523297],[-89.68491848203202,21.275380170465493],[-89.68491684386223,21.275289916456213],[-89.6847242610429,21.275292988153808],[-89.68472589908342,21.27538324216537],[-89.6843407342073,21.27538938401168],[-89.68434237199149,21.275479638032248],[-89.68414978985173,21.275482709084958],[-89.68415142750888,21.275572963112317],[-89.68395884434953,21.275576032942958],[-89.68396048284417,21.27566628705493],[-89.68367160781176,21.275670892253906],[-89.68367324611472,21.27576114637378],[-89.6834806625918,21.275764216507003],[-89.68348229980315,21.275854470555828],[-89.68319342523147,21.275859075834422],[-89.68319506233414,21.275949328987082],[-89.68309877039196,21.275950864235284],[-89.68310040831372,21.276041118375502],[-89.68281153244635,21.276045721951704],[-89.68281317017643,21.276135976099855],[-89.68271687809622,21.276137511107894],[-89.68271851479925,21.276227765183837],[-89.68252593155063,21.27623083419411],[-89.68252756812663,21.276321088276884],[-89.68223869260258,21.276325690850186],[-89.68224032898688,21.27641594494085],[-89.68214403669963,21.27641747958862],[-89.682145673986,21.276507733762788],[-89.68204938171498,21.276509267447043],[-89.68205429242892,21.27678002992249],[-89.68195799987876,21.276781564453522],[-89.68195963616319,21.276871817666276],[-89.6814781741037,21.27687948859179],[-89.6814765372609,21.27678923439161],[-89.68128395221507,21.276792301761837],[-89.68128231646828,21.276702047641837],[-89.68099343903532,21.276706648691427],[-89.68099507555269,21.276796902892613],[-89.68051361274199,21.276804570704982],[-89.68051524797389,21.276894824838422],[-89.6802263710649,21.276899424518252],[-89.68022473506241,21.276809170303597],[-89.68012844247042,21.276810703683317],[-89.68012680653474,21.27672044947219],[-89.68022309906202,21.276718916093564],[-89.68021655604713,21.276357899376926],[-89.68031284831369,21.27635636594214],[-89.6803063050754,21.275995349303116],[-89.67992113711308,21.27600148175683],[-89.67991950132638,21.27591122758459],[-89.67982320945725,21.275912759867392],[-89.67981993898424,21.275732251612318],[-89.6795310635853,21.275736849898564],[-89.67953269814453,21.275827103988217],[-89.67943640624819,21.275828636931568],[-89.67943804170955,21.275918891104794],[-89.67924545778095,21.27592195681195],[-89.67924709215067,21.276012210914033],[-89.67895821613052,21.276016808119547],[-89.67895985127309,21.276107062307403],[-89.67876726706402,21.276110127413027],[-89.67876890111498,21.276200381529833],[-89.67867260894253,21.276201913992857],[-89.6786775138083,21.276472676607607],[-89.67858122143971,21.27647420901333],[-89.67858285537017,21.276564463150642],[-89.67848656293482,21.276565995496895],[-89.67848819776742,21.276656249717732],[-89.67819932025424,21.27666084639628],[-89.67820258857357,21.276841354780412],[-89.67810629593554,21.276842886887636],[-89.67810793051619,21.27693314112658],[-89.67743388057139,21.276943864110176],[-89.67743224652625,21.276853608959396],[-89.67733595387061,21.276855140581798],[-89.67733758785111,21.27694539573371],[-89.67714500248715,21.27694845789494],[-89.67714336855283,21.276858203644885],[-89.67695078226167,21.27686126638771],[-89.67694914845889,21.27677101214],[-89.67646768446261,21.276778668047903],[-89.6764693179423,21.27686892230112],[-89.67560268175319,21.276882700016227],[-89.67560104893835,21.276792444849004],[-89.67569734156879,21.27679091431839],[-89.67569570860834,21.276700660060925],[-89.67559941604254,21.276702190590385],[-89.67559778314892,21.276611936336366],[-89.67521261119312,21.276618057688204],[-89.67521097856029,21.27652780343434],[-89.67501839366301,21.27653086382234],[-89.67501512778095,21.27635035434196],[-89.6754002989787,21.276344233488196],[-89.67540193173642,21.27643448773069],[-89.67549822411276,21.2764329573257],[-89.67549659129037,21.276342703084286],[-89.67597805474496,21.276335050311697],[-89.675963356783,21.27552275968243],[-89.675867065064,21.27552429037932],[-89.67586379903126,21.275343781097327],[-89.67576750647477,21.27534531165353],[-89.67576587356793,21.275255056566237],[-89.67566958203837,21.275256587138674],[-89.67566794911521,21.27516633295895],[-89.67557165764815,21.27516786346963],[-89.6755700248749,21.27507760838926],[-89.67528114872536,21.275082199398728],[-89.6752795160651,21.274991945223746],[-89.67518322471854,21.274993475489847],[-89.6751815922082,21.274903220414245],[-89.6749890086732,21.274906280684608],[-89.67498737621122,21.27481602651543],[-89.67479479279672,21.27481908654116],[-89.67479152822096,21.274638577308064],[-89.67469523615742,21.274640107188862],[-89.6746903405103,21.274369342996103],[-89.67459404863843,21.27437087281303],[-89.67459241644812,21.274280618666875],[-89.67449612463872,21.274282148422106],[-89.67449449356289,21.27419189345326],[-89.67430191006676,21.2741949527797],[-89.67430027815783,21.27410469773537],[-89.67391511332683,21.274110815812374],[-89.67391348159552,21.274020561672312],[-89.67381718996465,21.274022091000035],[-89.67381882163134,21.274112345141248],[-89.67352994846077,21.274116932919984],[-89.67352831698807,21.274026678775428],[-89.67343202534836,21.274028207860773],[-89.67343365675652,21.274118462006413],[-89.6732410742229,21.274121520979527],[-89.67324270550392,21.274211775131935],[-89.67285753935352,21.274217890469348],[-89.67285917029511,21.274308145534818],[-89.67266658755977,21.274311202881105],[-89.67266821837437,21.274401457953424],[-89.6723793435787,21.274406043482735],[-89.67237608225648,21.274225534240156],[-89.6725686648757,21.27422247725969],[-89.6725670341302,21.27413222219547],[-89.67266332585416,21.27413069365435],[-89.67266169504614,21.27404043859583],[-89.67285427739368,21.274037381256147],[-89.67284938451199,21.273766617018662],[-89.67275309305093,21.273768145676513],[-89.67274983124233,21.273587636506875],[-89.67255724953664,21.273590693714304],[-89.67255561784194,21.273500438604252],[-89.67245932753275,21.273501967154917],[-89.67245769686933,21.2734117121262],[-89.67226511444456,21.27341476888775],[-89.67226348382948,21.273324514765456],[-89.67216719267844,21.273326043054265],[-89.6721655622133,21.27323578803137],[-89.6720692711247,21.27323731625845],[-89.67206764072638,21.2731470612391],[-89.67197135066476,21.27314858948238],[-89.67196972025015,21.273058335370525],[-89.67187342928644,21.273059863474195],[-89.67187179902182,21.27296960846177],[-89.67139034449347,21.27297724806572],[-89.67139197539949,21.273067503161542],[-89.67129568442263,21.273069030901624],[-89.671298944183,21.273249540953476],[-89.6712026530747,21.2732510686352],[-89.67120754358537,21.273521832924473],[-89.67111125219779,21.27352336145298],[-89.67111614156973,21.27379412570885],[-89.67121243306806,21.273792598081137],[-89.67121406289998,21.2738828531425],[-89.6714066461024,21.273879796798997],[-89.67140827606575,21.273970051862705],[-89.67160085834102,21.273966996100707],[-89.67160411958055,21.274147505411378],[-89.6717004113264,21.274145977476238],[-89.67170204149029,21.274236232550425],[-89.67150945786705,21.274239288362253],[-89.67151108790385,21.274329543443265],[-89.67141479698891,21.2743310713373],[-89.6714164269632,21.27442132642392],[-89.67132013501688,21.27442285418061],[-89.67132502580681,21.27469361864514],[-89.67122873358129,21.27469514724859],[-89.67122710372965,21.27460489214599],[-89.67103451956753,21.27460794736071],[-89.67103615025447,21.27469820254343],[-89.67084356587115,21.27470125842206],[-89.67083867613391,21.2744304930369],[-89.67074238513892,21.27443202050792],[-89.67073749553207,21.27416125606474],[-89.67064120376433,21.274162783393916],[-89.67063957431365,21.2740725283122],[-89.67054328252523,21.27407405648374],[-89.67054165314131,21.27398380140546],[-89.66957873732942,21.273999073526582],[-89.66958036615007,21.27408932771178],[-89.66948407530212,21.274090855294705],[-89.66948570397729,21.274181110389662],[-89.66938941218103,21.274182636931073],[-89.66939104079376,21.274272892031718],[-89.66929474893075,21.274274418513674],[-89.66930289371611,21.27472569334283],[-89.66901401794279,21.274730274327716],[-89.66901564639315,21.27482052855613],[-89.66891935405049,21.274822055706363],[-89.66892098235537,21.27491231084455],[-89.66882469099355,21.274913837109168],[-89.66882794748051,21.275094347401485],[-89.66873165598724,21.27509587360774],[-89.66873491235368,21.27527638392054],[-89.66883120494077,21.275274857790066],[-89.66883283423962,21.275365112126096],[-89.66921800394319,21.27535900601177],[-89.66922289053304,21.275629770686365],[-89.66912659761303,21.275631297967692],[-89.66912822711447,21.275721552318757],[-89.66903193412766,21.275723079540622],[-89.6690351919602,21.275903589084734],[-89.66893889884193,21.275905116248218],[-89.66894052813761,21.275995371519222],[-89.66874794184837,21.275998424762523],[-89.66874957110004,21.27608867913624],[-89.66865327784595,21.27609020612014],[-89.66865490598754,21.27618046132569],[-89.66846232039113,21.276183514287716],[-89.66846394848876,21.276273768595985],[-89.66807877596356,21.276279874623462],[-89.66808040476943,21.276370129018645],[-89.66788781784062,21.276373182084097],[-89.66788944651933,21.276463436486],[-89.66779315298702,21.276464962928934],[-89.66779478055564,21.276555218162706],[-89.66769848800413,21.276556743719997],[-89.66770174398317,21.27673725428135],[-89.66750915660295,21.27674030596679],[-89.6675059007993,21.276559796305072],[-89.66740960727674,21.27656132160263],[-89.66740309603738,21.276200301425582],[-89.66721050941956,21.276203352734168],[-89.66721213659383,21.276293607960838],[-89.66711584422319,21.276295133151244],[-89.66711421606585,21.276204878749606],[-89.6670179227931,21.276206403800387],[-89.66701466774516,21.276025893278472],[-89.66711096088865,21.276024368229912],[-89.66710770572018,21.27584385772843],[-89.66701141262283,21.275845383678895],[-89.66700652959811,21.2755746179188],[-89.66710282250159,21.275573091971662],[-89.66709956735498,21.275392581515927],[-89.66719586004386,21.275391056414513],[-89.66719423192697,21.27530080115567],[-89.66738681725204,21.275297749869075],[-89.66738518900806,21.275207494617053],[-89.66748148164427,21.275205968431937],[-89.66747985430231,21.27511571326351],[-89.6677687318376,21.275111136156003],[-89.66776710333946,21.27502088091751],[-89.6681522731528,21.27501477666091],[-89.66815064439831,21.274924521431416],[-89.6683432291626,21.274921468941756],[-89.66833671549533,21.274560449138185],[-89.66814413229572,21.27456350079286],[-89.66814576007695,21.274653755926174],[-89.66795317569172,21.274656808166817],[-89.66795480431038,21.274747063384837],[-89.66766592748067,21.27475164174666],[-89.66766755494312,21.274841896894667],[-89.66699350861668,21.274852576119073],[-89.66699513659341,21.274942831357237],[-89.6668025517679,21.274945882150238],[-89.66680417961759,21.275036137395176],[-89.66661159465403,21.275039187947968],[-89.66660996693366,21.274948932700823],[-89.66593591990339,21.27495960817111],[-89.66593754620683,21.275049863348023],[-89.66584125366494,21.275051388561383],[-89.66583962742614,21.27496113338338],[-89.6656470425482,21.274964182722027],[-89.66564541547628,21.274873927468413],[-89.66545283071888,21.27487697656246],[-89.66544795086865,21.274606210900505],[-89.66573682746143,21.27460163672639],[-89.66573194704918,21.2743308711155],[-89.66582824004075,21.274329346049512],[-89.6658201060624,21.273878070154403],[-89.66572381444169,21.273879594388763],[-89.66572218733143,21.273789339191215],[-89.66562589569001,21.273790864267937],[-89.66562426864648,21.273700609073856],[-89.66533539406934,21.273705182129092],[-89.66533376722191,21.273614926936244],[-89.6648523087974,21.27362254860506],[-89.66485068323985,21.273532293489282],[-89.66475439089129,21.273533817035325],[-89.66475276540062,21.273443561923006],[-89.66465647399589,21.273445086389394],[-89.66465484760742,21.27335483120262],[-89.66417339007597,21.273362450734],[-89.66417501517674,21.273452705848314],[-89.664078723842,21.27345422904708],[-89.6640819748022,21.273634740273724],[-89.66398568325285,21.27363626431811],[-89.66398730919545,21.273726519526328],[-89.66389101661481,21.27372804343331],[-89.66389264249494,21.27381829864719],[-89.66379635081198,21.273819822572644],[-89.66379797566513,21.273910077714262],[-89.6637016839154,21.273911601580167],[-89.66370330967065,21.274001856805448],[-89.66331814150996,21.2740079506856],[-89.66331489060195,21.27382743932676],[-89.66350747486878,21.273824393003288],[-89.6635058493304,21.273734136880915],[-89.6636021418366,21.27373261412042],[-89.6635988905539,21.273552102795662],[-89.66369518204726,21.27355057899474],[-89.66369355726748,21.273460323870328],[-89.66378984869404,21.273458800009884],[-89.66378659804727,21.273278289699075],[-89.66388288934239,21.27327676578025],[-89.66387801279564,21.27300599940859],[-89.66397430477605,21.273004476414506],[-89.66397267893407,21.272914220338848],[-89.66406896988315,21.272912697207328],[-89.6640640929748,21.27264193089721],[-89.66425667552629,21.27263888363285],[-89.66425017319372,21.27227786140831],[-89.6644427552194,21.272274813910364],[-89.66445250959009,21.27281634635737],[-89.66474138333496,21.272811774145158],[-89.66473975689715,21.272721518991556],[-89.66502863042847,21.272716946237274],[-89.66502700476354,21.272626691169496],[-89.66512329549471,21.272625167374702],[-89.66511841647312,21.272354401142184],[-89.6652147080559,21.272352876463977],[-89.66521633376043,21.272443132419873],[-89.665408916001,21.272440083705575],[-89.66541379472943,21.27271084895994],[-89.66531750385695,21.272712373841657],[-89.66532075654581,21.272892884062337],[-89.66503188264636,21.272897457368604],[-89.6650400138361,21.27334873395992],[-89.66532888862186,21.27334416154124],[-89.66532726186638,21.27325390546268],[-89.66542355304341,21.27325238147837],[-89.66542517994675,21.273342636651783],[-89.66552147126937,21.273341111701725],[-89.6655198443014,21.27325085652943],[-89.66571242769223,21.273247807431762],[-89.66571080059725,21.273157552266255],[-89.66590338385008,21.273154502928396],[-89.66590175662796,21.273064247769682],[-89.66599804774577,21.27306272251992],[-89.66600618218898,21.273513999102015],[-89.66610247354461,21.273512474690282],[-89.66611223485744,21.274054005601656],[-89.66601594303087,21.27405553092407],[-89.66602082400509,21.27432629648383],[-89.66630969989369,21.274321722133017],[-89.66631295395374,21.274502232496463],[-89.66746845902881,21.27448392780474],[-89.66746683170433,21.27439367267292],[-89.66765941572372,21.274390621044855],[-89.66765778730763,21.2743003658418],[-89.6683318308124,21.274289683694455],[-89.66833020291064,21.274199428581703],[-89.66852278663207,21.274196375867263],[-89.66852115763874,21.274106120683378],[-89.66871374122216,21.27410306772877],[-89.66870885571333,21.27383230327102],[-89.66880514734942,21.273830776254112],[-89.6688035191355,21.273740521169763],[-89.66928497662748,21.273732888798012],[-89.66928334712804,21.273642633645828],[-89.66947593003015,21.273639579732738],[-89.6694743013681,21.273549324665186],[-89.6695705927097,21.273547798070926],[-89.66956896302072,21.273457542931205],[-89.66966525429548,21.273456016277404],[-89.66966362550856,21.27336576122125],[-89.66975991671649,21.273364234507962],[-89.66975828786718,21.273273979457556],[-89.66985457909145,21.273272451780713],[-89.66985295009648,21.27318219763998],[-89.67014182243149,21.27317761597939],[-89.67014019332797,21.27308736094253],[-89.67033277533199,21.273084306855992],[-89.6703311461014,21.272994051825908],[-89.6704274370355,21.272992524692885],[-89.67042906641386,21.273082778817766],[-89.6705253574104,21.27308125162307],[-89.67052372805061,21.27299099659519],[-89.67071630894333,21.272987941948188],[-89.67071467945641,21.272897686927102],[-89.67081097031712,21.272896159552758],[-89.67080934076782,21.272805904537368],[-89.67090563156174,21.272804377103547],[-89.67089911216314,21.27244335701424],[-89.67080282259231,21.27244488452153],[-89.67079956247004,21.272264375367303],[-89.67089585287616,21.27226284794013],[-89.67089422327747,21.27217259295787],[-89.67060535224643,21.2721771750544],[-89.6706020934434,21.271996665097042],[-89.67050580322461,21.27199819233915],[-89.67050091523045,21.271727427434215],[-89.67078978529867,21.271722845536065],[-89.67078815577774,21.27163259058024],[-89.67098073568299,21.271629535680706],[-89.67097910603498,21.271539280731687],[-89.67107539591977,21.27153775319208],[-89.67107213650108,21.271357243309986],[-89.67126471600544,21.271354188053483],[-89.67126634584292,21.271444442990028],[-89.67136263565644,21.271442915269827],[-89.67136426556078,21.271533170209864],[-89.67155684531048,21.271530114585353],[-89.67155847534626,21.271620369527813],[-89.67165476528247,21.271618841623567],[-89.67165639538504,21.271709096569495],[-89.67204155440197,21.271702984264298],[-89.67204318476527,21.27179323921035],[-89.67252463501598,21.27178559755735],[-89.67252626474007,21.271875852424568],[-89.6732965845799,21.271863622542124],[-89.67329821578775,21.271953877482975],[-89.67358708528266,21.271949290225287],[-89.67358382336279,21.27176878133669],[-89.67368011241774,21.271767252079886],[-89.67367848192028,21.27167699723049],[-89.67377477090848,21.271675467914157],[-89.67377314026548,21.271585213974543],[-89.6738694291868,21.271583684598713],[-89.67386453539736,21.27131291994262],[-89.67415340341245,21.271308332521475],[-89.6741517726028,21.271218077700524],[-89.6742480612569,21.271216548086738],[-89.67424643030171,21.27112629417556],[-89.67434271888892,21.27112476450232],[-89.67433945605761,21.270944254809844],[-89.67453203384838,21.270941196267994],[-89.67453040278899,21.270850941469746],[-89.67472298052489,21.27084788178368],[-89.67472134925534,21.270757627896316],[-89.67481763757308,21.270756097924522],[-89.67481600632418,21.270665843138815],[-89.67500858370528,21.270662783997604],[-89.67500695232937,21.270572529218743],[-89.67519952957245,21.270569469837337],[-89.6752011621253,21.270659723787855],[-89.6752974512489,21.27065819449618],[-89.6752958187145,21.27056793964269],[-89.67558468507998,21.270563349521346],[-89.6755863178082,21.27065360437148],[-89.67568260700611,21.270652073933345],[-89.6756809742133,21.27056181908427],[-89.67625870678876,21.270552637746057],[-89.6762570745748,21.27046238298605],[-89.67644965163164,21.270459322031492],[-89.67645128502245,21.270549575963052],[-89.67654757405292,21.270548045884738],[-89.67654594068057,21.270457791050205],[-89.6773162497673,21.270445544401305],[-89.67731461684465,21.270355289658067],[-89.67741090572615,21.270353759036606],[-89.67741253879653,21.270444012874634],[-89.67760511580077,21.270440950465815],[-89.67760348260117,21.270350696629986],[-89.67769977155915,21.27034916492269],[-89.67769813733257,21.270258911014682],[-89.67779442622374,21.270257379247894],[-89.6777927920178,21.270167124441542],[-89.67788908075913,21.27016559351933],[-89.6778874464908,21.270075338718645],[-89.67798373516523,21.270073807736956],[-89.67797719970125,21.26971278964434],[-89.67807348811499,21.2697112586065],[-89.67807185469286,21.26962100390878],[-89.67816814207526,21.269619472733595],[-89.67816977660962,21.269709726603935],[-89.67826606405444,21.26970819536701],[-89.67826769857254,21.269798450144965],[-89.67836398616288,21.269796917942262],[-89.6783623524616,21.269706664147403],[-89.67855492838797,21.26970360054439],[-89.67855656309987,21.269793855319023],[-89.6786528506837,21.269792322934535],[-89.67865448546243,21.2698825777126],[-89.67875077310869,21.26988104526644],[-89.67874913914672,21.269790791471394],[-89.6788454276906,21.269789259043634],[-89.67884215876254,21.269608750487635],[-89.67893844612746,21.26960721882766],[-89.67893354308174,21.2693364556183],[-89.6791261194292,21.269333391374918],[-89.67912448425746,21.269243137533977],[-89.67922077240479,21.269241604870466],[-89.67921913813508,21.2691513511131],[-89.67941171324632,21.269148286432713],[-89.67941007884954,21.269058032682157],[-89.6795063658966,21.26905649976125],[-89.67950473143736,21.26896624601637],[-89.67960101938205,21.26896471311378],[-89.67959938389589,21.268874459296736],[-89.67979195956636,21.26887139421614],[-89.6797903239532,21.26878114040593],[-89.67988661176204,21.26877960732378],[-89.67988334242501,21.268599098970984],[-89.67997962905487,21.26859756665668],[-89.67997635959735,21.268417058324427],[-89.67988007213226,21.26841859055867],[-89.67987680281279,21.26823808224258],[-89.67978051547475,21.268239614414032],[-89.6797821501103,21.26832986811883],[-89.6794932887706,21.26833446525477],[-89.67949492409583,21.268424719949437],[-89.67930234914154,21.26842778375138],[-89.67930398337526,21.268518038374978],[-89.67920769679469,21.268519570264022],[-89.679209330966,21.268609824893307],[-89.67911304335409,21.26861135664498],[-89.67911467842742,21.268701611357844],[-89.67901839074872,21.26870314305007],[-89.67902002479515,21.268793397690764],[-89.67882745026643,21.2687964609735],[-89.6788290841858,21.26888671562098],[-89.67863650943588,21.268889779567598],[-89.67863814331126,21.268980033317845],[-89.67854185534463,21.26898156561448],[-89.67854349012212,21.26907181944828],[-89.67825462714575,21.269076414247667],[-89.67825626068397,21.26916666891558],[-89.67787110938272,21.269172795047677],[-89.67787274371221,21.269263048898388],[-89.67748759211744,21.26926917406538],[-89.67748595812952,21.26917891930617],[-89.67623421584457,21.269198818917538],[-89.67623258366352,21.269108564226407],[-89.67613629557742,21.26911009500929],[-89.67613466249865,21.269019840243775],[-89.67584579955175,21.269024430495378],[-89.67584416658599,21.268934176635184],[-89.67536272794969,21.268941826086596],[-89.6753610953923,21.26885157132141],[-89.67487965694134,21.268859220156504],[-89.6748780247093,21.268768965390393],[-89.67468544907365,21.26877202428609],[-89.674690344424,21.269042788526985],[-89.6744977683918,21.269045847186966],[-89.6745026633741,21.269316611475805],[-89.6744063751193,21.269318141170228],[-89.67440800704135,21.269408395969467],[-89.67431171880283,21.26940992470031],[-89.67431335066237,21.269500179505204],[-89.67421706227393,21.26950170908068],[-89.6742186931066,21.269591963813358],[-89.67402611627696,21.269595021880694],[-89.6740277479471,21.26968527669807],[-89.6738351708963,21.26968833542926],[-89.67383680243935,21.269778590253416],[-89.67335535961728,21.269786234218426],[-89.67335372936185,21.26969597946661],[-89.67287228672497,21.26970362281532],[-89.67287065583038,21.269613367984658],[-89.67267807885635,21.269616425259386],[-89.6726829701944,21.26988718969381],[-89.67258668159327,21.269888717339565],[-89.67258831230053,21.269978972187243],[-89.67268460096624,21.269977444540388],[-89.67268786251663,21.270157954247438],[-89.6727841513925,21.27015642563371],[-89.67278578127109,21.270246680415056],[-89.6728820702094,21.270245151739687],[-89.67288370111925,21.270335406602452],[-89.67297999012007,21.270333877865355],[-89.67298162109674,21.27042413273157],[-89.67307791015993,21.270422603932804],[-89.67308280233264,21.2706933684778],[-89.67298651307556,21.270694897279906],[-89.67298488305678,21.270604642477824],[-89.67279230474834,21.27060769899397],[-89.67279067381345,21.270517445020403],[-89.67269438476217,21.270518972734465],[-89.67269112319427,21.270338462990793],[-89.67259483418695,21.27033999154608],[-89.67258994301,21.270069227039517],[-89.67249365419437,21.270070755530963],[-89.67249039290688,21.269890245828712],[-89.67239410421831,21.269891774257324],[-89.67239573479635,21.26998202910727],[-89.67229944604095,21.269983557476365],[-89.67230107655647,21.270073812331958],[-89.6720122101664,21.270078396175016],[-89.67201057984471,21.2699881413161],[-89.67191429108058,21.269989669442825],[-89.67191266082575,21.269899414587396],[-89.67162379471402,21.269903998600714],[-89.67162216465528,21.269813743746568],[-89.67152587601164,21.269815271628698],[-89.67152424610275,21.269725015874],[-89.67190940032255,21.26971890489029],[-89.67190777007431,21.2696286500486],[-89.67229292496509,21.269622538177682],[-89.67229129446045,21.26953228334502],[-89.67238758289272,21.269530754981435],[-89.67238595232563,21.26944050015444],[-89.67305997075464,21.269429800824454],[-89.67306160177407,21.269520055643692],[-89.67325417851823,21.269516998790497],[-89.67325580966914,21.269607253612136],[-89.67354467500441,21.269602667422518],[-89.6735430436596,21.26951241260421],[-89.67373562046505,21.269509354240974],[-89.67372746400916,21.269058081211245],[-89.67382375208541,21.269056551944274],[-89.67382212152441,21.26896629723473],[-89.67391840953385,21.26896476790822],[-89.67390699039325,21.2683329846881],[-89.6740995654177,21.2683299267729],[-89.67409793468035,21.268239672103377],[-89.67429050956676,21.268236613948044],[-89.6742888777379,21.268146359207428],[-89.67505917676219,21.268134123267153],[-89.67505754538293,21.268043868617838],[-89.67525011996705,21.268040809255044],[-89.6752403279855,21.267499282139436],[-89.67514404112386,21.26750081139245],[-89.67514077730445,21.26732030208712],[-89.67504449056983,21.267321831277343],[-89.67504122688852,21.267141321988152],[-89.67494494019782,21.26714285201964],[-89.67494330890729,21.267052597419774],[-89.67484702139774,21.267054126407622],[-89.6748437589525,21.266873617219467],[-89.67474747253445,21.26687514622239],[-89.67474584041524,21.266784891556206],[-89.67464955397652,21.26678642140152],[-89.67464629083842,21.26660591215861],[-89.67445371837913,21.266608969854893],[-89.67444719264627,21.266247951415444],[-89.67454347861855,21.266246422602023],[-89.67454184769151,21.26615616713969],[-89.67483070548435,21.266151579435174],[-89.67482907428254,21.26606132488475],[-89.67521421768956,21.266055207402854],[-89.67521748157678,21.266235716577334],[-89.67550633951757,21.266231127597088],[-89.67550797214055,21.266321382226813],[-89.67560425823643,21.26631985184172],[-89.6756026255488,21.266229597213083],[-89.67627662825525,21.266218887426803],[-89.67627499608189,21.26612863288839],[-89.67656385375648,21.266124041911922],[-89.67656222042694,21.266033787303545],[-89.67675479201436,21.266030726954494],[-89.67675315952228,21.265940472430806],[-89.67694573105481,21.265937410937592],[-89.67694409843568,21.26584715642066],[-89.67723295548257,21.265842564181686],[-89.67723132267172,21.265752309672752],[-89.67742389384071,21.265749248482045],[-89.67742226090283,21.265658993979873],[-89.67751854641942,21.265657463294772],[-89.6775169134191,21.26556720879832],[-89.67761319886894,21.26556567805369],[-89.67761156484171,21.265475423485107],[-89.67780413568849,21.26547236091226],[-89.6778025024987,21.265382106428344],[-89.67799507312438,21.265379044519364],[-89.67799343980754,21.265288790042256],[-89.67828229553582,21.265284196727762],[-89.6782806620273,21.265193942258552],[-89.67885837311984,21.26518475309612],[-89.67885673914277,21.265094499542247],[-89.67895302432179,21.265092967050837],[-89.67895792620436,21.26536373043522],[-89.67915049677747,21.26536066707209],[-89.67915213087198,21.265450921540527],[-89.67924841621983,21.265449389767024],[-89.6792467820607,21.265359135299633],[-89.67943935165609,21.265356071495138],[-89.67943444880412,21.265085308127333],[-89.67904930941555,21.265091435402866],[-89.67904604129244,21.264910927409222],[-89.67914232625476,21.264909395702887],[-89.6791406921734,21.264819141262024],[-89.6793332619622,21.264816077669842],[-89.6793316277538,21.264725823235825],[-89.67952419644016,21.264722759325576],[-89.6795127571026,21.26409097850953],[-89.67922390398019,21.264095574143948],[-89.67922553810861,21.264185828546864],[-89.67912925366547,21.264187360304916],[-89.67912598554007,21.26400685150144],[-89.67902970122398,21.264008383196682],[-89.6790280672292,21.263918128800736],[-89.67873921454462,21.263922722615586],[-89.6787441158709,21.26419348673123],[-89.6786478314168,21.26419501818635],[-89.6786461976761,21.26410476377678],[-89.67854991328441,21.26410629517019],[-89.67854174502007,21.263655022281768],[-89.67834917687632,21.26365808487575],[-89.67833447523545,21.262845794670042],[-89.67843075872683,21.26284426341331],[-89.67842912514828,21.262754009070573],[-89.67833284172153,21.262755540326207],[-89.67832304173159,21.262214013533765],[-89.67861189084209,21.262209419605046],[-89.67861025714974,21.262119165296795],[-89.67918795580525,21.262109976791958],[-89.67918632269173,21.262019722572806],[-89.68024543516,21.262002871413355],[-89.68024380037343,21.26191261713315],[-89.68043636685523,21.261909553139503],[-89.68043473194162,21.26181929886611],[-89.68062729740397,21.261816233650414],[-89.6806240282893,21.261635725199763],[-89.68052774568845,21.261637257835673],[-89.68052447574733,21.261456749323322],[-89.68042819335658,21.261458280992404],[-89.68042655845393,21.26136802674203],[-89.68033027604255,21.261369559253435],[-89.68033191088058,21.261459813504896],[-89.6802356284024,21.26146134595681],[-89.68023399371204,21.261371090800196],[-89.67994514645814,21.26137568778913],[-89.6799402428157,21.261104924145044],[-89.68013280814752,21.261101860534904],[-89.68012790510157,21.260831097016816],[-89.68003162307133,21.260832629339824],[-89.68002998844253,21.260742375117275],[-89.67983742458765,21.26074543867524],[-89.67983415567822,21.26056492933558],[-89.67973787383524,21.260566461473445]],[[-89.68012300199233,21.26056033444425],[-89.68012136738855,21.260470079332602],[-89.68050649525206,21.260463951338412],[-89.68049832257036,21.260012679643463],[-89.68030575977139,21.26001574378964],[-89.68030412496849,21.259925489611923],[-89.68020784367187,21.259927021141],[-89.68020620893574,21.2598367669668],[-89.68010992761852,21.259838299338213],[-89.68010665932961,21.25965779017526],[-89.6802992216204,21.25965472628033],[-89.68030085641674,21.259744980444143],[-89.680493418828,21.259741916304677],[-89.68049505375575,21.259832170470883],[-89.68059133498117,21.259830638761215],[-89.68059296997575,21.25992089293098],[-89.68068925134665,21.25991936025555],[-89.68069088632498,21.260009615332827],[-89.68078716775831,21.26000808259566],[-89.68078880192205,21.260098336694593],[-89.68098136579275,21.26009527201818],[-89.68099607918451,21.26090756129338],[-89.68080351511514,21.26091062606761],[-89.68080514930084,21.261000880212638],[-89.6809977144639,21.26099781551408],[-89.68100098406481,21.261178323891386],[-89.68109726633158,21.261176790958046],[-89.68109890071779,21.261267045113588],[-89.68100261838637,21.261268578048032],[-89.68100425367447,21.261358832287137],[-89.68090797127627,21.261360365162083],[-89.68091124076551,21.26154087357851],[-89.68081495823584,21.26154240639509],[-89.6808182276046,21.26172291483213],[-89.68091451122795,21.26172138209116],[-89.68091614549802,21.261811636276576],[-89.68081986277451,21.261813169096463],[-89.68082149794661,21.261903423365478],[-89.68072521515629,21.26190495612585],[-89.68072684930151,21.26199521032276],[-89.68120826443572,21.261987546891103],[-89.68120989890622,21.262077801087013],[-89.68130618173174,21.26207626892552],[-89.68130454719663,21.26198601473074],[-89.68149711287796,21.261982948420002],[-89.68149547725132,21.261892694154184],[-89.68168804271158,21.261889628507358],[-89.68167332486541,21.261077340653657],[-89.68176960705219,21.261075807297303],[-89.6817663364218,21.26089529894692],[-89.68147748936114,21.26089989784564],[-89.68147912496362,21.26099015206077],[-89.6813828429179,21.260991684330158],[-89.68138447845796,21.261081938551005],[-89.68119191310016,21.261085004640556],[-89.68119027873685,21.260994749591266],[-89.68109399660145,21.260996282582955],[-89.68109236125744,21.26090602836342],[-89.68118864332823,21.26090449537284],[-89.6811870088862,21.26081424123681],[-89.68128329080713,21.26081270909081],[-89.68128165533827,21.260722454882682],[-89.68137793727537,21.26072092177313],[-89.68137303261699,21.260450159335456],[-89.68156559601391,21.260447093845272],[-89.68155905542334,21.260086076379167],[-89.68117392869023,21.260092207021582],[-89.68117229426801,21.260001952927105],[-89.68107601196206,21.260003484924724],[-89.681072742289,21.259822976669525],[-89.6809764609915,21.259824509586235],[-89.68097482678814,21.259734254599305],[-89.68068598219492,21.259738852000687],[-89.68068434714012,21.25964859784128],[-89.68049178486687,21.259651662220897],[-89.68049014994351,21.25956140806391],[-89.68039386890973,21.259562939709667],[-89.68039060016328,21.25938243148512],[-89.68029431925653,21.25938396306812],[-89.68029758779073,21.259564472198957],[-89.68020130578812,21.259566003645734],[-89.68019967202524,21.25947574956786],[-89.68010339104943,21.259477281030733],[-89.68010012173069,21.25929677273096],[-89.68000384088198,21.259298304131054],[-89.68000547539256,21.25938855918386],[-89.67990919351269,21.25939009044662],[-89.67991573052032,21.2597511088223],[-89.67981944837977,21.25975264002895],[-89.6798210828552,21.259842894202944],[-89.6797248015291,21.259844426332027],[-89.67972316711835,21.259754172156914],[-89.67962688593774,21.259755703320206],[-89.6796317879354,21.260026466688895],[-89.67982435076516,21.26002340339099],[-89.67982598524718,21.260113657578817],[-89.68011483067507,21.26010906180006],[-89.68011809898589,21.260289571009167],[-89.68002181742641,21.260291102421476],[-89.68002345099673,21.260381357447148],[-89.67992716937043,21.260382888799914],[-89.6799288038428,21.260473143909163],[-89.67983252214962,21.260474675202513],[-89.67983415567822,21.26056492933558],[-89.68012300199233,21.26056033444425]],[[-89.68420448682438,21.262571784776714],[-89.68391563825709,21.26257638753443],[-89.68391400099958,21.26248613326402],[-89.68352886934446,21.26249227090241],[-89.68352723234763,21.262402016632233],[-89.68343095027852,21.262403550269564],[-89.68343258624627,21.262493804463027],[-89.6832400199604,21.2624968723066],[-89.68324165676556,21.262587126584723],[-89.68353050546204,21.262582524195345],[-89.68353377946667,21.262763032758762],[-89.68363006179199,21.262761499056403],[-89.68363169894525,21.262851752439826],[-89.68343913215121,21.262854820534624],[-89.68344076909442,21.262945074828952],[-89.6833444855879,21.262946609238586],[-89.68334612246866,21.263036863538616],[-89.68353868856117,21.26303379548277],[-89.68353705251563,21.262943541262807],[-89.68363333601769,21.262942006731983],[-89.68363824531923,21.26321276948028],[-89.68373452901294,21.263211234885578],[-89.68373780234236,21.263391743431175],[-89.68354523574176,21.26339481173829],[-89.68354359872295,21.263304557422025],[-89.6833510312783,21.263307625406707],[-89.68335266816788,21.263397879725133],[-89.68325638433606,21.263399414079736],[-89.68325802124622,21.263489667499854],[-89.68316173734766,21.26349120179499],[-89.68316337411237,21.263581456124868],[-89.68297080626243,21.26358452363147],[-89.68297244290011,21.263674777968173],[-89.68287615894873,21.263676311179662],[-89.68287943113695,21.263856819791283],[-89.6827831479356,21.263858353926327],[-89.68278805660579,21.264129116016445],[-89.68288434000101,21.264127581878093],[-89.68288597658726,21.264217836243564],[-89.68298226100939,21.26421630212134],[-89.68298389766245,21.264306556490304],[-89.68308018109947,21.264305023132593],[-89.68308181790238,21.264395276600997],[-89.68327438594662,21.264392208875442],[-89.68327602279793,21.26448246325025],[-89.68356487556551,21.264477860791065],[-89.6835665126959,21.26456811426308],[-89.68395165021317,21.264561977426734],[-89.68395001290732,21.2644717230551],[-89.68404629749914,21.264470188263033],[-89.68404466004782,21.26437993480118],[-89.68414094457282,21.264378399949692],[-89.68413930714212,21.264288145589443],[-89.68423559151726,21.264286611582524],[-89.68423395402414,21.264196357228013],[-89.6843302384155,21.26419482225752],[-89.68432860077692,21.26410456881279],[-89.68442488510145,21.26410303378283],[-89.68442324740053,21.26401278034378],[-89.68451953165825,21.26401124525435],[-89.68451789397784,21.26392099091696],[-89.68480674541343,21.26391638701878],[-89.68480510850584,21.263826132767115],[-89.68499767569558,21.263823062873616],[-89.68499603866088,21.263732808628806],[-89.68595887479567,21.26371745561483],[-89.68596051247651,21.263807709848557],[-89.68644193074303,21.263800031515927],[-89.68644356979667,21.263890284922468],[-89.68673242013587,21.263885677311052],[-89.68673405930255,21.263975931622895],[-89.68731176135672,21.263966713931218],[-89.68731339994892,21.264056968163214],[-89.68798738647172,21.26404621191591],[-89.68798574637975,21.263955958517982],[-89.68808203055607,21.2639544211867],[-89.68807875121401,21.263773914484577],[-89.68798246821441,21.263775450987396],[-89.68797755005993,21.2635046891962],[-89.68788126620444,21.2635062264613],[-89.68787798819037,21.26332571897458],[-89.68807055459308,21.263322645214373],[-89.68807711211153,21.26368366027526],[-89.68836596195077,21.263679049580453],[-89.68836432257362,21.26358879628313],[-89.68865317219914,21.26358418504634],[-89.68864825358231,21.263313424287958],[-89.68855196995455,21.26331496107093],[-89.68854705066992,21.263044199368768],[-89.68825820220088,21.26304881040382],[-89.68825984141722,21.26313906457869],[-89.68816355887436,21.263140601194863],[-89.68815372181916,21.262599078764755],[-89.6880574396618,21.262600615313655],[-89.68805579962346,21.262510361086438],[-89.68757438703184,21.262518044569266],[-89.68757602586562,21.262608297820197],[-89.68699832878539,21.26261751552072],[-89.68699669042235,21.26252726135907],[-89.68613014523503,21.262541083810042],[-89.6861317830165,21.262631337981706],[-89.68603550081296,21.262632873258305],[-89.68604041502424,21.262903634977945],[-89.68536643310941,21.262914382563846],[-89.68536479583828,21.262824128369505],[-89.68526851244042,21.26282566398985],[-89.68526523706946,21.26264515553499],[-89.68555408573829,21.262640550229186],[-89.68555080990546,21.262460042703452],[-89.68545452781798,21.2624615776143],[-89.68545288952876,21.262371323366242],[-89.68535660742059,21.26237285911944],[-89.68535824468071,21.262463113290764],[-89.68516567953026,21.26246618273162],[-89.68516731666335,21.26255643690974],[-89.68507103345495,21.262557972405542],[-89.68506939638648,21.262467718226322],[-89.68497311332354,21.262469252756375],[-89.68497147632188,21.262378998580655],[-89.68487519323833,21.26238053395307],[-89.68487355533901,21.262290279703016],[-89.68477727328226,21.26229181509155],[-89.6847756354498,21.262201560844975],[-89.68429422184776,21.262209233849834],[-89.68429585935714,21.26229948810194],[-89.68419957640577,21.26230102214503],[-89.68420448682438,21.262571784776714]],[[-89.70042767018057,21.264930549094984],[-89.70033138649406,21.264932093369865],[-89.70033797445437,21.265293104383993],[-89.70043425831649,21.2652915610087],[-89.7004359049359,21.265381813281685],[-89.70062847190107,21.26537872536529],[-89.70063011953353,21.265468978622483],[-89.70091896971772,21.265464345799195],[-89.70092061754633,21.26555459905764],[-89.7011131848307,21.265551509626796],[-89.70111483182626,21.265641762809874],[-89.70130739914818,21.265638674038527],[-89.70130575202339,21.265548420857684],[-89.7014983192072,21.26554533184621],[-89.70149667090804,21.26545507949858],[-89.70168923795379,21.26545199024697],[-89.70168594215095,21.265271484743547],[-89.70158965919926,21.26527302988832],[-89.70158801092501,21.265182776651525],[-89.70139544426256,21.265185865775212],[-89.70138555904816,21.26464434946065],[-89.70148184155201,21.26464280444485],[-89.7014801942394,21.264552552220888],[-89.7015764765935,21.264551008049768],[-89.70157482930138,21.264460754927438],[-89.70147854604747,21.264462299019797],[-89.70147689873934,21.26437204680508],[-89.70128433323562,21.264375135787507],[-89.70128268517738,21.26428488259334],[-89.70060870585625,21.26429569162468],[-89.70061035346218,21.26438594482668],[-89.70051407025069,21.264387488311968],[-89.7005173643755,21.264567994654243],[-89.70042108103263,21.264569538081204],[-89.70042767018057,21.264930549094984]],[[-89.70063176628662,21.265559230902472],[-89.70034291588867,21.26556386318376],[-89.70033962189076,21.265383357639937],[-89.70005077089611,21.2653879892915],[-89.70004912365359,21.265297736032203],[-89.69966398991983,21.265303910164054],[-89.69966563690386,21.265394163427793],[-89.69976191996449,21.265392619493742],[-89.69976521415138,21.265573125128654],[-89.69966892999707,21.265574668987295],[-89.69967551620996,21.26593568016139],[-89.6995792327594,21.26593722404157],[-89.69958087969441,21.26602747733862],[-89.69938831081137,21.266030563859918],[-89.69938995770217,21.26612081625974],[-89.69919738956267,21.266123903522725],[-89.69920068204505,21.266304409166896],[-89.69929696672736,21.266302865602334],[-89.69929861347725,21.2663931189211],[-89.69920232881323,21.266394661582737],[-89.6992039755007,21.266484914907185],[-89.69930025934782,21.26648337126265],[-89.69930355294156,21.266663877019113],[-89.69939983683273,21.266662334215848],[-89.69940148373908,21.266752586647836],[-89.70007547467601,21.266741781033375],[-89.70007218100834,21.266561275363333],[-89.70074617084936,21.266550467699716],[-89.70074452409018,21.2664602144662],[-89.70093709259297,21.266457126159445],[-89.70093379681094,21.26627662045932],[-89.70103008137056,21.266275076708215],[-89.7010284334597,21.266184823414132],[-89.70112471795245,21.26618327960357],[-89.70112142288973,21.266002774013188],[-89.70121770636945,21.266001229162427],[-89.70121441118633,21.26582072359271],[-89.70092556024653,21.26582535697464],[-89.70092391232845,21.265735104606513],[-89.70082762911888,21.265736648368065],[-89.70082598126756,21.265646396003422],[-89.70063341392357,21.265649484168826],[-89.70063176628662,21.265559230902472]],[[-89.68358124357684,21.265380400909265],[-89.68367752874062,21.265378867252576],[-89.68367589160883,21.265288612836223],[-89.68377217678885,21.26528707821596],[-89.68376726609429,21.265016315979597],[-89.68367098110815,21.26501785059649],[-89.68366934398516,21.264927596198532],[-89.68289906759334,21.26493986936898],[-89.68289743098951,21.264849614966717],[-89.68280114611282,21.264851149036115],[-89.68280278265202,21.26494140343947],[-89.68270649770845,21.26494293744935],[-89.68271140722838,21.26521369978629],[-89.6826151220888,21.26521523373896],[-89.68261184925795,21.26503472490474],[-89.68251556520991,21.265036258872406],[-89.68251229251707,21.264855750054423],[-89.68231972370842,21.2648588177257],[-89.68231808749454,21.264768563321383],[-89.68202923397664,21.26477316433161],[-89.68203086911521,21.264863417757315],[-89.6818383002846,21.264866484822665],[-89.68183993617757,21.26495673923709],[-89.6816473663275,21.26495980508041],[-89.68164900209332,21.26505005950168],[-89.68155271705885,21.26505159278555],[-89.68155435276233,21.265141847212575],[-89.68145806766104,21.265143380436964],[-89.68145970338514,21.26523363396559],[-89.68126713401121,21.265236700312716],[-89.68126876856073,21.26532695467436],[-89.6811724842881,21.265328487797085],[-89.68117411973962,21.265418742242268],[-89.68107783443565,21.265420275227676],[-89.68107946990787,21.26551052877448],[-89.68050175861474,21.265519725498855],[-89.68050339361837,21.265609979961017],[-89.68040710816979,21.265611512524483],[-89.68040547323079,21.265521258061195],[-89.68021290245632,21.26552432300412],[-89.68021453726607,21.265614577469577],[-89.68011825277542,21.26561610992912],[-89.68011661803028,21.265525855462553],[-89.67973147644614,21.265531984378924],[-89.67973311093277,21.265622238849947],[-89.67954053999833,21.26562530294677],[-89.67954217435792,21.26571555742462],[-89.67877189097979,21.265727811475053],[-89.67877515963609,21.265908320540113],[-89.67867887395406,21.265909852016243],[-89.67868540910547,21.266270870050175],[-89.67878169512896,21.266269337665495],[-89.67878332898692,21.26635959218437],[-89.67897590099045,21.26635652903928],[-89.67897753497986,21.26644678356053],[-89.67917010710386,21.266443720170837],[-89.6791717412247,21.266533974694468],[-89.67926802743118,21.26653244200357],[-89.67926966161876,21.266622696530685],[-89.67936594684011,21.266621164604306],[-89.67936758205903,21.266711419212818],[-89.67956015358877,21.266708355253865],[-89.6795617879747,21.266798609786882],[-89.67975436067242,21.266795544757162],[-89.67975599518978,21.26688579929254],[-89.6799485669604,21.26688273484447],[-89.67995020257372,21.266972989460115],[-89.68004648803812,21.266971457105118],[-89.6800481228368,21.26706171074228],[-89.68024069581733,21.267058646004138],[-89.68024233066433,21.267148900547728],[-89.68033861721595,21.267147368086622],[-89.6803402522129,21.2672376217297],[-89.68043653786239,21.267236089129042],[-89.6804381738076,21.267326343757496],[-89.68053445951952,21.267324811095154],[-89.68053609456705,21.267415065649242],[-89.6806323813059,21.267413533003058],[-89.68063401650329,21.26750378665655],[-89.68073030330459,21.26750225394868],[-89.68073193848575,21.267592508509754],[-89.68082822438495,21.267590975662312],[-89.68082985971598,21.267681229322772],[-89.68121500644291,21.267675097556214],[-89.68121664195161,21.267765352120964],[-89.68140921494884,21.26776228583299],[-89.68140757931093,21.267672031270475],[-89.6818890119248,21.267664364534635],[-89.68188737596593,21.267574109982267],[-89.682079948674,21.267571042850452],[-89.68207831250506,21.26748078920896],[-89.68217459927337,21.267479255592217],[-89.68217132689584,21.267298747421155],[-89.68226761353273,21.26729721374601],[-89.68226434103474,21.267116705595537],[-89.68236062657573,21.267115171784152],[-89.68235899030692,21.267024917264905],[-89.68245527674556,21.267023383471894],[-89.68245364033127,21.266933129862384],[-89.68264621210818,21.266930062018993],[-89.68264293911078,21.26674955391416],[-89.682739225349,21.266748019942714],[-89.68273595231418,21.266567510954403],[-89.68283223833785,21.26656597782865],[-89.68282896518255,21.266385468860957],[-89.68292525107479,21.2663839356768],[-89.68292361443581,21.266293681200956],[-89.68301989937983,21.26629214697547],[-89.68301662686063,21.266111639021677],[-89.6831129116732,21.266110104737745],[-89.68311127587607,21.26601985035577],[-89.68320756053873,21.26601831691644],[-89.68320428785732,21.265837808090645],[-89.68330057238853,21.26583627459297],[-89.68329566262375,21.26556551225717],[-89.68348823242248,21.26556244335638],[-89.68348659533252,21.26547218983263],[-89.68358288064617,21.265470655331374],[-89.68358124357684,21.265380400909265]],[[-89.68154617514827,21.264690576105618],[-89.68173874373365,21.2646875094082],[-89.68173547297378,21.264507001591255],[-89.68183175761614,21.26450546819283],[-89.68183012173414,21.264415213801357],[-89.68192640630967,21.264413680343456],[-89.6819214984,21.264142918104135],[-89.68182521506584,21.264144450732488],[-89.68181867150318,21.26378343417206],[-89.68172238834228,21.26378496763945],[-89.68172075254249,21.26369471328373],[-89.68181703660325,21.26369317989524],[-89.68181212990461,21.263422417840896],[-89.68190841280484,21.263420884317334],[-89.68190350601517,21.26315012140373],[-89.68199978968387,21.26314858790073],[-89.68199324762976,21.262787571707424],[-89.68189696430262,21.262789104301895],[-89.68189369241203,21.26260859660486],[-89.68131599284645,21.262617794502486],[-89.68131762836141,21.262708048807376],[-89.68102877835504,21.262712646941527],[-89.68103041367834,21.262802901254346],[-89.68074156345844,21.26280749884654],[-89.68074646789543,21.263078261744784],[-89.68084275152582,21.263076728969978],[-89.68084602193368,21.26325723764154],[-89.6809423056911,21.26325570480391],[-89.68094721054875,21.263526467764553],[-89.68104349449784,21.263524934863053],[-89.6810451298409,21.2636151892173],[-89.68094884582719,21.263616722119977],[-89.68095211542617,21.263797230766688],[-89.68085583224548,21.26379876368882],[-89.6808607369488,21.264069526735668],[-89.68095702128781,21.26406799388809],[-89.68096192628778,21.264338756068966],[-89.6808656427194,21.26434028899774],[-89.68087218270229,21.264701306539198],[-89.68096846749373,21.26469977368382],[-89.6809701028007,21.26479002809904],[-89.68154781084299,21.26478083051416],[-89.68154617514827,21.264690576105618]],[[-89.67602862089188,21.27380639303892],[-89.67603025404061,21.273896647145587],[-89.67583767196696,21.27389970848231],[-89.67583603903051,21.273809453469376],[-89.67564345707736,21.273812514561502],[-89.67564508996756,21.27390276867257],[-89.67554879940535,21.273904299167782],[-89.67555043215009,21.273994554188615],[-89.6754541405565,21.273996084546503],[-89.67545250787637,21.273905829524573],[-89.67525992577642,21.273908890134145],[-89.67526319096336,21.274089399282953],[-89.6750706085961,21.274092459654593],[-89.67507387353326,21.274272968826153],[-89.67488129089872,21.27427602895983],[-89.67488781931783,21.274637047288746],[-89.67508040246943,21.274633987146267],[-89.67508203499166,21.27472424130515],[-89.67565978469858,21.274715060320773],[-89.67566141761078,21.27480531447763],[-89.67575770978168,21.274803783988624],[-89.67575934267755,21.274894039053017],[-89.6758556339464,21.27489250842445],[-89.67585726699224,21.274982762588227],[-89.67595355832346,21.274981231897957],[-89.67595519135305,21.27507148696929],[-89.67605148371126,21.275069956295212],[-89.67605311689069,21.275160210465913],[-89.676341992217,21.27515561792097],[-89.67633545881975,21.274794600374733],[-89.67662433335076,21.274790007297685],[-89.67662923395632,21.27506077066657],[-89.67653294257582,21.275062301782135],[-89.67653784204265,21.275333065117678],[-89.6766341345816,21.27533153407671],[-89.67664230134208,21.27578280674183],[-89.67702746987497,21.27577668171619],[-89.67702583603379,21.275686427524498],[-89.67721842064013,21.275683364689254],[-89.67721515270584,21.275502856323985],[-89.6773114443942,21.27550132477878],[-89.67730981133029,21.275411070681958],[-89.67740610295176,21.275409539077234],[-89.67740773704487,21.275499793250777],[-89.67769661305465,21.275495198147553],[-89.67769497876763,21.275404943977303],[-89.67788756190782,21.27540188112654],[-89.67788592757682,21.275311626059054],[-89.67807851154346,21.275308563046003],[-89.67807687708546,21.275218307985277],[-89.67817316847703,21.275216776802065],[-89.67816990031969,21.275036267678505],[-89.6783624829209,21.2750332042306],[-89.67836084924006,21.274942949264776],[-89.67874601520515,21.27493682082016],[-89.67874764914451,21.27502707578156],[-89.67903652400955,21.275022479054005],[-89.67903488891174,21.274932224018077],[-89.67913118008755,21.27493069223224],[-89.67912627541183,21.274659929041203],[-89.67902998434693,21.274661461727803],[-89.67902835022245,21.274571206788014],[-89.67893205825543,21.27457273933508],[-89.67893042411471,21.274482485302816],[-89.67883413221013,21.27448401778813],[-89.67883249821931,21.27439376285531],[-89.67854362469834,21.274398359196077],[-89.67854198985599,21.274308105090704],[-89.67825311650923,21.274312700882813],[-89.6782514828275,21.274222446856534],[-89.67815519110144,21.27422397891442],[-89.67815355660508,21.274133723909696],[-89.67786468361969,21.27413831896799],[-89.67786631792217,21.27422857397598],[-89.67777002723496,21.274230104965277],[-89.67777166147494,21.274320359978955],[-89.67767536967324,21.274321891734946],[-89.67768027237871,21.27459265499867],[-89.6777765634098,21.27459112316156],[-89.67778636830322,21.27513264972815],[-89.67769007600292,21.275134180590022],[-89.6776884417247,21.27504392643808],[-89.67749585900978,21.275046989941682],[-89.67749259080149,21.274866480743036],[-89.67739629957,21.2748680124017],[-89.67739139839095,21.274597249164668],[-89.67719881534462,21.274600312215746],[-89.6771971814858,21.27451005718164],[-89.67710089050625,21.27451158865416],[-89.67709925663117,21.274421334527617],[-89.67700296483258,21.274422864956456],[-89.6769964306604,21.27406184766547],[-89.67690013999962,21.274063379011217],[-89.67689687261517,21.27388286990003],[-89.67680058208146,21.273884401182965],[-89.6767989484987,21.273794146181114],[-89.67602862089188,21.27380639303892]]]}},{"type":"Feature","id":"S13-52f26011f0-109504","properties":{"record_id":"S13-52f26011f0-109504","source_id":"S13","source_row":109504,"source_hash":"52f26011f06ea7cd825e2728b8da25c38b6072684a0544f698c01d8775f9353e","theme":"water","status":"DERIVADO","origin":"OFICIAL","name":"Cuerpos de agua","date":"2020","clipped":false,"simplification_m":2,"fid_1":109505,"Clase":8,"Descrip":"Cuerpos de agua","Fecha":2020},"geometry":{"type":"Polygon","coordinates":[[[-89.66512784117948,21.27822252189967],[-89.66503154635572,21.278224046606187],[-89.66502991965768,21.27813379118029],[-89.66493362586088,21.278135315903043],[-89.66492874597368,21.277864549649415],[-89.6648324514041,21.27786607423033],[-89.66482757173038,21.27759530801457],[-89.66463498393706,21.277598357065997],[-89.66462685183767,21.27714708011999],[-89.66558979214186,21.277131834692003],[-89.66559141823912,21.277222089983105],[-89.66568771233877,21.2772205649251],[-89.66569584712266,21.27767184085136],[-89.66579214146017,21.2776703166313],[-89.66579864940881,21.278031337253758],[-89.6657023556942,21.278032862460183],[-89.66570398187801,21.27812311779586],[-89.66551139343146,21.278126167047187],[-89.66551302045275,21.278216422467608],[-89.66522413600107,21.27822099713255],[-89.66522576283063,21.27831125256085],[-89.66512946802759,21.278312776424986],[-89.66512784117948,21.27822252189967]]]}},{"type":"Feature","id":"S13-52f26011f0-109508","properties":{"record_id":"S13-52f26011f0-109508","source_id":"S13","source_row":109508,"source_hash":"52f26011f06ea7cd825e2728b8da25c38b6072684a0544f698c01d8775f9353e","theme":"water","status":"DERIVADO","origin":"OFICIAL","name":"Cuerpos de agua","date":"2020","clipped":false,"simplification_m":2,"fid_1":109509,"Clase":8,"Descrip":"Cuerpos de agua","Fecha":2020},"geometry":{"type":"Polygon","coordinates":[[[-89.63650246056908,21.28264575168115],[-89.63640616112257,21.282647260107147],[-89.63640455182885,21.282557002189858],[-89.63630825236152,21.28255851145822],[-89.63630503286193,21.282377996461133],[-89.63620873360503,21.282379504762602],[-89.63620712436372,21.282289247760964],[-89.63630342363933,21.282287738556462],[-89.63630181433555,21.28219748156039],[-89.63639811346101,21.282195973200498],[-89.6363965041781,21.28210571530605],[-89.63630020503393,21.28210722456894],[-89.63629698652053,21.281926709695558],[-89.63620068662225,21.28192821791348],[-89.63619907739175,21.281837960934574],[-89.63600647868257,21.281840977264565],[-89.63600486966689,21.28175071938398],[-89.6359085698915,21.281752227417932],[-89.63590696085923,21.28166197044485],[-89.63600326057002,21.28166046241201],[-89.63600165155863,21.281570204540564],[-89.63532755671712,21.281580761532673],[-89.63532594816039,21.28149050365815],[-89.6349407516066,21.28149653478063],[-89.6349359256772,21.2812257619973],[-89.63483962723039,21.28122726943618],[-89.63483801892215,21.28113701247851],[-89.63474171957333,21.281138519777617],[-89.63474011141527,21.281048261919377],[-89.63454751372147,21.281051277315736],[-89.63454590569486,21.28096101945987],[-89.63444960646878,21.28096252657495],[-89.63444799842557,21.28087226962661],[-89.63435169926203,21.28087377668005],[-89.6343468755061,21.28060300405103],[-89.63444317351123,21.280601496922763],[-89.63444156556005,21.280511239088653],[-89.63453786446286,21.280509731979006],[-89.63453464738977,21.280329217152502],[-89.63463094616121,21.280327709984434],[-89.63462933808722,21.280237452166148],[-89.63472563679188,21.28023594493854],[-89.63472402769085,21.280145687047835],[-89.63491662496429,21.280142672412996],[-89.63491501670072,21.280052414607134],[-89.63501131430502,21.28005090712181],[-89.6350097058956,21.279960650225632],[-89.63510600439767,21.279959142758905],[-89.63510117915514,21.279688370292966],[-89.63471598687418,21.27969439986133],[-89.63471759499986,21.27978465765111],[-89.63462129661843,21.27978616487327],[-89.6346196885574,21.279695907082388],[-89.63452339023851,21.279697414242843],[-89.63452178224428,21.27960715645542],[-89.63442548486901,21.279608664536376],[-89.63442387694158,21.279518406752484],[-89.63432757874759,21.279519913789567],[-89.63432597088696,21.279429656009064],[-89.63413337462185,21.27943266989923],[-89.6341317668093,21.27934241302527],[-89.6338428735539,21.279346933480877],[-89.6338364423865,21.278985903227138],[-89.63393274020336,21.278984396499595],[-89.63393113261426,21.27889413874221],[-89.63402743036441,21.278892631955166],[-89.63402260733275,21.278621859617655],[-89.63421520155747,21.278618844886118],[-89.63421359369971,21.278528588054265],[-89.63430989118481,21.278527081089784],[-89.63430828334795,21.278436823359584],[-89.63469347204362,21.278430794821794],[-89.63469025585924,21.278250279383755],[-89.63478655313965,21.278248772119554],[-89.63478494498598,21.27815851440849],[-89.63468864777029,21.27816002167163],[-89.63468703960014,21.278069764868068],[-89.6344944452915,21.278072779210408],[-89.63449283733613,21.277982521505255],[-89.63430024411261,21.277985535681115],[-89.63428577369173,21.2771732174245],[-89.63438207020504,21.277171710415736],[-89.63437885446893,21.276991195099132],[-89.63447515085086,21.276989688031946],[-89.63447032698565,21.276718915998696],[-89.63475921553668,21.276714394443257],[-89.63475760741979,21.27662413680995],[-89.63495019964707,21.276621122138852],[-89.63494859140305,21.27653086451222],[-89.63504488744883,21.27652935708689],[-89.63504327905899,21.27643910036997],[-89.63523587101473,21.27643608533963],[-89.63523426258114,21.276345827725443],[-89.63552315022133,21.276341305632748],[-89.63552154159598,21.276251048026403],[-89.63561783743489,21.276249540240684],[-89.63561622874707,21.276159282639973],[-89.63571252451912,21.276157774794775],[-89.63571091576881,21.27606751719976],[-89.63580721147413,21.27606600929507],[-89.635805602578,21.275975752609696],[-89.63609448948701,21.275971228535244],[-89.63609288048248,21.27588097095375],[-89.63618917596652,21.27587946371285],[-89.63619078503568,21.27596972129328],[-89.6369611479182,21.27595765559536],[-89.63696275750662,21.27604791317162],[-89.63725164348394,21.276043387738174],[-89.63725325335177,21.276133644411747],[-89.63734954900373,21.2761321364404],[-89.63735115789049,21.276222393943367],[-89.63754374948404,21.276219376008573],[-89.6375469684871,21.276399891101978],[-89.63764326440992,21.276398382041474],[-89.6376416543604,21.276308124454555],[-89.63773795013299,21.276306616238635],[-89.63773634098553,21.276216358735425],[-89.63792893151388,21.276213341141812],[-89.63793054183851,21.27630359781687],[-89.63812313248744,21.276300579978614],[-89.63812474286016,21.27639083756012],[-89.63822103780544,21.27638932805792],[-89.63822586824926,21.27666009984448],[-89.63812957311006,21.27666160934992],[-89.63813118252696,21.27675186687162],[-89.6380348874043,21.276753375413502],[-89.63803649675866,21.276843632940842],[-89.63794020148585,21.27684514232727],[-89.63794986129443,21.27738668609834],[-89.63804615695506,21.27738517670531],[-89.63804776737243,21.2774754334387],[-89.63814406397667,21.27747392496625],[-89.63814567349627,21.277564181625028],[-89.63824197016307,21.277562673090845],[-89.63824680077457,21.277833444151582],[-89.63834309763311,21.27783193555351],[-89.6383447082552,21.277922192306512],[-89.63844100421167,21.277920683568645],[-89.63844261490055,21.27801094032513],[-89.6386352079841,21.278007921839475],[-89.63863681880443,21.27809817859834],[-89.63882941200868,21.27809515986809],[-89.63883102296047,21.278185416629363],[-89.63911991250382,21.278180887585133],[-89.63911830135812,21.278090630827187],[-89.63921459847445,21.278089120776382],[-89.63921298726629,21.277998864024042],[-89.63950187736043,21.277994334337272],[-89.63950026604384,21.277904076688763],[-89.63998174881837,21.277896526279598],[-89.63998013709742,21.277806269545117],[-89.64026902578723,21.277801738332407],[-89.64026741492242,21.277711480779814],[-89.6405563033156,21.277706949929026],[-89.64055469225897,21.277616692384324],[-89.64113246868231,21.27760762814898],[-89.64113085724009,21.277517370615392],[-89.64132344955607,21.277514348747047],[-89.64132506112766,21.277604606278473],[-89.64171024599229,21.27759856181017],[-89.64171185790782,21.277688818437735],[-89.64286741202162,21.27767068002816],[-89.64286579836586,21.277580423335575],[-89.64315468638976,21.277575887579477],[-89.64315307359007,21.27748563006881],[-89.64344196140054,21.277481093770568],[-89.64344034736132,21.277390837093638],[-89.64382553047037,21.277384788127303],[-89.6438239172226,21.277294530633394],[-89.64411280451638,21.277289993973163],[-89.64411119107687,21.27719973648713],[-89.64468896433691,21.277190660554872],[-89.64468735042846,21.277100403984015],[-89.64497623735919,21.27709586479007],[-89.64497462229443,21.277005608149008],[-89.64584128134014,21.276991988130696],[-89.6458396666603,21.276901731582054],[-89.64612855304193,21.2768971911172],[-89.64612693825372,21.27680693367237],[-89.64631952839159,21.27680390634294],[-89.64631791339296,21.276713649808908],[-89.64679938934117,21.27670608050836],[-89.64679777410483,21.276615823080324],[-89.64718295379421,21.27660976649101],[-89.64718133821813,21.27651950997601],[-89.64756651857883,21.27651345249956],[-89.64756490274635,21.27642319599349],[-89.64814267138765,21.27641410785028],[-89.64814105516955,21.276323851355343],[-89.64900770828447,21.276310216042084],[-89.64900609148687,21.276219959561626],[-89.64910238610405,21.276218444115795],[-89.6491007692439,21.276128187640904],[-89.64919706379425,21.276126672135607],[-89.64919544687173,21.276036415666418],[-89.64948433023253,21.276031869694187],[-89.64948271311827,21.27594161323285],[-89.6496753019408,21.275938581681178],[-89.6496769191844,21.27602883814032],[-89.64996580251257,21.276024291259105],[-89.64996418507513,21.275934034803285],[-89.65034936258486,21.275927971149624],[-89.65034774585563,21.275837714780785],[-89.65111809928925,21.275825584495486],[-89.6511164820451,21.27573532813998],[-89.65140536372934,21.275730778463643],[-89.6514021278951,21.27555026569487],[-89.65159471603046,21.275547232632103],[-89.65159309750503,21.27545697621774],[-89.65178568558568,21.27545394201069],[-89.65178730424033,21.275544198422843],[-89.65188359825876,21.275542682131398],[-89.6518819795395,21.275452425720335],[-89.65294121250616,21.275435736120446],[-89.65293959299484,21.275345480630076],[-89.65322847474404,21.27534092759085],[-89.65322523647114,21.27516041490031],[-89.65312894265841,21.275161932939792],[-89.65311922819635,21.27462039587554],[-89.65321552162118,21.274618877842613],[-89.65321390201876,21.274528621492664],[-89.65340648864958,21.27452558615128],[-89.65340486892008,21.274435329808085],[-89.65359745532962,21.274432295130556],[-89.65359583643755,21.274342038872174],[-89.6536921296577,21.27434052053952],[-89.65368889070298,21.274160008864694],[-89.65426664798834,21.27415090024371],[-89.65426502865031,21.27406064400675],[-89.65561312688062,21.274039384749667],[-89.65561150663996,21.273949128532625],[-89.6559966770763,21.273943052400053],[-89.65599505657929,21.273852796191974],[-89.6562839338863,21.273848239118138],[-89.6562823131975,21.273757982917914],[-89.65666748305593,21.273751905097434],[-89.65666586202761,21.273661649810247],[-89.65743620015827,21.27364949119141],[-89.65743457861508,21.273559235917556],[-89.65762716367851,21.273556196169583],[-89.65762554209138,21.273465939998506],[-89.65772183359067,21.273464419956753],[-89.65772021194115,21.27337416379132],[-89.65810538055159,21.273368083256642],[-89.65810700254285,21.273458338513638],[-89.6582032949958,21.27345681824686],[-89.65820491697066,21.273547074411372],[-89.65830120852151,21.27354555400493],[-89.65830607473642,21.27381632161862],[-89.65840236744353,21.273814801226273],[-89.65840398963958,21.273905056502837],[-89.65850028240914,21.273903536048806],[-89.65850190458889,21.273993792232922],[-89.65859819645637,21.27399227163919],[-89.65859981870281,21.274082527826792],[-89.65869611168048,21.274081006345302],[-89.65869935630928,21.27426151873205],[-89.65889194138569,21.274258477313015],[-89.65889031894089,21.27416822111955],[-89.65908290387932,21.274165179460322],[-89.65908128130751,21.27407492327363],[-89.65937015898716,21.274070360372612],[-89.65936853614036,21.27398010509783],[-89.65956112079846,21.273977062837073],[-89.65955949790784,21.273886806665],[-89.65946320516227,21.273888327785595],[-89.65945833749537,21.273617561179787],[-89.65955462908254,21.273616039984486],[-89.65955300620062,21.27352578383077],[-89.65964929868552,21.273524262653964],[-89.6596476757411,21.273434006505916],[-89.6597439671115,21.27343248609571],[-89.65974234410464,21.27334222995332],[-89.66032009616725,21.27333310201764],[-89.66032171964504,21.273423357249325],[-89.66051430348396,21.273420313789767],[-89.66051592604553,21.273510569849968],[-89.66070851000501,21.273507526145856],[-89.66071013374568,21.27359778138231],[-89.66090271774249,21.273594738337643],[-89.6609043416147,21.273684993576516],[-89.66100063419833,21.273683471549123],[-89.66100550489082,21.273954239020032],[-89.66110179766619,21.27395271692875],[-89.66113265172048,21.27566757372839],[-89.66084377259736,21.275672140116942],[-89.66084539645507,21.27576239546219],[-89.66017134174554,21.275773048021726],[-89.66017296506975,21.275863304283252],[-89.65911373591946,21.27588003899237],[-89.65911535861804,21.275970294366545],[-89.65776724648363,21.275991583988695],[-89.6577688681964,21.27608184028686],[-89.65709481147502,21.27609248110378],[-89.65709643282065,21.276182736510087],[-89.65690384486363,21.276185776576593],[-89.65690222276596,21.27609552018602],[-89.65680592928949,21.276097040618268],[-89.65680430822309,21.276006784309143],[-89.65584136869711,21.27602197939591],[-89.65584298920031,21.27611223481196],[-89.65536151903248,21.27611983008839],[-89.65536313913154,21.276210086418555],[-89.65488166858614,21.27621768018553],[-89.65488328932867,21.276307936603757],[-89.65440181744123,21.276315528783257],[-89.65440343786275,21.276405785211544],[-89.6541145549127,21.27641033964574],[-89.65411617417794,21.276500596003878],[-89.65353840774813,21.276509704146793],[-89.65354002759229,21.27659996059408],[-89.65305855449975,21.276607549452194],[-89.65306017402297,21.27669780590957],[-89.65257870055291,21.276705393258183],[-89.65258031879048,21.276795649647582],[-89.65200255090527,21.276804752896833],[-89.6520041687572,21.276895009297355],[-89.6515226945213,21.276902593323992],[-89.6515243130168,21.276992849812665],[-89.65104283832005,21.277000433233873],[-89.65104445649455,21.27709068973257],[-89.65056298142036,21.27709827164427],[-89.65056459830929,21.277188528074944],[-89.6502757134639,21.277193076167713],[-89.65027733112571,21.277283332684295],[-89.6500847403901,21.277286364995966],[-89.65008635792476,21.27737662151931],[-89.64979747161112,21.27738116953564],[-89.64979908903737,21.277471425162776],[-89.64960649802148,21.277474456872874],[-89.64960811523729,21.27756471341081],[-89.64951181966144,21.27756622917605],[-89.64951343681486,21.27765648571967],[-89.64941714117221,21.277658001425422],[-89.64941875826308,21.277748257974668],[-89.64922616684201,21.277751289206513],[-89.64922778380577,21.277841545762566],[-89.64874630585653,21.277849122865288],[-89.64874792258256,21.277939378527318],[-89.64778496386243,21.277954528946584],[-89.64778657986106,21.278044785528213],[-89.64682362027754,21.278059929898493],[-89.64682523563188,21.278150186495576],[-89.64624745935653,21.27815927057718],[-89.64624584438994,21.27806901397352],[-89.64586065942923,21.2780750690348],[-89.64586227510176,21.278165325720934],[-89.6454770898478,21.278171379817028],[-89.64547870526395,21.27826163651203],[-89.64470833413482,21.27827374180416],[-89.64470994903603,21.27836399851251],[-89.64384328094688,21.278377613037648],[-89.64384489518521,21.27846787066445],[-89.64374859793291,21.27846938272551],[-89.64375021219209,21.278559639453924],[-89.64326872926667,21.278567200975928],[-89.64327034224024,21.278657457636296],[-89.6429814527772,21.278661994595673],[-89.64298306555902,21.278752251263867],[-89.6427904715067,21.278755275223222],[-89.64279208512598,21.27884553197628],[-89.64269578847262,21.27884704435722],[-89.64269740106486,21.278937301037793],[-89.64260110442795,21.278938812455188],[-89.6426027168744,21.279029070045507],[-89.64269901462384,21.279027557801083],[-89.6427006272204,21.27911781449085],[-89.6426043303709,21.279119326814435],[-89.64260594386957,21.279209583587953],[-89.64250964598877,21.279211095773974],[-89.64251125942496,21.279301352553112],[-89.6420297736898,21.27930891108382],[-89.64202816066012,21.279218653395155],[-89.64173926898452,21.279223187932732],[-89.64174088190363,21.279313444720568],[-89.64164458490316,21.279314956440405],[-89.64164619679521,21.27940521315584],[-89.64183879180445,21.279402190635643],[-89.64184201681813,21.27958270415395],[-89.64174571962594,21.279584215937604],[-89.64174733158919,21.279674472665686],[-89.6416510343302,21.279675984389836],[-89.64165425909833,21.279856497939928],[-89.64155796170787,21.279858009605675],[-89.64156118635537,21.28003852317619],[-89.6414648888335,21.280040034783504],[-89.64146650157815,21.280130291615784],[-89.64137020398952,21.280131803163567],[-89.64137181570713,21.280222059923407],[-89.64127551805163,21.28022357141171],[-89.64127713067131,21.280313828255256],[-89.6407956401924,21.28032138373289],[-89.64079241664948,21.28014086921346],[-89.64069611904561,21.280142380337068],[-89.64069289467605,21.27996186575561],[-89.6405965971993,21.27996337681641],[-89.64059498504075,21.279873119983485],[-89.64049868770982,21.279874630078574],[-89.64049707561806,21.279784373249075],[-89.6398229923477,21.279794946574135],[-89.639824603987,21.279885203411265],[-89.63972830559092,21.279886713847482],[-89.63972991708437,21.279976971594287],[-89.63963361966935,21.279978481145072],[-89.63963523110033,21.28006873889753],[-89.63944263508655,21.28007175864537],[-89.63944102370152,21.279981501794737],[-89.63905583278789,21.279987541540955],[-89.6390574429498,21.280077798317837],[-89.63886484779138,21.28008081832062],[-89.63886806874437,21.28026133287455],[-89.63857917472133,21.280265861448576],[-89.63858078544776,21.280356119226738],[-89.63867708322849,21.28035460943418],[-89.63867869410507,21.280444866311765],[-89.6385823962597,21.28044637610543],[-89.63858400699044,21.280536633892705],[-89.63839141028275,21.28053965231824],[-89.6383930208864,21.280629910112243],[-89.63829672290527,21.280631419726284],[-89.63829833352976,21.280721676621912],[-89.63810573646718,21.280724695592216],[-89.63810734696456,21.28081495249461],[-89.63801104788307,21.280816461850893],[-89.63801265823462,21.280906719662955],[-89.63791636005091,21.280908229037827],[-89.63791797042333,21.280998485951528],[-89.63782167120824,21.2809999951888],[-89.63782811237765,21.281361023797494],[-89.63792441185132,21.281359514555902],[-89.6379260221512,21.281449772396467],[-89.63782972261289,21.28145128163919],[-89.63783294325657,21.281631795528007],[-89.63841073728797,21.28162273974125],[-89.63841234800091,21.281712996685968],[-89.63850864772017,21.28171148707635],[-89.63851025849992,21.28180174402454],[-89.63860655731708,21.28180023427517],[-89.63860494647271,21.28170997732805],[-89.63899014242564,21.281703937806917],[-89.63899497565762,21.281974709552884],[-89.63889867671983,21.281976219546863],[-89.63890028680014,21.28206647642628],[-89.63880398779554,21.282067986360758],[-89.63880559877785,21.282158243323863],[-89.63870929970645,21.28215975319883],[-89.63871091054294,21.282250011071717],[-89.63851831129978,21.28225303056389],[-89.6385199220925,21.282343287539437],[-89.63832732367607,21.282346306869528],[-89.63832893434166,21.282436563851764],[-89.63804003554216,21.282441092317573],[-89.63804164601599,21.282531349307657],[-89.63784904723593,21.28253436894011],[-89.63785065758263,21.28262462593699],[-89.63775435816646,21.282626135211366],[-89.6377559684507,21.28271639221387],[-89.63650407097752,21.282736008775952],[-89.63650246056908,21.28264575168115]],[[-89.63595337912611,21.278862483019083],[-89.63604967683091,21.278860974959386],[-89.63604806782187,21.2787707172305],[-89.63614436545987,21.27876920911131],[-89.63614275638837,21.278678951388095],[-89.63633535048059,21.278675935796024],[-89.636333741282,21.27858567807956],[-89.63643003878421,21.278584169780718],[-89.6364268201808,21.27840365526769],[-89.63652311755153,21.27840214691044],[-89.63652150823012,21.278311889209846],[-89.6366178055341,21.27831038079309],[-89.63661619606684,21.278220124002186],[-89.63671249233948,21.278218615447827],[-89.6367108828931,21.27812835775854],[-89.6368071800635,21.27812684922277],[-89.63680235242454,21.277856077167787],[-89.6368986484343,21.277854568496572],[-89.63689703974849,21.277764311809918],[-89.63699333569144,21.277762803079156],[-89.6369901173992,21.27758228783553],[-89.63708641312728,21.277580779950423],[-89.63708480440204,21.27749052237558],[-89.63718110014675,21.27748901352691],[-89.63717949039447,21.277398755879656],[-89.6372757869536,21.27739724795366],[-89.63727095839694,21.277126476024694],[-89.6371746620318,21.27712798394746],[-89.63717305220484,21.277037727222496],[-89.63688416408806,21.27704225251008],[-89.63687933633301,21.276771480622905],[-89.63678304021776,21.276772988298898],[-89.636781430658,21.276682731587876],[-89.63687772679192,21.27668122300895],[-89.63687611725301,21.27659096539953],[-89.63677982214818,21.27659247405551],[-89.63677821267608,21.276502216449575],[-89.63697080363548,21.27649920006141],[-89.63696758540374,21.276318684945768],[-89.63658240294554,21.276324718296966],[-89.63658401228405,21.276414975895925],[-89.63648771633747,21.276416484289776],[-89.63648932569687,21.27650674099035],[-89.63629673366802,21.276509757598475],[-89.63629512452125,21.27641949999171],[-89.63610253261302,21.27642251635525],[-89.63610092456217,21.276332258828944],[-89.63600462866951,21.276333766918757],[-89.63600623770354,21.276424023620166],[-89.635909941744,21.276425531650435],[-89.63591315855807,21.276606046799188],[-89.6358168634316,21.276607554849164],[-89.63582651555028,21.277149099663852],[-89.63573021915266,21.277150606677587],[-89.63573182792888,21.277240864327485],[-89.63563553138111,21.27724237218576],[-89.6356403566477,21.277513144183963],[-89.63573665330597,21.277511637226496],[-89.63574308854173,21.277872667022663],[-89.63564679154156,21.277874174888534],[-89.6356548353742,21.27832546156387],[-89.6355585380486,21.278326969374653],[-89.63556497284505,21.278687999343926],[-89.63546867525878,21.27868950709843],[-89.63547189258237,21.278870021660644],[-89.6353755948646,21.278871529356728],[-89.63537720342332,21.278961787097796],[-89.6351846088166,21.27896480238842],[-89.63518943420128,21.27923557474156],[-89.63586351809111,21.27922502025807],[-89.63586030023315,21.279044505668047],[-89.63595659710472,21.27904299758865],[-89.63595337912611,21.278862483019083]]]}},{"type":"Feature","id":"S13-52f26011f0-109512","properties":{"record_id":"S13-52f26011f0-109512","source_id":"S13","source_row":109512,"source_hash":"52f26011f06ea7cd825e2728b8da25c38b6072684a0544f698c01d8775f9353e","theme":"water","status":"DERIVADO","origin":"OFICIAL","name":"Cuerpos de agua","date":"2020","clipped":false,"simplification_m":2,"fid_1":109513,"Clase":8,"Descrip":"Cuerpos de agua","Fecha":2020},"geometry":{"type":"Polygon","coordinates":[[[-89.61276081886216,21.28554394826673],[-89.61256821205633,21.28554693856195],[-89.61256661688888,21.285456679187774],[-89.61247031306507,21.28545817420426],[-89.61246871796442,21.285367914833554],[-89.61227611140434,21.285370904760835],[-89.61227292138443,21.285190386932825],[-89.61208031507431,21.28519337661335],[-89.61207872023866,21.285103117251968],[-89.61188611308475,21.285106106609614],[-89.61188770779117,21.285196365973142],[-89.61150249416364,21.285202344043764],[-89.61150089963228,21.285112085579936],[-89.61130829341725,21.285115074288623],[-89.61130669910094,21.285024814923194],[-89.61121039557253,21.28502630914638],[-89.611208801323,21.284936049784438],[-89.6111124978571,21.284937543945947],[-89.61110930941015,21.28475702613757],[-89.61091670273059,21.284760014274443],[-89.61091989180002,21.284940533069488],[-89.61082358832776,21.28494202704918],[-89.61082677639538,21.285122544882224],[-89.61053786645881,21.28512702744646],[-89.6105394603437,21.285217285921046],[-89.61025054922939,21.285221767864773],[-89.610248955622,21.285131508482895],[-89.61015265200547,21.285133002040535],[-89.61014787130658,21.28486222482312],[-89.61024417472917,21.28486073126871],[-89.61024576841369,21.2849509897329],[-89.61043837538182,21.284948002440135],[-89.61043359314935,21.284677225181426],[-89.61052989643629,21.284675731447415],[-89.61052670886149,21.284495212749416],[-89.61062301201692,21.284493718956952],[-89.61062141816804,21.284403459615802],[-89.61071772125676,21.284401965763802],[-89.6107161263808,21.284311706350042],[-89.61052352129518,21.284314694069558],[-89.61052192751531,21.28422443473648],[-89.6104256245516,21.284225928465116],[-89.61042243704398,21.284045410714512],[-89.61051873987839,21.284043916988026],[-89.61051555136898,21.28386339827545],[-89.61041924962844,21.28386489207804],[-89.61041765592392,21.28377463276669],[-89.61032135328131,21.28377612642932],[-89.61031816600791,21.283595607818047],[-89.61022186349254,21.283597101417943],[-89.61022664421186,21.283867879344903],[-89.61013034150041,21.283869372887427],[-89.61012715448133,21.283688854262692],[-89.61003085189694,21.283690347742446],[-89.61002925845528,21.283600088435847],[-89.61012556097495,21.283598594957194],[-89.61012396747078,21.28350833565623],[-89.61002766501569,21.283509829133813],[-89.61002607157833,21.283419569836376],[-89.61012237396871,21.283418076359865],[-89.61011759251085,21.283147298419713],[-89.61002129119535,21.28314879287533],[-89.61001969680197,21.283058533517778],[-89.61011599893375,21.283057040045577],[-89.61010962498118,21.28269600297846],[-89.60991702123256,21.282698989853643],[-89.60991542787903,21.282608730596102],[-89.60962652243406,21.282613210451064],[-89.60962492927666,21.282522951194846],[-89.60952862752198,21.28252444435752],[-89.60952703443138,21.282434185104794],[-89.60933443104497,21.282437171246247],[-89.60933602400628,21.282527430501126],[-89.60923972224529,21.282528923482023],[-89.60923812934853,21.28243866422603],[-89.60914182765002,21.282440157145242],[-89.60914342048203,21.282530416402313],[-89.60904711871675,21.282531909261962],[-89.6090455259493,21.282441650003847],[-89.6089492242465,21.282443142801828],[-89.60894603884739,21.28226262429713],[-89.60904234042088,21.28226113150125],[-89.60904074774348,21.28217087135278],[-89.60913704925018,21.282169378497436],[-89.60913545642673,21.282079119258608],[-89.60923175786665,21.282077626343742],[-89.60922697921502,21.281806848657844],[-89.60903437672089,21.281809834420603],[-89.60903119122236,21.281629315981867],[-89.60883858801368,21.281632301419506],[-89.60883699539693,21.281542042204833],[-89.6087406943363,21.281543534870842],[-89.60873910186987,21.281453274755627],[-89.60806499378995,21.28146372253885],[-89.60806658588734,21.28155398175761],[-89.60797028480962,21.281555473938777],[-89.6079686927768,21.281465214718978],[-89.60787239079703,21.281466706760142],[-89.60787398276514,21.28155696598106],[-89.60768138059899,21.28155995004033],[-89.60768297243995,21.281650209267966],[-89.60739406793259,21.281654685731347],[-89.60739725219767,21.28183520428502],[-89.6071083472832,21.281839680209387],[-89.60710357203646,21.28156890151114],[-89.60719987409799,21.28156740995375],[-89.60719669018786,21.28138689051909],[-89.60729299211795,21.28138539890321],[-89.60728980905166,21.281204879567245],[-89.60738610988577,21.28120338781465],[-89.60738292661517,21.281022869403127],[-89.60747922731792,21.281021377592047],[-89.60747763570471,21.280931117490155],[-89.60757393634061,21.280929625619574],[-89.6075723445814,21.280839366427383],[-89.60766864515051,21.28083787449722],[-89.6076670533288,21.280747615310684],[-89.60757075282426,21.280749107239746],[-89.60756916115288,21.28065884715264],[-89.60718395832396,21.280664815084215],[-89.6071791839312,21.280394036645415],[-89.60708288270999,21.280395528188837],[-89.60708129137038,21.280305268114574],[-89.60698499117623,21.280306759674612],[-89.60698339981985,21.280216500507898],[-89.60659819735159,21.280222465981048],[-89.60659660625585,21.280132206814578],[-89.60630770505841,21.280136680319046],[-89.60630134163982,21.279775641877873],[-89.60678284265347,21.279768185781744],[-89.6067812514392,21.27967792664027],[-89.60697385189337,21.279674943795378],[-89.60697226063542,21.279584683756593],[-89.60716485998721,21.279581700593155],[-89.60716326851858,21.2794914414651],[-89.60735586869706,21.279488458139742],[-89.60735109408328,21.279217678981404],[-89.6078325929566,21.279210220488427],[-89.60784214430973,21.279751777005757],[-89.60803474484618,21.27974879282541],[-89.60803633681938,21.279839052861515],[-89.608228936512,21.279836068358318],[-89.60823052870028,21.279926327492788],[-89.6085194293816,21.279921850358562],[-89.60852102176588,21.280012109494344],[-89.60861732164834,21.280010617871888],[-89.60861891409938,21.280100877011172],[-89.60900411516502,21.28009490637324],[-89.60900252341989,21.280004647316577],[-89.60919512332829,21.280001661596998],[-89.60919353049145,21.279911402468752],[-89.6092898313424,21.279909909597443],[-89.60928823844306,21.279819650474835],[-89.60948083808007,21.279816664395977],[-89.60947924505356,21.279726405280087],[-89.61053854491958,21.279709979567837],[-89.61054173143229,21.27989049770215],[-89.61025283185023,21.279894978732695],[-89.61025442539814,21.27998523784908],[-89.61015812450401,21.279986731327533],[-89.61015971798936,21.280076990449572],[-89.610063417993,21.280078483946763],[-89.61006819826811,21.280349261343442],[-89.60997189711104,21.280350754705008],[-89.60997349047574,21.280441013847412],[-89.61026239212164,21.28043653432518],[-89.61026398568241,21.28052679346894],[-89.61055288662192,21.2805223124157],[-89.61055448029515,21.280612572464825],[-89.61084338140944,21.2806080908629],[-89.61084178745867,21.280517831721014],[-89.61093808776111,21.280516337733594],[-89.6109317126856,21.280155301294446],[-89.61083541272524,21.280156794373518],[-89.61083222581179,21.27997627621835],[-89.61073592493051,21.279977770060427],[-89.610732738155,21.27979725192131],[-89.61092533772782,21.279794264024314],[-89.61092693172604,21.279884523128562],[-89.61102323157391,21.27988302908809],[-89.61102641962259,21.28006354821215],[-89.61112271959755,21.280062054108907],[-89.61112590690307,21.28024257226673],[-89.6112222069217,21.280241079004767],[-89.611230176993,21.280692374591347],[-89.61132647741618,21.280690880359334],[-89.6113296659748,21.28087139865508],[-89.61142596644166,21.280869905264332],[-89.6114275607888,21.280960164417948],[-89.61152386140171,21.280958670061498],[-89.6115254558156,21.281048929218617],[-89.611621756491,21.28104743480047],[-89.6116233500072,21.281137693882748],[-89.6118159513972,21.281134705766558],[-89.61181754600942,21.28122496492957],[-89.61191384680761,21.281223470327447],[-89.61191225213084,21.281133211165557],[-89.61249005640383,21.281124243190707],[-89.61248846230589,21.281033984118135],[-89.6129699644226,21.281026510120956],[-89.61296837000351,21.280936251058314],[-89.61306467058216,21.2809347557322],[-89.61306307513601,21.280844496596913],[-89.61325567607398,21.280841506669077],[-89.61325408050068,21.280751247540522],[-89.61335038094363,21.280749752034733],[-89.61334878627237,21.28065949299013],[-89.6135413869389,21.280656502702925],[-89.61354457750659,21.280837020870717],[-89.61344827700339,21.280838516498797],[-89.61344987174354,21.280928775551484],[-89.61335357222156,21.28093027029424],[-89.61335516689921,21.281020529352563],[-89.61316256570694,21.28102351940597],[-89.61316416122195,21.281113778549265],[-89.61306786051624,21.281115273938184],[-89.61307105045891,21.281295792162332],[-89.61268584814542,21.281301772294718],[-89.61268903757956,21.28148229054582],[-89.612592736688,21.281483784731986],[-89.61259752210815,21.281754562263494],[-89.61279012339584,21.281751572841834],[-89.61279171866947,21.28184183202591],[-89.61317692349036,21.281835851703473],[-89.61317851814366,21.281926109905584],[-89.61327481934558,21.28192461535037],[-89.61327322471115,21.281834356245362],[-89.61346582618167,21.281831365069028],[-89.61346423133658,21.281741106874755],[-89.61356053152173,21.281739611157636],[-89.61355893669764,21.281649352064996],[-89.61365523778052,21.281647856366614],[-89.61365364192943,21.2815575972013],[-89.61384624387601,21.281554606528907],[-89.6138446478977,21.281464347370353],[-89.61394094876134,21.281462852396345],[-89.6139393527206,21.28137259324344],[-89.61413195447923,21.281369601307706],[-89.61413035822778,21.281279343065517],[-89.61422665903929,21.281277847007804],[-89.61422506280883,21.28118758786723],[-89.61441766421254,21.281184596476276],[-89.61441447246412,21.28100407829143],[-89.61489597436658,21.280996598233866],[-89.61489757104518,21.281086857357742],[-89.61547537378809,21.281077879840335],[-89.61547377672163,21.280987620722964],[-89.61557007722561,21.2809861247241],[-89.6155668839343,21.280805606583392],[-89.61547058347605,21.280807103484175],[-89.61546579423137,21.280536326343274],[-89.6157546938863,21.28053183719876],[-89.61575309760326,21.28044157819025],[-89.61604199704487,21.280437088503547],[-89.61604040057013,21.280346829502843],[-89.61575150035779,21.28035131910805],[-89.61574830683793,21.280170801035595],[-89.61594090666738,21.28016780863311],[-89.61593930929907,21.280077549566737],[-89.61632450884062,21.280071562230727],[-89.61632291121592,21.27998130317325],[-89.6166118106139,21.27997681249014],[-89.61661660214716,21.28024758950999],[-89.61671290219175,21.280246091888507],[-89.61671769402173,21.280516868042135],[-89.61681399417469,21.2805153712608],[-89.61681559117096,21.280605630261984],[-89.61710449092966,21.280601138568883],[-89.61710289373947,21.28051087957093],[-89.61719919388386,21.28050938254721],[-89.61720398670279,21.28078015872566],[-89.61739658649182,21.280777163507665],[-89.61739818388237,21.28086742251605],[-89.61759078475667,21.28086442713166],[-89.6175923822786,21.280954686142454],[-89.61778498230903,21.28095169043524],[-89.61778658092703,21.281041949526674],[-89.6180754816746,21.281037455095195],[-89.61807707952403,21.2811277141097],[-89.61904008157353,21.281112731984024],[-89.61903848307765,21.281022472980375],[-89.61913478260232,21.28102097465981],[-89.61913318396047,21.280930716565855],[-89.61922948350183,21.280929217281752],[-89.61922788479744,21.280838959193364],[-89.61932418515316,21.28083746083204],[-89.61932098682387,21.280656942784862],[-89.61941728704818,21.28065544436509],[-89.61941568822091,21.2805651862926],[-89.61951198749733,21.280563686831005],[-89.619507190918,21.2802929117401],[-89.61960348991487,21.280291413125184],[-89.61960029218804,21.280110895217504],[-89.6195039922725,21.28011239465602],[-89.61950079468353,21.27993187676445],[-89.6194044949786,21.279933375236162],[-89.61940129744406,21.279752858264725],[-89.61969019520016,21.279748362596006],[-89.61969499204518,21.28001913850229],[-89.61988759165284,21.28001614022846],[-89.61988919070697,21.280106399172197],[-89.62017808832547,21.28010190159917],[-89.62017968854016,21.280192160622434],[-89.62037228733692,21.280189162564024],[-89.6203706879575,21.28009890362113],[-89.62046698680567,21.280097404463007],[-89.6204685862498,21.280187663404806],[-89.62056488612504,21.280186164263203],[-89.62056328661636,21.280095905322487],[-89.62065958546025,21.280094406043087],[-89.62066118511711,21.280184664078753],[-89.6209500837591,21.280180166030245],[-89.6209484839083,21.280089907997905],[-89.6210447827436,21.280088408476114],[-89.62104158300271,21.27990789152319],[-89.62113788275457,21.279906391117205],[-89.62113468289297,21.279725874184717],[-89.62123098146542,21.279724374546053],[-89.62122618145344,21.279453599636867],[-89.62141877916864,21.27945060026247],[-89.62141717909527,21.27936034136806],[-89.62151347836733,21.27935884163013],[-89.62151187814801,21.27926858364536],[-89.621993371259,21.2792610838176],[-89.62199497180146,21.279351341796986],[-89.62238016681253,21.279345341774913],[-89.6223817676157,21.27943559975453],[-89.6226706645902,21.279431098459508],[-89.62266906359304,21.27934084048317],[-89.62315055689827,21.27933333701381],[-89.62314895558006,21.27924307904747],[-89.6233415529507,21.279240077253355],[-89.62333995150536,21.279149819293703],[-89.62353254873813,21.279146817259345],[-89.6235309471657,21.27905655930649],[-89.62343464909729,21.279058060391957],[-89.62343304767505,21.27896780153852],[-89.62333674870463,21.278969302484164],[-89.6233351482303,21.27887904461644],[-89.62343144617151,21.278877543593687],[-89.62342824325441,21.278697026813674],[-89.62352454202875,21.278695525810697],[-89.6235229404671,21.278605267880653],[-89.6236192382101,21.27860376673998],[-89.62361763763387,21.27851350798974],[-89.62381023386531,21.278510506510994],[-89.62380863219741,21.278420247689265],[-89.62400122829105,21.278417245970264],[-89.623999626496,21.27832698715533],[-89.62477000938597,21.278314976881624],[-89.62476840804052,21.278224718158086],[-89.6249610038325,21.278221715231354],[-89.62496420783212,21.27840223185279],[-89.62506050541364,21.27840072980529],[-89.62506210800531,21.278490987708853],[-89.62525470417222,21.278487984412006],[-89.62525630593078,21.27857824223977],[-89.62564149849736,21.278572234914517],[-89.62563989559911,21.27848197610889],[-89.625928789367,21.278477469490763],[-89.62592718715811,21.27838721167517],[-89.62611978219246,21.2783842072115],[-89.62611817985645,21.278293949402617],[-89.62631077483633,21.27829094379466],[-89.62631237818275,21.27838120258359],[-89.62640867573413,21.278379699687616],[-89.62641188168158,21.2785602162948],[-89.62650818032458,21.27855871341422],[-89.62651619616142,21.27901000368965],[-89.6264198971952,21.279011506575625],[-89.62642310413736,21.27919202332495],[-89.62661570039712,21.27918901733169],[-89.6266221139432,21.279550049894105],[-89.62681471062812,21.279547044553784],[-89.62681310684708,21.279456786614933],[-89.62700570444206,21.2794537802085],[-89.62700249759241,21.279273264427115],[-89.62709879577514,21.279271761096044],[-89.62709719180664,21.27918150317419],[-89.62728978891741,21.279178497314682],[-89.62728818482178,21.279088239399574],[-89.6277696758327,21.279080723126455],[-89.62776807141601,21.27899046522129],[-89.62824956204989,21.278982947438593],[-89.6282479582767,21.27889268962165],[-89.62834425608946,21.27889118641117],[-89.6283458599273,21.278981444227007],[-89.62844215788591,21.278979940050792],[-89.62844055398345,21.27888968223604],[-89.6286331496815,21.278886674608],[-89.62863154565193,21.27879641679997],[-89.62872784339142,21.27879491334817],[-89.62872623833478,21.278704655467585],[-89.62882253609088,21.27870315105225],[-89.62882093193633,21.278612893255502],[-89.62891722954215,21.278611389684695],[-89.62891562532512,21.2785211318936],[-89.62901192294764,21.278519627359206],[-89.62901031770355,21.278429369495605],[-89.62910661614035,21.278427865883888],[-89.62910501083385,21.278337608025943],[-89.62900871342619,21.278339111714715],[-89.62900389972587,21.278068337417313],[-89.62890760242664,21.278069841946262],[-89.62890439305602,21.27788932634529],[-89.62880809596724,21.27789082990741],[-89.62880649086753,21.277800572073616],[-89.62890278893963,21.277799067686708],[-89.62889797538861,21.27752829437232],[-89.62899427230008,21.27752678984987],[-89.62899106282605,21.277346274305945],[-89.6290873595226,21.27734477062913],[-89.62908415097586,21.27716425427975],[-89.62918044754106,21.277162750544502],[-89.62917563353695,21.276891976431802],[-89.62907933708233,21.27689348106789],[-89.62907452329152,21.276622706993102],[-89.628978227112,21.27662421066123],[-89.62897501776446,21.276443694304668],[-89.62887872162874,21.276445198814084],[-89.62887551241909,21.276264682473652],[-89.62897180834214,21.27626317887048],[-89.62896378643775,21.275811888674138],[-89.629060083,21.27581038509395],[-89.62905847775595,21.275720127368608],[-89.62925106986361,21.27571711904636],[-89.6292558839776,21.275987892977422],[-89.6293521796982,21.275986389135095],[-89.6293569940255,21.27625716310403],[-89.62945328993779,21.276255659197837],[-89.62945649904194,21.276436174543033],[-89.62955279604596,21.27643467065226],[-89.6295544006659,21.276524928330616],[-89.6296506967678,21.27652342429993],[-89.62965390710798,21.276703939746362],[-89.62975020333704,21.27670243565296],[-89.62975180809276,21.2767926933429],[-89.62984810438422,21.2767911891878],[-89.6298513149125,21.27697170556136],[-89.62994761141458,21.276970200439425],[-89.62994921630603,21.277060458140877],[-89.63004551278718,21.27705895386134],[-89.63004872358687,21.27723947025798],[-89.63014502027855,21.277237965011576],[-89.63015786240204,21.277960027903912],[-89.63025415952521,21.2779585234923],[-89.63026379214104,21.27850007020801],[-89.63036008964995,21.278498565729247],[-89.63036490618089,21.27876933914552],[-89.63046120388152,21.278767834602885],[-89.63046280913926,21.27885809239029],[-89.63055910690242,21.278856587785995],[-89.63056071319156,21.278946845655042],[-89.63065701110051,21.278945340084995],[-89.63065861649186,21.279035597879364],[-89.630851212266,21.27903258836339],[-89.63084960674539,21.278942330571212],[-89.63094590464789,21.27894082481935],[-89.63094429810023,21.278850566954613],[-89.6319072756937,21.278835513346294],[-89.63190888192321,21.27892577112197],[-89.63210147759531,21.27892275912847],[-89.63210469031934,21.279103274689213],[-89.63200839239683,21.279104780266394],[-89.63200999966192,21.279195038132837],[-89.63210629764916,21.279193532554547],[-89.6321127241797,21.279554562923124],[-89.6323053197002,21.279551551497914],[-89.63230371319703,21.279461293694588],[-89.63249630962761,21.279458281203244],[-89.63249952289469,21.279638796810058],[-89.63259582119424,21.2796372909233],[-89.6325926077979,21.27945677531874],[-89.63297779957655,21.279450750192275],[-89.6329794065322,21.27954100798793],[-89.63307570475642,21.279539501799285],[-89.63307731177886,21.279629759598457],[-89.63317361006558,21.2796282533481],[-89.6331752172382,21.27971851024669],[-89.63336781393434,21.279715497562005],[-89.63337102846126,21.27989601227258],[-89.6334673269354,21.27989450583719],[-89.63347054151686,21.280075021467905],[-89.63356684011806,21.28007351496969],[-89.6335716632483,21.280344287620796],[-89.6334753644531,21.280345794122244],[-89.63347375715482,21.28025553629094],[-89.6331848608669,21.280260056332498],[-89.6331832537647,21.280169798502456],[-89.63289435861586,21.280174318073428],[-89.63289275170973,21.280084060244764],[-89.63279645309342,21.280085566318714],[-89.6327980599349,21.280175824148508],[-89.63260546344758,21.280178837099008],[-89.63260867696182,21.280359351872644],[-89.63251237814504,21.28036085776808],[-89.63251398576364,21.280451115692998],[-89.63222508902312,21.280455633922987],[-89.63222669644995,21.280545891855745],[-89.6320340984551,21.28054890400959],[-89.63203570487362,21.280639160966878],[-89.63193940673116,21.280640667484143],[-89.63194101308719,21.280730924447056],[-89.63184471391335,21.280732430826678],[-89.63184632108809,21.28082268877749],[-89.63175002193086,21.2808241941935],[-89.63175162807852,21.28091445207182],[-89.63165532885455,21.28091595742837],[-89.63165854199167,21.281096473278907],[-89.63156224263618,21.281097978577016],[-89.63156384962562,21.28118823654932],[-89.63146755020334,21.28118974178793],[-89.63147076309482,21.28137025767022],[-89.6313744635411,21.28137176285035],[-89.63137767631194,21.2815522787531],[-89.63128137662679,21.281553783874845],[-89.63128619608757,21.281824557805482],[-89.63138249508549,21.28182305169821],[-89.63138892076226,21.282184082709076],[-89.6317741204935,21.28217805969938],[-89.63177572763813,21.282268317724238],[-89.63225722689512,21.282260787082464],[-89.63225883340053,21.282351045028317],[-89.63264403357124,21.28234501982821],[-89.63264242575929,21.282254762712654],[-89.63283502618467,21.282251749790255],[-89.63283663307794,21.282342007729515],[-89.63293293339376,21.28234050072433],[-89.63293132538787,21.282250243611976],[-89.63341282443199,21.282242710238176],[-89.63341121715303,21.282152452309948],[-89.63360381644999,21.28214943834191],[-89.6336022089605,21.282059181324485],[-89.63369850810054,21.282057673759542],[-89.63369529308214,21.281877158836515],[-89.63408049078251,21.281871130847986],[-89.6340788829763,21.281780873849662],[-89.6341751819116,21.281779365985],[-89.6341735740429,21.281689108992374],[-89.63436617265896,21.281686094065545],[-89.63436456466307,21.281595837079646],[-89.63446086346262,21.28159432903536],[-89.63445925540431,21.281504072055082],[-89.63455555501827,21.28150256493349],[-89.63455394601627,21.281412306976673],[-89.63474654519177,21.281409291649762],[-89.63474976152733,21.281589807407283],[-89.63484606128274,21.28158829919871],[-89.63485088607958,21.281859071961854],[-89.63494718594346,21.281857564593484],[-89.63494879433361,21.281947821586563],[-89.63504509329539,21.281946314078343],[-89.63504831109267,21.282126829058154],[-89.6351446101815,21.282125321487154],[-89.635146219672,21.282215578569833],[-89.63524251882339,21.282214070937165],[-89.63524412733274,21.28230432884926],[-89.63534042759456,21.28230282032895],[-89.63534203617071,21.282393078244517],[-89.6352457368922,21.28239458593997],[-89.63524734548923,21.282484842957132],[-89.6354399451379,21.282481827581563],[-89.63544155386646,21.28257208460107],[-89.63573045303492,21.282567561040835],[-89.63573367176745,21.2827480760692],[-89.63592627090114,21.282745059098893],[-89.63592948990089,21.282925574141156],[-89.63602578955214,21.28292406601496],[-89.63602900877319,21.283104580169194],[-89.63612530855156,21.283103071980193],[-89.63612691774766,21.283193329024012],[-89.63622321855311,21.283191820851425],[-89.63622643699776,21.283372335854622],[-89.63651533794307,21.283367809906427],[-89.63652016721427,21.283638582061638],[-89.6364238660921,21.283640090421475],[-89.63642547637635,21.283730348471543],[-89.63623287496081,21.28373336508968],[-89.63622965553436,21.28355284997194],[-89.63613335535159,21.28355435913102],[-89.6361349645585,21.28364461619761],[-89.63603866439226,21.283646124393176],[-89.63604027345333,21.28373638236943],[-89.63584767298514,21.28373939858088],[-89.63584606396996,21.283649141506455],[-89.63565346265786,21.283652157395196],[-89.63565185377415,21.283561900323157],[-89.63545925249927,21.2835649168713],[-89.63545764383038,21.283474658897607],[-89.63526504267612,21.28347767520124],[-89.63526343405532,21.283387418133938],[-89.6349745321445,21.283391940736397],[-89.63497292371979,21.28330168367036],[-89.63468402286466,21.283306206706314],[-89.63468241463603,21.28321594964165],[-89.63458611379602,21.28321745684452],[-89.63458450563421,21.283127199783305],[-89.63439190504165,21.28313021408333],[-89.63438868810185,21.282949698987952],[-89.6340997879835,21.282954220919972],[-89.63409817918685,21.282863963788813],[-89.63332777797963,21.282876019796163],[-89.63332938625913,21.282966276936047],[-89.63294418530343,21.282972303941623],[-89.63294579227862,21.28306256191632],[-89.63275319165857,21.28306557505761],[-89.63275479859,21.28315583213498],[-89.63265849865265,21.28315733910694],[-89.63266010552161,21.283247596189895],[-89.63227490372975,21.28325362151165],[-89.63227329711937,21.283163364424347],[-89.63208069537515,21.28316637664126],[-89.63207908897961,21.28307611865223],[-89.63198278821066,21.283077624216705],[-89.63197796809955,21.282806852003702],[-89.63053346337063,21.282829435772253],[-89.6305366751303,21.28300995093637],[-89.63015147287635,21.28301597173787],[-89.63015307902481,21.283106228918214],[-89.63005677812929,21.283107734174617],[-89.63005838413189,21.28319799226464],[-89.62967318140103,21.28320401095871],[-89.62967478618263,21.283294268979436],[-89.6295784861116,21.28329577401316],[-89.62957688043014,21.2832055159132],[-89.6292879785523,21.283210029587167],[-89.6292863730669,21.283119771488494],[-89.62938267389622,21.28311826762095],[-89.62938106834828,21.28302800952788],[-89.62947736919428,21.283026504696778],[-89.62947094764675,21.282665473356722],[-89.62937464705934,21.282666978183492],[-89.62937143695176,21.28248646212572],[-89.62927513649156,21.282487966889718],[-89.62927353198793,21.28239770890565],[-89.62917723159013,21.282399213607917],[-89.62917562618873,21.28230895554918],[-89.62898302656401,21.28231196394395],[-89.62898142129404,21.282221705887558],[-89.62888512101908,21.282223210405895],[-89.62888351581591,21.282132952353],[-89.62869091643684,21.28213596037977],[-89.6286893112817,21.282045703233308],[-89.62782261104975,21.28205923742668],[-89.6278242145751,21.28214949540879],[-89.62763161514856,21.282152502102306],[-89.62763321854676,21.282242760091133],[-89.6275369182417,21.282244263761037],[-89.6275401268444,21.282424779910947],[-89.62744382640787,21.282426283522366],[-89.62744543064785,21.282516541605204],[-89.62734913022787,21.282518044253116],[-89.62735073440535,21.28260830234164],[-89.62725443383516,21.28260980583404],[-89.62725603698557,21.28270006385001],[-89.62715973731318,21.282701567361084],[-89.62716134040112,21.282791825382702],[-89.62706503969738,21.282793328756078],[-89.62706664368733,21.282883586861484],[-89.62677774145263,21.28288809571721],[-89.62677934525085,21.28297835383048],[-89.6264904427194,21.282982863048044],[-89.62649204632586,21.283073121169142],[-89.62610684370986,21.283079131789275],[-89.62610844609532,21.28316938984104],[-89.62601214510926,21.283170892552107],[-89.62601374839679,21.283261150687736],[-89.62582114628903,21.283264155930244],[-89.62582274944941,21.28335441407254],[-89.62563014720367,21.2833574190748],[-89.62563175023695,21.283447677223894],[-89.62553544904627,21.283449179635195],[-89.62553865498988,21.283629695949166],[-89.62524975198154,21.283634202904206],[-89.62525135476267,21.283724461071248],[-89.62515505336938,21.283725963243405],[-89.62515665608802,21.28381622141611],[-89.62506035462793,21.283817723528724],[-89.62506355994239,21.283998239889982],[-89.62477465516142,21.284002745870797],[-89.62477305269704,21.283912487684596],[-89.62486935422824,21.2839109857527],[-89.62486775170137,21.28382072757221],[-89.62477145023483,21.28382222950298],[-89.62476984777483,21.283731971325953],[-89.62467354637077,21.283733473195078],[-89.62466713584608,21.28337244044989],[-89.62447453354876,21.283375443997652],[-89.62447293129338,21.283285185840143],[-89.62428032911676,21.283288189143317],[-89.62427712487103,21.28310767283762],[-89.62418082390873,21.28310917439612],[-89.624177619801,21.28292865810647],[-89.62398501812854,21.28293166103737],[-89.62398341620721,21.28284140289719],[-89.6236945129118,21.28284590675752],[-89.62369611463924,21.282936164900953],[-89.62350351294526,21.28293916722581],[-89.62350671614806,21.28311968353063],[-89.62360301712542,21.283118182396343],[-89.62360461879462,21.283208440554514],[-89.62350831766922,21.28320994259395],[-89.62351312346051,21.283480717177223],[-89.6234168212579,21.283482218177063],[-89.623418423771,21.28357247643382],[-89.62322582019458,21.28357547833204],[-89.62322742249715,21.28366573749956],[-89.62313112015873,21.283667238319723],[-89.62312791753081,21.283486721047478],[-89.62303161620069,21.28348822278712],[-89.62303001499629,21.283397963704786],[-89.62274111038927,21.283402466670523],[-89.62274271244779,21.28349272493032],[-89.62235750636583,21.283498727765306],[-89.62235590553048,21.283408469579395],[-89.62206700096179,21.283412970368403],[-89.62206860151973,21.283503229461616],[-89.62197230024938,21.283504729630625],[-89.62197390082828,21.2835949878254],[-89.62187759949117,21.283596487934858],[-89.62187920000757,21.283686746135288],[-89.62178289852018,21.283688247089227],[-89.62178449897408,21.283778505295373],[-89.62130299055107,21.28378600546716],[-89.62130619169999,21.283966522886086],[-89.62101728581328,21.283971022598724],[-89.6210156859557,21.283880763470844],[-89.62111198750611,21.283879263903575],[-89.62111038750257,21.283789005685346],[-89.62101408601681,21.28379050525148],[-89.62101088518097,21.283609988748328],[-89.62091458382233,21.283611488251715],[-89.62091298395451,21.28352123004499],[-89.62033517404961,21.283530227437804],[-89.62033677352954,21.283620485651056],[-89.6202404721559,21.28362198473019],[-89.62024367187402,21.283802502154753],[-89.62062887900436,21.283796503735978],[-89.62063207828356,21.283977021091818],[-89.62072838087181,21.283975521844162],[-89.62072998062106,21.28406578007582],[-89.62015216932765,21.28407477685864],[-89.62015376869118,21.284165035101356],[-89.61996116410937,21.284168033795478],[-89.61995956487513,21.284077775550557],[-89.61947805423024,21.284085270806944],[-89.61947645532139,21.283995012561203],[-89.61928385096809,21.283998010402552],[-89.61928545071225,21.2840882687287],[-89.61909284622106,21.28409126632977],[-89.619094445838,21.284181524662625],[-89.61880553933177,21.284186021104077],[-89.61880393999219,21.284095761863945],[-89.61861133547953,21.284098758858942],[-89.6186097371525,21.28400850060344],[-89.61870603890473,21.28400700164618],[-89.6187028411632,21.283826485072805],[-89.61851023799872,21.283829482018366],[-89.6185150336605,21.284100257756688],[-89.61841873192289,21.284101755689743],[-89.61842033003924,21.28419201485601],[-89.61832402823481,21.28419351272956],[-89.61832083108534,21.28401299522531],[-89.61822452836,21.284014493861896],[-89.6182213313485,21.283833976373675],[-89.61812502971482,21.28383547502577],[-89.61812662771433,21.283925733277517],[-89.61783772172546,21.283930227891084],[-89.61784411481487,21.284291262017295],[-89.6176515109652,21.284294257882742],[-89.61764831366848,21.28411374118002],[-89.61745571006891,21.284116736798747],[-89.6174541116365,21.28402647754797],[-89.61706890265751,21.284032468801453],[-89.6170705009148,21.284122727152518],[-89.61697419809684,21.284124225002312],[-89.61697579629163,21.28421448335897],[-89.61668688964367,21.2842189758005],[-89.61668369372767,21.284038458181186],[-89.61649108924986,21.284041452507438],[-89.61649428490728,21.284221970131078],[-89.61659058675255,21.284220473408983],[-89.61659218469083,21.28431073177449],[-89.61668848659859,21.284309234990747],[-89.61669008460373,21.284399493359793],[-89.61659378158325,21.284400990970422],[-89.61659537952589,21.284491249345106],[-89.61649907740319,21.284492746974475],[-89.61649747960877,21.28440248769467],[-89.61630487452172,21.284405482691167],[-89.61630327685866,21.28431522341378],[-89.61611067189233,21.284318218165716],[-89.61611386704543,21.284498735825323],[-89.61592126189544,21.284501729435117],[-89.61591966440531,21.28441147105288],[-89.61572705937601,21.284414464418074],[-89.61572865665335,21.284504723706526],[-89.61563235363028,21.284506219808133],[-89.61563554814556,21.284686737496774],[-89.61553924490754,21.284688234443987],[-89.61554403549621,21.284959011388132],[-89.61525512720019,21.284963501128356],[-89.61525193318927,21.28478298340377],[-89.61515563084268,21.28478448018791],[-89.6151540339468,21.284694220879306],[-89.61505773069814,21.28469571752352],[-89.61505613483362,21.284605458296703],[-89.61486352845907,21.28460845140107],[-89.61486193272599,21.28451819217662],[-89.61476562960017,21.28451968863684],[-89.6147672262331,21.28460994794063],[-89.61467092304049,21.284611444341337],[-89.61467411626707,21.28479196206068],[-89.61457781302653,21.284793457498917],[-89.61457940953657,21.28488371681854],[-89.61429050128667,21.284888205641384],[-89.61428890497055,21.284797946318534],[-89.61390369267515,21.28480392952841],[-89.61390688479243,21.284984448187327],[-89.61381058132194,21.28498594404688],[-89.61380898629143,21.284895684792364],[-89.61361637947323,21.284898676327497],[-89.61361797542254,21.284988934758417],[-89.61352167291014,21.284990430514434],[-89.61352486363774,21.285170948217857],[-89.61333225738339,21.285173939474127],[-89.61333385306168,21.285264198826013],[-89.6132375503489,21.285265694403456],[-89.61324233632153,21.285536471507253],[-89.61304972953714,21.285539462408508],[-89.6130513251135,21.28562972087783],[-89.61276241424464,21.28563420673926],[-89.61276081886216,21.28554394826673]],[[-89.61542218313606,21.283516365608936],[-89.61542058599282,21.283426107271403],[-89.61599839787499,21.283417126785004],[-89.61599999540609,21.283507385116042],[-89.61619259912965,21.28350439140882],[-89.61619100146919,21.28341413307993],[-89.61667251094121,21.28340664734384],[-89.61667410892484,21.283496905667306],[-89.61705931630318,21.28349091631355],[-89.61705771814447,21.283400657090358],[-89.61734662390226,21.28339616493303],[-89.61734822137389,21.283486423170707],[-89.61802233371778,21.28347593770447],[-89.61802073579364,21.283385679474403],[-89.61821333929771,21.28338268322389],[-89.61821174028191,21.283292424922333],[-89.618500645852,21.283287929682455],[-89.61850224401374,21.28337818880664],[-89.61869484749634,21.283375191950118],[-89.61869644587301,21.28346545017263],[-89.61888904947632,21.283462453071596],[-89.61889064886546,21.283552712278713],[-89.61927585534039,21.283546717266763],[-89.61927745507374,21.28363697557012],[-89.61975896315937,21.283629480868605],[-89.61975576497748,21.283448964433727],[-89.61985206631599,21.283447464755696],[-89.61985366547054,21.283537722969793],[-89.62004626906814,21.283534725316084],[-89.62004466986784,21.283444466200134],[-89.61994836756895,21.28344596592114],[-89.6199435690432,21.283175190327196],[-89.61975096595847,21.283178187851025],[-89.61975416500859,21.28335870524086],[-89.61956156157325,21.283361703430664],[-89.6195599626169,21.28327144522241],[-89.61946366148472,21.283272943812438],[-89.6194604628267,21.28309242642523],[-89.61936416173816,21.283093925856523],[-89.61936576056091,21.283184184057763],[-89.61907685629072,21.28318868010488],[-89.61907525669734,21.283098421822167],[-89.61917155875696,21.28309692265093],[-89.61915876664351,21.282374854240715],[-89.6190624651846,21.282376352499192],[-89.61906086657514,21.28228609433574],[-89.61886826474463,21.282289090747067],[-89.61886666626663,21.28219883258594],[-89.61828886094457,21.28220782216704],[-89.6182904589512,21.282298081238608],[-89.61819415753762,21.282299578950646],[-89.61819575644638,21.282389838106155],[-89.61809945496593,21.282391335758632],[-89.61810105381221,21.28248159491976],[-89.61790845159673,21.282484591027416],[-89.6179100494347,21.282574849212985],[-89.61771744708136,21.282577845080333],[-89.61771904575684,21.282668103350858],[-89.61752644326562,21.282671098978003],[-89.61752804076589,21.282761358081103],[-89.61723913637847,21.28276585057929],[-89.6172407346515,21.282856109768407],[-89.61695182996733,21.282860602628485],[-89.61695023285282,21.28277034351433],[-89.61656502657004,21.28277633251284],[-89.61656342963273,21.282686074302987],[-89.61637082709002,21.2826890684756],[-89.61636922940308,21.282598809285872],[-89.61627292766914,21.28260030669304],[-89.61627133101356,21.282510047585003],[-89.61607872871656,21.282513041389688],[-89.61607713114434,21.282422783109844],[-89.61598082961676,21.28242427942902],[-89.61597923315941,21.282334020326875],[-89.61578663006004,21.282337014589398],[-89.61578503373413,21.282246755489663],[-89.6156887323294,21.282248251624846],[-89.61568713598679,21.28215799343263],[-89.61549453321662,21.282160986423108],[-89.615492937089,21.282070727329256],[-89.61530033443957,21.28207372007518],[-89.6152987383598,21.281983461887727],[-89.6152024371383,21.28198495771669],[-89.61519924423341,21.28180444037109],[-89.61510294313906,21.281805936137232],[-89.61510134623043,21.281715677883078],[-89.61433093942692,21.281727646498826],[-89.61433253581838,21.281817904761674],[-89.61423623462116,21.28181940088642],[-89.61423783086661,21.281909660058915],[-89.61414152968618,21.281911155220108],[-89.61414631727682,21.282181932689927],[-89.61433891922594,21.28217894041403],[-89.61434530354879,21.282539977121726],[-89.61444160526094,21.282538480927727],[-89.61444320165283,21.282628740134506],[-89.61453950246302,21.282627243800523],[-89.61454109892162,21.282717503010822],[-89.61492630520952,21.282711518203367],[-89.61492790096435,21.282801777335624],[-89.6150242028576,21.282800280774737],[-89.61502579964379,21.282890539988742],[-89.61473689481163,21.28289502866708],[-89.61473849052497,21.28298528690654],[-89.61454588742939,21.28298827968667],[-89.61454907948499,21.28316879716596],[-89.61445277828696,21.283170293506434],[-89.61445437469376,21.283260552745112],[-89.61455067595645,21.283259056403587],[-89.61455386898942,21.28343957398848],[-89.61465017037925,21.283438077584172],[-89.6146517669218,21.28352833683437],[-89.61542218313606,21.283516365608936]],[[-89.61982967397255,21.282183845325697],[-89.61992597536847,21.282182345680404],[-89.61992757447413,21.28227260473363],[-89.6200238748845,21.282271105852548],[-89.620025475105,21.282361364083425],[-89.61992917366543,21.28236286288743],[-89.61993077373987,21.282453122027977],[-89.61983447223348,21.282454620772448],[-89.61983607136435,21.28254487893639],[-89.6200286735398,21.282541881306503],[-89.62003027376667,21.282632139551097],[-89.62051177812744,21.28262464338899],[-89.62051337867976,21.28271490163267],[-89.62070598011908,21.28271190307178],[-89.62070438048553,21.282621644004415],[-89.62060807983161,21.282623143314105],[-89.62060487956872,21.28244262692071],[-89.62041227851297,21.282445625353954],[-89.62040907851731,21.28226510897447],[-89.62089058259018,21.282257610796098],[-89.62088898275468,21.282167352657765],[-89.62108158340108,21.282164353625017],[-89.62107998352182,21.282074094589333],[-89.62117628474178,21.282072595061344],[-89.62117148379149,21.281801819714776],[-89.62136408487243,21.28179882040529],[-89.62136568502261,21.281889078519985],[-89.62146198514226,21.281887578734157],[-89.62146038501086,21.281797319716468],[-89.62174928612745,21.28179282007684],[-89.62174768572083,21.281702561970977],[-89.6220365867076,21.281698060885095],[-89.62203498610918,21.281607802787136],[-89.62213128601984,21.281606302580276],[-89.62212648412705,21.28133552741282],[-89.6220301844104,21.28133702761636],[-89.6220285838206,21.281246769536654],[-89.62183598354547,21.28124976968155],[-89.62183438317055,21.28115951070011],[-89.62154548333447,21.281164011402918],[-89.62154388219118,21.281073752344636],[-89.62135128311762,21.281076751957354],[-89.62135288316716,21.281167010939658],[-89.62116028299124,21.281170010233993],[-89.62115868298753,21.281079752153612],[-89.62106238247874,21.28108125166961],[-89.62105758284132,21.280810475644486],[-89.62115388219168,21.280808976053464],[-89.62115068228711,21.2806284590297],[-89.62105438298258,21.280629959522606],[-89.62105278313986,21.280539700564486],[-89.62057128434853,21.280547198263683],[-89.62057288395143,21.280637456323173],[-89.62047658471752,21.280638955548465],[-89.62047818417446,21.280729214517653],[-89.62018928433676,21.280733711676593],[-89.62019088456655,21.28082397073182],[-89.62009458423015,21.28082546963861],[-89.62009618351634,21.280915727717193],[-89.61990358358896,21.280918726333375],[-89.61990518274804,21.281008984418715],[-89.61971258268277,21.281011982794663],[-89.61971418267919,21.281102240964927],[-89.61961788205471,21.281103740475952],[-89.61962267985047,21.28137451576509],[-89.61952637911331,21.281376014314727],[-89.61952957781901,21.28155653152653],[-89.61943327686693,21.28155803092179],[-89.61943807430704,21.281828806285763],[-89.61953437536957,21.28182730779135],[-89.61953597429154,21.281917565926637],[-89.6197285755748,21.281914568675514],[-89.61973017462819,21.28200482681319],[-89.6198264758135,21.282003328134753],[-89.61982967397255,21.282183845325697]]]}},{"type":"Feature","id":"S13-52f26011f0-109513","properties":{"record_id":"S13-52f26011f0-109513","source_id":"S13","source_row":109513,"source_hash":"52f26011f06ea7cd825e2728b8da25c38b6072684a0544f698c01d8775f9353e","theme":"water","status":"DERIVADO","origin":"OFICIAL","name":"Cuerpos de agua","date":"2020","clipped":false,"simplification_m":2,"fid_1":109514,"Clase":8,"Descrip":"Cuerpos de agua","Fecha":2020},"geometry":{"type":"Polygon","coordinates":[[[-89.60069264277132,21.284015480648982],[-89.60088524974262,21.284012503652402],[-89.60088683793016,21.284102764057337],[-89.60098314099496,21.28410127542787],[-89.60098155370733,21.28401101510239],[-89.60107785662173,21.284009527317476],[-89.60107626830704,21.28391926691925],[-89.60117257220283,21.283917778249066],[-89.60117098374202,21.283827518760564],[-89.60126728757105,21.28382603003088],[-89.60126569904772,21.28373577054797],[-89.60136200184537,21.283734281680374],[-89.60136041422403,21.283644022281504],[-89.60145671695498,21.283642533354374],[-89.60145830560546,21.28373279283057],[-89.60155460831533,21.28373130474583],[-89.6015530206483,21.283641044445005],[-89.6016493232913,21.28363955630072],[-89.60164614678632,21.28345903654064],[-89.60174244938149,21.283457547433855],[-89.60174086150798,21.28336728805288],[-89.60241498180513,21.28335686556318],[-89.6024133926002,21.283266605211967],[-89.60289490658504,21.28325915862331],[-89.60289331794003,21.283168899264332],[-89.60318222593516,21.28316443039061],[-89.6031806370984,21.283074171039523],[-89.60327693931727,21.28307268187134],[-89.60327535050158,21.282982421621806],[-89.60346795488726,21.282979442201814],[-89.60346477595546,21.2827989225464],[-89.60356107893857,21.28279743327802],[-89.60355948897076,21.282707172967008],[-89.60365579188709,21.28270568363908],[-89.6036542017731,21.282615424237765],[-89.60375050470627,21.282613933946298],[-89.60374255690625,21.282162635440372],[-89.60383885846592,21.282161145919385],[-89.60384044869842,21.282251405295778],[-89.60422565622233,21.282245445775693],[-89.60422883624635,21.282425964455168],[-89.60432513798926,21.28242447462792],[-89.60432354839377,21.28233421532612],[-89.60451615279199,21.28233123466625],[-89.60452092285367,21.282602013561174],[-89.60461722471948,21.282600523549924],[-89.60461881547985,21.28269078294052],[-89.60452251258488,21.28269227287448],[-89.60452569293464,21.282872792497127],[-89.60462199499432,21.282871302482647],[-89.60462358576116,21.282961561886918],[-89.60443098046214,21.28296454268306],[-89.60443257013725,21.283054802015684],[-89.60423996566497,21.28305778264989],[-89.60424155521285,21.283148041989218],[-89.60404895060275,21.283151022383162],[-89.60405054002354,21.283241281729204],[-89.60385793431101,21.28324426180458],[-89.60385952448563,21.28333452213967],[-89.60366691863528,21.28333750197473],[-89.60366850876626,21.283427761412515],[-89.60347590277814,21.283430741007336],[-89.60347749181739,21.2835210003735],[-89.60338118919596,21.283522490572246],[-89.60338277817269,21.28361274994402],[-89.60309386922064,21.283617219197513],[-89.6030954589702,21.283707478655412],[-89.60280654980501,21.283711947366672],[-89.60280813839812,21.28380220675403],[-89.60242292618307,21.283808164518973],[-89.60242451451973,21.28389842391517],[-89.60203930209552,21.283904379810686],[-89.60204089009211,21.28399464011978],[-89.60155937342542,21.28400208402421],[-89.60156096206549,21.284092344421545],[-89.60136835507842,21.284095321364738],[-89.60136994367492,21.284185580864786],[-89.60108103334119,21.28419004722346],[-89.6010826207813,21.284280306652942],[-89.60098631758939,21.284281795345134],[-89.60098790593155,21.28437205485858],[-89.60089160170823,21.28437354341291],[-89.60089318998791,21.28446380293201],[-89.60079688569782,21.28446529142678],[-89.60079847383143,21.28455555185555],[-89.60070217052268,21.284557039465092],[-89.6007037576292,21.28464729982112],[-89.60060745417006,21.284648788275227],[-89.60060904226225,21.284739047811186],[-89.60051273777174,21.28474053612735],[-89.60051432580141,21.28483079566896],[-89.60032171764936,21.28483377220004],[-89.60031536719266,21.28447273232265],[-89.60050797482745,21.284469755800174],[-89.60050638680639,21.28437949627679],[-89.60069899430334,21.284376519514044],[-89.60069264277132,21.284015480648982]]]}},{"type":"Feature","id":"S13-52f26011f0-109531","properties":{"record_id":"S13-52f26011f0-109531","source_id":"S13","source_row":109531,"source_hash":"52f26011f06ea7cd825e2728b8da25c38b6072684a0544f698c01d8775f9353e","theme":"water","status":"DERIVADO","origin":"OFICIAL","name":"Cuerpos de agua","date":"2020","clipped":false,"simplification_m":2,"fid_1":109532,"Clase":8,"Descrip":"Cuerpos de agua","Fecha":2020},"geometry":{"type":"Polygon","coordinates":[[[-89.66675567591538,21.30437818626095],[-89.66665936413322,21.30437971397825],[-89.66664306597102,21.303477164637986],[-89.66654675483325,21.303478692283637],[-89.66654023630743,21.303117672338853],[-89.66644392639085,21.3031191999974],[-89.66642763087614,21.302216650439856],[-89.66633132072235,21.30221817704477],[-89.66632480283637,21.301857157343594],[-89.66622849293901,21.301858683883513],[-89.66622197534664,21.30149766425003],[-89.66612566562257,21.301499191629027],[-89.66610937453726,21.30059664119794],[-89.66601306449273,21.30059816842732],[-89.66598700108423,21.299154087997834],[-89.665890692072,21.299155615148987],[-89.66586625993239,21.29780178970824],[-89.66576995293573,21.297803315956156],[-89.66574552330589,21.296449490689692],[-89.6656492163121,21.296451016782488],[-89.66562641770912,21.295187445334392],[-89.6655301125829,21.295188971429116],[-89.66551220122412,21.294196165317008],[-89.66541589584214,21.294197691261076],[-89.6653996146824,21.29329514021719],[-89.66530330994476,21.293296666089656],[-89.66528703069791,21.292394114661697],[-89.66519072660464,21.292395640462544],[-89.66516793622623,21.29113206842396],[-89.66507163400053,21.291133594226775],[-89.66505372874728,21.290140787753465],[-89.66515003122655,21.290139262040793],[-89.66515328717239,21.290319772458304],[-89.66524958977884,21.29031824668283],[-89.66525447294333,21.290589012261897],[-89.66535077574147,21.290587486422503],[-89.6653572872382,21.29094850727976],[-89.6654535902928,21.29094698137532],[-89.66547475414657,21.29212029785967],[-89.66557105795626,21.292118772784402],[-89.66559547980243,21.29347259893869],[-89.66569178466274,21.293471072882184],[-89.66570643941014,21.29428336857408],[-89.6658027448501,21.294281842447106],[-89.66581577284333,21.295003883129215],[-89.66591207783368,21.295002356854845],[-89.6659267351272,21.295814652393506],[-89.66602304166184,21.295813126126586],[-89.6660442155276,21.29698644151032],[-89.6661405219359,21.296984915090515],[-89.66616821428028,21.29851925018941],[-89.66626452178546,21.298517723690306],[-89.66628732929759,21.299781293023084],[-89.66638363770576,21.2997797664479],[-89.66639993053379,21.30068231643981],[-89.6664962396694,21.300680788888936],[-89.66651579359478,21.301763848305033],[-89.66661210342099,21.301762321584413],[-89.66663491789524,21.303025890666806],[-89.66673122870755,21.303024362966067],[-89.66675241529781,21.30419767701997],[-89.66684872694854,21.304196149244355],[-89.66686013649881,21.304827933685154],[-89.66676382439552,21.30482946146856],[-89.66675567591538,21.30437818626095]]]}},{"type":"Feature","id":"S13-52f26011f0-109532","properties":{"record_id":"S13-52f26011f0-109532","source_id":"S13","source_row":109532,"source_hash":"52f26011f06ea7cd825e2728b8da25c38b6072684a0544f698c01d8775f9353e","theme":"water","status":"DERIVADO","origin":"OFICIAL","name":"Cuerpos de agua","date":"2020","clipped":true,"simplification_m":2,"fid_1":109533,"Clase":8,"Descrip":"Cuerpos de agua","Fecha":2020},"geometry":{"type":"MultiPolygon","coordinates":[[[[-89.59552516537774,21.280483864681987],[-89.59552991894073,21.28075464644438],[-89.59543361733222,21.28075613065672],[-89.59543520077257,21.280846391778674],[-89.59535193612345,21.2808476754025],[-89.5953455988854,21.2804866338111],[-89.59552516537774,21.280483864681987]]],[[[-89.5955600239685,21.282469591773697],[-89.59555368553194,21.282108551195595],[-89.59545738287018,21.282110036328024],[-89.59545421480031,21.281929515690603],[-89.59537094863234,21.281930799731274],[-89.59535985785848,21.281298977356276],[-89.59563572740466,21.28129472302266],[-89.59563889666788,21.281475243670332],[-89.5958315010757,21.281472273117473],[-89.59583942395288,21.281923574727443],[-89.59622463403598,21.28191763287296],[-89.59623414426783,21.282459195023662],[-89.59633044620658,21.28245770932373],[-89.59633361651383,21.282638229170974],[-89.59652622248905,21.282635258645737],[-89.59652463724692,21.282544998269973],[-89.5966209402085,21.2825435124655],[-89.59661459900256,21.28218247101236],[-89.59690350701511,21.282178014152233],[-89.59690192152503,21.282087753803598],[-89.59728713203162,21.282081809273837],[-89.59728871681574,21.282172069539815],[-89.59738501950176,21.2821705832548],[-89.59738660531723,21.282260843602653],[-89.59757921072843,21.282257871752652],[-89.59758079675898,21.282348131198912],[-89.59796600693353,21.282342185784962],[-89.59797076468182,21.282612965867873],[-89.59825967261017,21.28260850636781],[-89.59826443192402,21.282879286560448],[-89.59836073510586,21.282877799660756],[-89.59836390710142,21.283058320334142],[-89.59846021041041,21.283056833371717],[-89.59846179695829,21.283147093753374],[-89.5985580993653,21.283145606650866],[-89.59855968606358,21.283235866131953],[-89.598655989414,21.283234379950187],[-89.59865757617912,21.283324639434756],[-89.5987538787111,21.283323152208936],[-89.5987554654593,21.283413412601004],[-89.59885176901844,21.283411925391885],[-89.59885811541031,21.283772966019125],[-89.59876181255721,21.283774453310894],[-89.59876498519618,21.2839549731628],[-89.59886128914314,21.28395348594722],[-89.59886287597092,21.2840437463701],[-89.5987665719593,21.284045233586774],[-89.59876815880818,21.284135493111297],[-89.59867185472982,21.284136980268425],[-89.59867344143254,21.284227240702606],[-89.59857713833556,21.284228726974515],[-89.59857872497578,21.284318987414323],[-89.5981935090797,21.284324935281294],[-89.59819509554715,21.28441519482594],[-89.59886922250612,21.284404786220882],[-89.59887080934455,21.28449504666654],[-89.59906341704335,21.28449207196227],[-89.59906817812663,21.284762851512152],[-89.59897187360201,21.284764338858608],[-89.59897346051369,21.28485459932143],[-89.59887715688689,21.28485608668674],[-89.59887874381965,21.284946346251143],[-89.5987824391615,21.284947833478576],[-89.59878402594812,21.285038093952586],[-89.59859141746074,21.28504106830615],[-89.59859300420382,21.285131327882876],[-89.59849669940996,21.285132814930595],[-89.59849987268954,21.28531333500394],[-89.59840356872891,21.285314822071584],[-89.59840832842845,21.285585602670945],[-89.59831202330709,21.285587089602846],[-89.598313609869,21.28567734921007],[-89.59860252445596,21.28567288815101],[-89.59860569789033,21.285853408276846],[-89.59850939257934,21.28585489533314],[-89.59851097919325,21.285945155855938],[-89.59879989434928,21.28594069442359],[-89.598796720652,21.285760174292946],[-89.59889302492742,21.285758686977534],[-89.59889143805914,21.285668426468124],[-89.59918035252407,21.28566396522215],[-89.59917876546398,21.28557370472047],[-89.5992750696015,21.28557221716477],[-89.5992734823953,21.285481957572813],[-89.59956239653043,21.28547749470194],[-89.59955922182002,21.28529697463405],[-89.59965552575517,21.285295486839118],[-89.59965393829667,21.285205227265063],[-89.5997502431296,21.285203739489024],[-89.59974706817341,21.285023219452704],[-89.59965076443434,21.28502470730501],[-89.59964758961605,21.28484418728478],[-89.59974389322574,21.284842699434627],[-89.59974230676151,21.284752439058785],[-89.59993491472618,21.28474946416115],[-89.59994126417413,21.28511050411036],[-89.60003756797136,21.285109016075168],[-89.60003915568632,21.285199275640355],[-89.60023176436829,21.285196299464307],[-89.60023493997952,21.285376819508066],[-89.60033124396429,21.28537533128783],[-89.60033283179598,21.28546559176747],[-89.60042913680789,21.28546410356388],[-89.60043231172591,21.285644623552315],[-89.60052861686498,21.285643135285966],[-89.60053337997601,21.285913914886688],[-89.60062968530691,21.28591242655651],[-89.60063127238074,21.28600268698192],[-89.60053496803341,21.286004174487452],[-89.60053655600927,21.286094434996798],[-89.60044025151149,21.28609592334688],[-89.60044183854389,21.286186182879455],[-89.60034553397938,21.286187671169976],[-89.60035188564633,21.286548710567608],[-89.6002555798565,21.286550198723436],[-89.60025240515442,21.286369678639762],[-89.60005979479149,21.286372654843678],[-89.60006614561615,21.286733695194627],[-89.59996983969054,21.286735183170812],[-89.59997142737923,21.286825442818973],[-89.59977881732159,21.286828418748406],[-89.59978040488303,21.28691867840323],[-89.59958779372303,21.28692165401405],[-89.59959255594872,21.28719243391636],[-89.5994962506538,21.287193921673257],[-89.59949942532444,21.287374441934393],[-89.59959573074859,21.28737295417534],[-89.59959731819359,21.287463213859652],[-89.59978993012939,21.287460238235983],[-89.59978834255516,21.28736997855385],[-89.59998095338861,21.287367002611493],[-89.59998254109213,21.287457262291518],[-89.60007884753489,21.287455774306743],[-89.6000772597667,21.287365514627837],[-89.60017356517805,21.28736402650516],[-89.60016562621297,21.286912726376055],[-89.60026193129895,21.28691123819813],[-89.60026034341426,21.286820978548644],[-89.60035664939804,21.2868194903896],[-89.60035982425073,21.287000010516646],[-89.60045613036168,21.28699852229476],[-89.60046565841978,21.28754008120565],[-89.60056196395192,21.28753859283838],[-89.6005635519641,21.287628853425076],[-89.60075616315133,21.28762587650658],[-89.60075457500984,21.28753561592207],[-89.60094718694026,21.287532639745706],[-89.60095036365108,21.287713159106936],[-89.60104666930185,21.287711670434494],[-89.60104508088075,21.287621410752664],[-89.60114138646473,21.28761992202071],[-89.60114615192846,21.287890701076567],[-89.60104984615053,21.287892189811775],[-89.60105302292405,21.28807271011123],[-89.60124563473647,21.288069732575924],[-89.60124404617754,21.287979472878092],[-89.60134035201585,21.287977984020586],[-89.60133717485868,21.28779746373666],[-89.60124086914959,21.287798952591988],[-89.60123769204665,21.287618433228115],[-89.60133399762637,21.287616944374918],[-89.60132923284215,21.287346164540754],[-89.60142553814218,21.287344676534218],[-89.6014239495546,21.287254415970878],[-89.60123133891445,21.28725739372925],[-89.6012297503747,21.2871671340723],[-89.60113344415143,21.28716862278118],[-89.60113185664308,21.28707836320605],[-89.60103555048241,21.28707985185324],[-89.60103237375574,21.28689933165378],[-89.60074345854255,21.286903797460234],[-89.60073869400863,21.28663301763751],[-89.60083499888783,21.286631529099193],[-89.60083341062165,21.286541269469787],[-89.60092971639868,21.286539780950267],[-89.60093289209799,21.28672030013313],[-89.6010291980022,21.286718811550866],[-89.60102760960456,21.286628551919026],[-89.60112391447738,21.286627063198917],[-89.60112550285615,21.286717323733658],[-89.6013181127247,21.286714346109395],[-89.60132446702892,21.28707538557319],[-89.60142077221859,21.287073896665852],[-89.6014223608855,21.28716415631608],[-89.60151866613776,21.287162667347037],[-89.6015234322617,21.287433447225837],[-89.60161973770572,21.28743195819298],[-89.60162609285402,21.28779299778938],[-89.60152978715134,21.28779448682655],[-89.60153137590002,21.28788474651206],[-89.60162768166728,21.2878832574738],[-89.60163085930031,21.288063776856397],[-89.60153455243906,21.288065265818407],[-89.60153614119416,21.288155525517563],[-89.60143983523074,21.28815701449845],[-89.60144301261795,21.288337533912554],[-89.60153931871062,21.288336044929537],[-89.60154249615206,21.288516565263727],[-89.60163880237197,21.288515076217987],[-89.60164039120231,21.288605335938822],[-89.60154408491775,21.288606824985624],[-89.60154726245561,21.288787344443055],[-89.60173987528113,21.288784366284478],[-89.6017446419918,21.28905514549818],[-89.60184094859528,21.28905365632477],[-89.6018425375678,21.28914391607068],[-89.60174623089961,21.289145405245193],[-89.6017478198096,21.289235664996752],[-89.60165151307461,21.289237154111735],[-89.6016531019221,21.289327413868858],[-89.60146048831648,21.28933039191915],[-89.60146207703673,21.289420651683027],[-89.60126946329328,21.289423629492987],[-89.60127105188644,21.289513889263546],[-89.60107843792153,21.289516867737273],[-89.60108002638742,21.28960712751448],[-89.6008874123683,21.28961010484391],[-89.60088900070708,21.28970036462787],[-89.60050377238461,21.289706318563663],[-89.60050536046685,21.28979657835645],[-89.60040905323268,21.289798067593978],[-89.60041064125241,21.289888327392344],[-89.60012171959387,21.28989279203249],[-89.60012330742177,21.289983051838608],[-89.59993069275914,21.289986028868483],[-89.59993228045994,21.29007628868133],[-89.59973966574309,21.29007926456687],[-89.59974125331665,21.290169524386403],[-89.59935602255057,21.29017547626015],[-89.59935761083224,21.29026573616686],[-89.59897237977337,21.290271687075197],[-89.59897555486137,21.290452206832487],[-89.59878293950102,21.290455182418476],[-89.59878452643656,21.290545442266914],[-89.59859191093838,21.29054841761262],[-89.59859349774682,21.2906386774677],[-89.59840088219441,21.2906416516691],[-89.598402468792,21.290731912434957],[-89.59820985310175,21.290734886396013],[-89.59821143965583,21.290825146264517],[-89.59792251574328,21.290829608562873],[-89.59792410210552,21.290919868439094],[-89.59773148613536,21.290922841798416],[-89.59773307228673,21.291013102585367],[-89.59754045617875,21.29101607570436],[-89.597542042203,21.291106336498007],[-89.59725311774743,21.291110796629166],[-89.59725470366348,21.29120105652657],[-89.59696577803021,21.291205516037138],[-89.59696736463536,21.291295776924624],[-89.59687105637138,21.2912972630328],[-89.59687264203308,21.29138752294355],[-89.59658371686723,21.291391982715616],[-89.59658530233709,21.291482242634107],[-89.59648899385166,21.291483729405993],[-89.59649057925901,21.291573989330086],[-89.5962016537633,21.291578447477228],[-89.59620323889514,21.291668708313168],[-89.59591431318631,21.291673165918013],[-89.59591589820998,21.291763425857628],[-89.59581958951567,21.291764912208436],[-89.59582117544144,21.291855172232093],[-89.59554528587833,21.29185942880183],[-89.59538045532186,21.282472360963588],[-89.5955600239685,21.282469591773697]],[[-89.598669172729,21.289463809502188],[-89.59857286571285,21.28946529758386],[-89.59857127901581,21.28937503688376],[-89.59808974351279,21.289382473587146],[-89.5980865697234,21.289201953015496],[-89.59827918418422,21.289198979290497],[-89.59827759768754,21.28910871860078],[-89.59837390436778,21.289107231609286],[-89.59837231772495,21.2890169718292],[-89.59856493103344,21.289013996762435],[-89.59856016976516,21.288743217377565],[-89.59865647722863,21.288741729382856],[-89.59865489040037,21.288651469624195],[-89.59875119674884,21.288649982395615],[-89.59875278364181,21.288740242153235],[-89.59884909005281,21.288738754862916],[-89.59884432927005,21.288467974702986],[-89.59855540956428,21.288472437207954],[-89.59855699632362,21.288562696958596],[-89.59836438374536,21.288565671110597],[-89.59836597029391,21.28865593177197],[-89.59826966297234,21.288657418679783],[-89.59826807640472,21.28856715892136],[-89.59817177011027,21.2885686458458],[-89.59817018369316,21.288478385186835],[-89.59788126394264,21.28848284641907],[-89.59787650415404,21.28821206618943],[-89.59768389109848,21.288215039405905],[-89.59768547815055,21.28830530013499],[-89.59749286495723,21.288308273111227],[-89.59749445091754,21.28839853376862],[-89.5973018375863,21.288401506504552],[-89.59729866584286,21.288220986094036],[-89.59739497189788,21.288219499719318],[-89.59739180003358,21.288038979329105],[-89.59710288120172,21.288043439090654],[-89.59710446689708,21.28813369973868],[-89.59700815993563,21.288135185852113],[-89.59700974661669,21.288225445680133],[-89.59691343958846,21.288226931734037],[-89.59691502612338,21.288317192471727],[-89.59701133225158,21.288315706338388],[-89.59701767602799,21.288676746383],[-89.59692136964118,21.28867823252066],[-89.59692612743845,21.28894901375468],[-89.59702243410293,21.288947526709794],[-89.59702401975484,21.28903778740437],[-89.5974092484118,21.28903184057927],[-89.597407661453,21.288941580714642],[-89.59750396898772,21.288940094349087],[-89.59749920994307,21.28866931403843],[-89.59759551640072,21.2886678266331],[-89.59759393028577,21.28857756686717],[-89.59778654386274,21.288574593763297],[-89.59779288973367,21.288935633828128],[-89.59769658220526,21.288937120375447],[-89.59769816927437,21.289027381140905],[-89.59760186167925,21.289028867628698],[-89.59760344876946,21.28911912749573],[-89.59750714110756,21.289120613924016],[-89.59750872805162,21.289210874700675],[-89.59760503489727,21.289209387288917],[-89.59760662094351,21.289299647990678],[-89.5977029278516,21.28929816051724],[-89.59770610112807,21.289478681106605],[-89.59760979417423,21.28948016767816],[-89.59761455347044,21.289750948108267],[-89.59780716784748,21.28974797399407],[-89.5978087540358,21.28983823472097],[-89.59790506229224,21.289836747198226],[-89.59790664854735,21.28992700792859],[-89.59809926317021,21.289924033446425],[-89.5980976767021,21.289833773622245],[-89.59819398398753,21.289832285839317],[-89.59819239745696,21.289742026020782],[-89.59828870459191,21.28974053908235],[-89.59828711799882,21.289650279269434],[-89.59847973318126,21.28964730438726],[-89.59847814549637,21.28955704450259],[-89.59867076045744,21.289554070284176],[-89.598669172729,21.289463809502188]]]]}},{"type":"Feature","id":"S13-52f26011f0-109562","properties":{"record_id":"S13-52f26011f0-109562","source_id":"S13","source_row":109562,"source_hash":"52f26011f06ea7cd825e2728b8da25c38b6072684a0544f698c01d8775f9353e","theme":"water","status":"DERIVADO","origin":"OFICIAL","name":"Cuerpos de agua","date":"2020","clipped":true,"simplification_m":2,"fid_1":109563,"Clase":8,"Descrip":"Cuerpos de agua","Fecha":2020},"geometry":{"type":"Polygon","coordinates":[[[-89.87332934501798,21.24527321471434],[-89.87018659272235,21.246324565104263],[-89.8611746838589,21.248684944500646],[-89.86048600195872,21.248942069892646],[-89.85979268522604,21.249143045586305],[-89.85815312245877,21.24949526972208],[-89.85150953069248,21.250692304521916],[-89.85009181209367,21.251088285932987],[-89.85009324912969,21.251608620748616],[-89.84994976005665,21.252388343036653],[-89.84966143767029,21.253131492136394],[-89.84924228128064,21.2538175534083],[-89.84870157096113,21.254424497846486],[-89.84805792548606,21.25493445474233],[-89.84732734863685,21.255331621843077],[-89.8465351829488,21.255604355626357],[-89.84560022013736,21.255764401430916],[-89.84475726708824,21.25576670950307],[-89.84392681082353,21.255631130178188],[-89.8431326589846,21.2553629748426],[-89.84301460266718,21.255298930864342],[-89.84187878002636,21.25539742114987],[-89.8409935608827,21.25543732187367],[-89.84003941176204,21.25564816960757],[-89.83773776345967,21.25604191883614],[-89.83591486232034,21.256458992177894],[-89.83484111585139,21.25672971652207],[-89.83322510943583,21.257248626357168],[-89.83135241761673,21.257732256934197],[-89.82952116915774,21.258294301988432],[-89.82870580828119,21.258474030055105],[-89.82419611769186,21.259084221278417],[-89.82297729074153,21.25921351940422],[-89.82033097326315,21.259603423269404],[-89.81865419663478,21.259747369331443],[-89.8167727069968,21.26000586882469],[-89.81260167105401,21.260656419507026],[-89.80692474822959,21.26173412488004],[-89.80353716932598,21.262555168318595],[-89.80101501667015,21.263100382768595],[-89.79904153457198,21.263487924309587],[-89.79845987101424,21.263554126259443],[-89.79715209345659,21.26380588887274],[-89.79474962402186,21.264423184029795],[-89.79431665618208,21.264883758236845],[-89.79367275437833,21.265393489325326],[-89.79294196007169,21.265790399052968],[-89.79214962247883,21.266062852838203],[-89.79045040792296,21.266451734735213],[-89.78857162390406,21.266785250373932],[-89.78555097088204,21.267201544890582],[-89.78479257750539,21.267287705866387],[-89.7829051567697,21.267422382437065],[-89.78184324628633,21.267614011788485],[-89.78082980929534,21.267833420880034],[-89.77850279882823,21.268207205904005],[-89.77797430688685,21.26843582730524],[-89.777181778068,21.26868314758527],[-89.77669251952894,21.268801066803114],[-89.77614079325846,21.268991392963848],[-89.7758407735582,21.26905843753903],[-89.77557505111183,21.269202224365237],[-89.77520553497195,21.26933883628219],[-89.77483748292609,21.269539315070787],[-89.7740450865515,21.26981167567657],[-89.77387226998775,21.269842230904374],[-89.77367857699542,21.269995199499782],[-89.77294769864747,21.270392014758063],[-89.77252582648809,21.270569962881506],[-89.77173341935509,21.270842311674283],[-89.77046900845444,21.271149697768966],[-89.77077233340732,21.271046498936474],[-89.76951047369113,21.271379126791587],[-89.76869705548707,21.27156212002979],[-89.76710875950373,21.27177180584991],[-89.76626137474157,21.271821147545168],[-89.76329845349184,21.272267829064507],[-89.76276428062776,21.272371859623803],[-89.76099676597526,21.272974666822797],[-89.76021749935289,21.273155801553795],[-89.75797720369215,21.27342922996479],[-89.75734038791137,21.273460120488476],[-89.75697418158501,21.273586710858805],[-89.75599413657386,21.27375855106734],[-89.75205325016191,21.27464569001915],[-89.75103429807677,21.274817793020716],[-89.75026975671676,21.275050151382445],[-89.74887762620644,21.275398346084142],[-89.7480093113084,21.275569997356893],[-89.7447009302958,21.2761001676147],[-89.74385410638433,21.276355488302826],[-89.74242370416376,21.276643632633863],[-89.74117019854754,21.277042737353792],[-89.74015335097523,21.277244538876356],[-89.73931175041362,21.277655081846003],[-89.73872827542291,21.2778461463606],[-89.7370199728437,21.278330498501813],[-89.73543674810642,21.27866891709466],[-89.73390657041061,21.27893189234234],[-89.7314936303338,21.279258240270593],[-89.7283055608132,21.27987856858473],[-89.72626227711555,21.280226585227002],[-89.72446244352255,21.280595292119017],[-89.72330362175097,21.28099390383096],[-89.72259536223319,21.28119422772663],[-89.72158906432955,21.281412697857917],[-89.72139005817013,21.281569733775854],[-89.72065896257955,21.28196630182574],[-89.71974125189561,21.282278408725702],[-89.71890992922972,21.28241644777688],[-89.71736163037886,21.282398886483403],[-89.71647790205576,21.28255204940619],[-89.71610051879951,21.282587710811235],[-89.7152954674405,21.282783628852613],[-89.7148934801724,21.282849183874934],[-89.7140836954086,21.283308835429594],[-89.71329109483507,21.28358088348856],[-89.7126805264666,21.283695674217952],[-89.71229507580925,21.283739784834527],[-89.7114519454009,21.2837413584512],[-89.71070754228789,21.283619953638105],[-89.7100159398691,21.283744148396153],[-89.70960426857424,21.283968293890112],[-89.70881165504684,21.284240318847704],[-89.70798030902603,21.284378298672664],[-89.7080258532727,21.284703010607966],[-89.70802620025945,21.28549426543926],[-89.7078818509705,21.286273869043583],[-89.70759267057419,21.287016764273627],[-89.70717268358746,21.287702449107737],[-89.70656502735746,21.288394650788387],[-89.705920680269,21.28890401922941],[-89.70518949915058,21.289300514998196],[-89.70439684524595,21.289572517900954],[-89.70356546171412,21.289710474152997],[-89.7030802557451,21.289729450943334],[-89.70264208714033,21.28971236923225],[-89.70181156490581,21.28957601594846],[-89.70101749642666,21.289307117900584],[-89.70028599721722,21.28891233361716],[-89.69978747045056,21.28852037946018],[-89.69906906563588,21.28851258334355],[-89.69821936509662,21.28837352587885],[-89.69742531090775,21.288104609372045],[-89.69669382879307,21.28770980818331],[-89.69629499835534,21.2873964618515],[-89.69587496388844,21.287367160135762],[-89.69494271113503,21.287386507315805],[-89.69368911802776,21.287307081568258],[-89.69139202939205,21.28724141724408],[-89.6899036293763,21.28731152036322],[-89.68882110239315,21.28740637392636],[-89.68479738025805,21.287835477584473],[-89.68307137207171,21.28811176363786],[-89.68189030824928,21.288353451144687],[-89.67696977583134,21.28875893733565],[-89.67620142781698,21.28895079001933],[-89.67411539695996,21.289654443314106],[-89.67312170454332,21.28994534945844],[-89.67046904945532,21.291156503097774],[-89.67004735262884,21.291409341141446],[-89.6712151867602,21.301986866062187],[-89.67140191206653,21.30246645009792],[-89.67154510918702,21.3031816022026],[-89.6717657230858,21.305195195620747],[-89.67176585664649,21.305986459552365],[-89.67158004756102,21.306870865611028],[-89.67244051005913,21.314504518371162],[-89.67259552267728,21.314906401023787],[-89.67273557793504,21.31560308568961],[-89.6736725428882,21.32380206686272],[-89.67513367636317,21.32861190282523],[-89.67890437768362,21.33756663149151],[-89.68511896044357,21.345118081828893],[-89.68298555399491,21.3461604187122],[-89.6817736492338,21.346179781749168],[-89.68177090946982,21.346029199722004],[-89.68167457169677,21.346030739043176],[-89.68166307411502,21.345398965729164],[-89.68127772602634,21.345405119742164],[-89.681272798647,21.34513435936008],[-89.68117646150984,21.345135898367076],[-89.68117153530942,21.34486513809913],[-89.67924479698108,21.344895894592092],[-89.67924315556915,21.344805641104195],[-89.67577501938155,21.344860947065314],[-89.67577665741636,21.344951201419327],[-89.6756803204307,21.344952736063348],[-89.67568359742573,21.34513324396054],[-89.67558726022537,21.34513477945028],[-89.67558889918558,21.345225032993472],[-89.67529988649538,21.345229638120223],[-89.67530152518052,21.345319892575215],[-89.67520518696011,21.345321426842673],[-89.67520682558282,21.345411681303187],[-89.67511048817735,21.345413216493093],[-89.67511212682072,21.345503470055043],[-89.6750157883833,21.345505005107533],[-89.67501742696417,21.345595258675008],[-89.67492108942498,21.3455967937459],[-89.6749243664639,21.345777300896177],[-89.67482802782797,21.34577883583081],[-89.67482966620292,21.345869090317745],[-89.6747333285484,21.345870624366636],[-89.67473496686078,21.345960878859085],[-89.67463862809119,21.34596241367462],[-89.67464026642419,21.34605266726851],[-89.67454392855274,21.346054202102398],[-89.67454556682335,21.346144455701804],[-89.67444922791988,21.346145990398302],[-89.67444759067902,21.34605573687568],[-89.67435125183812,21.346057271510457],[-89.67434961378228,21.345967017009162],[-89.67425327596885,21.3459685516601],[-89.6742516378968,21.345878298066207],[-89.67415530014587,21.345879832655385],[-89.67415366222384,21.345789578160694],[-89.67405732357032,21.34579111261028],[-89.67405568659713,21.34570085910087],[-89.67395934800611,21.345702393488715],[-89.67395771021788,21.345612139000607],[-89.67386137265441,21.345613673404614],[-89.67385809713072,21.345433165343437],[-89.67376175969453,21.34543469968464],[-89.67376012195906,21.34534444611164],[-89.6736637836203,21.34534598031317],[-89.67366214699994,21.345255725917248],[-89.67356580872365,21.345257260057043],[-89.67356417112198,21.345167006490616],[-89.67346783387326,21.345168540646636],[-89.67346619642163,21.345078286179394],[-89.67336985827033,21.34507982019575],[-89.67336822176753,21.344989566713803],[-89.67327188367871,21.344991100668473],[-89.67326697164869,21.344720338203825],[-89.67317063471684,21.344721872172467],[-89.67316736014284,21.344541364183854],[-89.67133694994507,21.34457049626558],[-89.67134022206073,21.344751004296135],[-89.67124388508489,21.344752537052248],[-89.67124552103978,21.34484279152731],[-89.67114918303193,21.344844324145992],[-89.67113282397973,21.34394178229504],[-89.67103648758166,21.343943314919983],[-89.67102176517983,21.343131027892124],[-89.67121443873934,21.34312796275734],[-89.6712095310066,21.342857199596615],[-89.67111319442206,21.342858732190994],[-89.6711017443742,21.34222695351521],[-89.67177609620195,21.34221622496175],[-89.67176627944113,21.341674699966255],[-89.67195894984717,21.341671634723028],[-89.67196549553414,21.342032651110745],[-89.67206183055164,21.342031117902835],[-89.67206510349612,21.34221162657298],[-89.67235411085375,21.342207026734567],[-89.6723524741032,21.342116773304713],[-89.67273781719567,21.342110640272526],[-89.67273618027164,21.342020385947396],[-89.67283251623668,21.342018852332327],[-89.67282924314777,21.341838344679488],[-89.67292557801616,21.341836810928122],[-89.67292394193441,21.34174655669632],[-89.67610300832325,21.341695923222233],[-89.67610136906075,21.34160566985754],[-89.67619770468993,21.34160413412512],[-89.676196065365,21.341513880765966],[-89.6760997308486,21.341515415671054],[-89.67609809167371,21.34142516141106],[-89.67301536629662,21.34147426096813],[-89.67299081544512,21.340120451151034],[-89.67241280901403,21.340129649885757],[-89.67241117233256,21.34003939565438],[-89.67173683156354,21.340050126088673],[-89.67173192385559,21.339779363475714],[-89.67163558948369,21.339780896396267],[-89.67163068198956,21.339510133819793],[-89.67346102936246,21.33948100518052],[-89.67345939198478,21.339390750992184],[-89.67490439926443,21.339367740606615],[-89.67490276180044,21.33927748742128],[-89.6749990957742,21.339275952445107],[-89.67498926913402,21.33873442875639],[-89.67489293554848,21.338735963725927],[-89.67489129721807,21.338645709589567],[-89.67421696380782,21.338656449132724],[-89.67421532689738,21.3385661950709],[-89.67354099383215,21.33857693163592],[-89.67353771995855,21.33839642343221],[-89.67344138668182,21.338397956583922],[-89.67343975029554,21.338307702526503],[-89.67199475126985,21.338330698839634],[-89.67199311489101,21.338240444692172],[-89.67045178199453,21.338264960349406],[-89.67044360723828,21.337813689745936],[-89.67034727434411,21.33781522095004],[-89.67033256105583,21.33700293235529],[-89.67023622769351,21.337004464315],[-89.67021988105168,21.336101921181253],[-89.67012354929899,21.336103453147206],[-89.67010556949892,21.335110655605128],[-89.67000923757375,21.335112186516316],[-89.66999943159676,21.334570661024493],[-89.67009576225206,21.334569129137932],[-89.67009249318733,21.33438862035091],[-89.6701888245928,21.33438708938798],[-89.67018718947503,21.334296835415305],[-89.67028352089679,21.334295303488712],[-89.67028188668144,21.334205049599536],[-89.67037821698818,21.33420351843959],[-89.67037494755296,21.334023009694715],[-89.67047127877628,21.334021477650182],[-89.67046964347317,21.333931223698542],[-89.67056597454646,21.333929692498607],[-89.6705610705526,21.333658929021322],[-89.67065740046466,21.333657397686164],[-89.67065086184438,21.33329638041153],[-89.67074719246057,21.333294849098102],[-89.67074065361669,21.332933831898874],[-89.67083698300691,21.332932300451283],[-89.67082880946086,21.332481028624894],[-89.67073248039407,21.332482560066964],[-89.67072267274249,21.331941034573003],[-89.6706263430966,21.33194256586989],[-89.67061980464321,21.33158154893227],[-89.67052347621885,21.331583080242023],[-89.67052020665223,21.33140257175868],[-89.67042387835504,21.331404103005596],[-89.67041897473959,21.33113333989745],[-89.67032264663425,21.33113487108044],[-89.67031937734832,21.33095436263705],[-89.67022304937014,21.330955893757206],[-89.67021978030543,21.33077538442527],[-89.6701234524544,21.33077691548266],[-89.67012181838936,21.330686661765256],[-89.67002548963586,21.330688192682956],[-89.6700222218081,21.33050768345113],[-89.66992589309861,21.330509215210117],[-89.66992425925267,21.33041896059977],[-89.66982793068883,21.33042049139293],[-89.66982466313289,21.330239982183297],[-89.66972833461304,21.33024151381776],[-89.66972670090306,21.330151259218532],[-89.66963037252886,21.330152789887105],[-89.66962710524489,21.329972280699728],[-89.66953077699786,21.329973811305525],[-89.66952260906643,21.32952253931335],[-89.66942628114063,21.329524069853004],[-89.66940831164777,21.328531271590197],[-89.66931198443123,21.328532802057136],[-89.6692940170467,21.32754000258968],[-89.66919769053942,21.327541532983783],[-89.6691813583955,21.326638988547156],[-89.66908503253283,21.326640518869652],[-89.66906706812603,21.325647719579116],[-89.6689707429726,21.325649249828814],[-89.66895441371408,21.324746704574302],[-89.66885808824038,21.324748234674455],[-89.66884176089603,21.323845689028065],[-89.66874543606683,21.323847219056564],[-89.66872910958861,21.322944673844674],[-89.66863278636886,21.322946203879457],[-89.66861319616287,21.32186314896584],[-89.66851687283528,21.321864677944752],[-89.66849402028306,21.320601113724386],[-89.66839769874043,21.32060264360923],[-89.66837484760651,21.31933907934418],[-89.66827852705026,21.319340608248904],[-89.66825404677432,21.317986789179347],[-89.66815772622105,21.317988317929004],[-89.66813161807909,21.316544243428428],[-89.66803529855837,21.316545772099815],[-89.66801898209465,21.315643225326074],[-89.66792266313523,21.31564475482986],[-89.66791776932614,21.315373990680666],[-89.66782145064171,21.315375519216456],[-89.66781655608149,21.315104755026283],[-89.66772023758895,21.31510628349816],[-89.66769903114792,21.313932972640522],[-89.66760271349378,21.31393450103748],[-89.66757824641665,21.31258067995716],[-89.66748192973031,21.312582208276975],[-89.6674688814834,21.311860169932455],[-89.66737256531218,21.31186169818283],[-89.66736441113456,21.311410424632516],[-89.66726809528447,21.311411952816762],[-89.66724037377041,21.309877621293282],[-89.66733668852122,21.309876093127794],[-89.66730570709673,21.30816125254661],[-89.66720939365767,21.30816277978711],[-89.66719961069235,21.307621251088737],[-89.6671032965912,21.30762277908814],[-89.66709025496841,21.306900740292463],[-89.66718656758752,21.306899212223943],[-89.66717189501695,21.30608691856445],[-89.66726820793355,21.30608539142729],[-89.66725353504147,21.305273097238143],[-89.667349847374,21.305271570050238],[-89.66734332652082,21.304910550684486],[-89.66724701444701,21.30491207786795],[-89.66724538375912,21.30482182367575],[-89.66714907271246,21.30482335087543],[-89.66713929136436,21.30428182144561],[-89.66704298062031,21.30428334948217],[-89.66702505033706,21.303290546191207],[-89.66692873942051,21.303292073172965],[-89.66691081116133,21.302299269588953],[-89.66681450095382,21.30230079649803],[-89.66679820401458,21.301398247468306],[-89.66670189445145,21.301399774305736],[-89.6666839702161,21.300406970087],[-89.66658766127875,21.300408497755765],[-89.66656973810257,21.299415693166935],[-89.66647342995748,21.299417219858906],[-89.66645550784042,21.298424414900303],[-89.66635920040424,21.29842594151955],[-89.66633965136994,21.297342881616697],[-89.66624334470741,21.297344408162104],[-89.66622379781178,21.2962613480709],[-89.66612749095825,21.296262874464592],[-89.6661079462013,21.29517981418544],[-89.66601164108602,21.29518134058319],[-89.66599046891999,21.294008024645933],[-89.66589416464302,21.294009550968777],[-89.66587299473483,21.292836234956454],[-89.66577669129612,21.29283776120434],[-89.66575552364576,21.291664445117505],[-89.6656592200806,21.291665971212595],[-89.6656445679996,21.290853675051448],[-89.66554826501408,21.290855201076],[-89.66554175300888,21.2904941802457],[-89.66544545027975,21.29049570620519],[-89.66544056673395,21.29022494064629],[-89.66534426427975,21.290226465637854],[-89.6653410090443,21.290045955311744],[-89.66524470663403,21.290047481144548],[-89.66524145057197,21.28986697075644],[-89.66514514828879,21.289868496526413],[-89.6651418933294,21.289687986232213],[-89.66504559117335,21.28968951193945],[-89.66502443362722,21.288516194434454],[-89.66550594001743,21.288508567172176],[-89.6655043127932,21.2884183121343],[-89.66579321642382,21.2884137348722],[-89.6657915880432,21.288323479764202],[-89.66588788921209,21.288321953588774],[-89.66588626173359,21.28823169856433],[-89.66598256275256,21.288230173233423],[-89.66598093424702,21.28813991813671],[-89.66617353623214,21.28813686639121],[-89.66617190856415,21.288046611379208],[-89.66626820953036,21.28804508496464],[-89.66626658179992,21.287954829958284],[-89.66636288261613,21.287953304388246],[-89.66636125385858,21.287863049309614],[-89.66645755469112,21.287861522776005],[-89.66645592683577,21.287771267780947],[-89.66664852828185,21.28776821543826],[-89.66664690029938,21.28767796044993],[-89.66674320091293,21.28767643464082],[-89.66674157190337,21.28758617958023],[-89.66693417307783,21.28758312687831],[-89.66693254490575,21.287492871902366],[-89.66722144641548,21.287488292850316],[-89.66721981805172,21.28739803788223],[-89.66741241894566,21.28739498457872],[-89.66741078949016,21.2873047295395],[-89.66769969154387,21.287300149662972],[-89.66769806189662,21.287209894631562],[-89.66779436224604,21.287208367257268],[-89.66779273350093,21.287118112309454],[-89.6682742345595,21.28711047815074],[-89.66827260549341,21.287020223212988],[-89.66836890561727,21.28701869638134],[-89.66836727552409,21.286928441371327],[-89.66855987571908,21.286925386624382],[-89.66855824646343,21.286835131699046],[-89.66865454645145,21.286833604687846],[-89.66865291713336,21.286743349768095],[-89.66874921705453,21.286741822697387],[-89.66874758767398,21.286651567783323],[-89.6702883843659,21.286627123637544],[-89.67028675395328,21.28653686874568],[-89.67057565321079,21.286532284267647],[-89.67057402260635,21.28644202938364],[-89.67086292068562,21.28643744428563],[-89.67086128988952,21.28634718940951],[-89.67124648832544,21.286341075205364],[-89.67124485727295,21.286250820338175],[-89.67153375491834,21.2862462339742],[-89.67153212367413,21.28615597911484],[-89.67201362099046,21.2861483340982],[-89.67201198942522,21.286058079248964],[-89.6723008866302,21.28605349143721],[-89.67229925479009,21.28596323749988],[-89.67316594755107,21.28594947186194],[-89.67316431521445,21.285859217035032],[-89.67335691272059,21.285856157078506],[-89.67335854518652,21.285946411903204],[-89.67355114377774,21.285943351779917],[-89.67354951118263,21.28585309695744],[-89.67393470703253,21.285846976814362],[-89.67393307418104,21.28575672200085],[-89.67431826973731,21.285750600892538],[-89.67431663654634,21.28566034699207],[-89.67470183180903,21.285654224918606],[-89.67470019844473,21.285563970122997],[-89.67498909441282,21.28555937814149],[-89.6749874618215,21.28546912343166],[-89.67537265554093,21.285462999592365],[-89.67537102261012,21.285372745795588],[-89.67575621603592,21.285366620991127],[-89.67575458293184,21.28527636629922],[-89.67613977598096,21.285270241433636],[-89.67613814262045,21.28517998675074],[-89.67642703771413,21.285175392055514],[-89.67642540311424,21.28508513820662],[-89.67671429799424,21.28508054296928],[-89.67671266320254,21.284990289128285],[-89.67709785643592,21.284984161025847],[-89.67709622138784,21.284893907193844],[-89.677385115834,21.284889310690513],[-89.67738348155883,21.284799056944255],[-89.67767237482663,21.284794459821054],[-89.67767074035982,21.284704206082644],[-89.67805593168198,21.28469807639568],[-89.67805429704181,21.284607821762204],[-89.67834318979256,21.28460322427711],[-89.67834155496075,21.284512969651455],[-89.67863044846246,21.284508371702145],[-89.67862881239112,21.284418117910626],[-89.6790140028498,21.284411985813],[-89.67901236748673,21.284321732108264],[-89.67930126055454,21.28431713289305],[-89.67929962411822,21.284226878214305],[-89.67958851697227,21.28422227845697],[-89.67958688026123,21.28413202469015],[-89.67997206977326,21.284125891085935],[-89.67997043385348,21.284035636501876],[-89.68025932627356,21.28403103547864],[-89.68025768911444,21.283940781728695],[-89.68054658132083,21.28393618016338],[-89.68054494493454,21.28384592649919],[-89.68083383596267,21.283841324313954],[-89.68083219938467,21.283751070657605],[-89.68112109019911,21.283746467930317],[-89.68111945342939,21.28365621428187],[-89.68150464150801,21.283650076821473],[-89.68150300351729,21.283559823104138],[-89.68208078513989,21.28355061555423],[-89.68207914772819,21.28346036192598],[-89.6826569278361,21.28345115302743],[-89.68265529012183,21.283360898506302],[-89.683136773483,21.283353222789245],[-89.68313513536468,21.283262969182243],[-89.68371291455179,21.283253756297526],[-89.68371127604783,21.283163502701775],[-89.68428905380327,21.283154287564397],[-89.68428741491377,21.283064033979826],[-89.68486519308377,21.283054817649425],[-89.68486355389159,21.282964563172033],[-89.68524873868645,21.28295841801968],[-89.6852470991549,21.282868164455337],[-89.6855359878375,21.28286355429952],[-89.68553434811425,21.282773300743067],[-89.68563064395114,21.282771763878387],[-89.68562900513014,21.28268151040544],[-89.68697714730823,21.28265999172537],[-89.68697550661983,21.282569738194674],[-89.68832364737833,21.28254820855709],[-89.68832200578721,21.28245795504649],[-89.68938125662149,21.282441031429165],[-89.6893796152862,21.282350778013157],[-89.69014997881453,21.28233846566013],[-89.69014833599974,21.282248212179766],[-89.69101499409413,21.28223435751302],[-89.69101335069982,21.282144104047234],[-89.69168741758592,21.282133324206942],[-89.69168577365838,21.28204307165759],[-89.69332278860647,21.282016881535842],[-89.69332114462992,21.281926628183637],[-89.69630628092881,21.281878830759716],[-89.69630957297446,21.282059336495557],[-89.69640586809354,21.2820577937548],[-89.6964091602773,21.282238299506684],[-89.69650545455876,21.282236756625323],[-89.69650051613407,21.281965997555698],[-89.69659681118401,21.281964454694876],[-89.69659516492692,21.281874202284616],[-89.69688404890512,21.28186957326418],[-89.6968856952732,21.281959826575157],[-89.69736716756304,21.28195211021989],[-89.69736881433944,21.282042362625813],[-89.69862064348024,21.2820222948683],[-89.69862229109908,21.28211254726425],[-89.69881488031062,21.282109459637628],[-89.69881652806095,21.282199712035958],[-89.6989128222871,21.28219816763973],[-89.69891447002135,21.282288420945555],[-89.69910705956106,21.28228533204687],[-89.69910870750974,21.282375584450882],[-89.6992050017756,21.282374040774755],[-89.69920335384522,21.28228378746771],[-89.69929964909187,21.282282242905747],[-89.69930129612226,21.282372496133906],[-89.69949388577352,21.282369406748185],[-89.69949553389993,21.28245966005643],[-89.6993992395761,21.2824612039155],[-89.69940418297617,21.282731961985025],[-89.69930788837318,21.282733506690896],[-89.69931447961197,21.283094518147152],[-89.69921818483118,21.283096061892845],[-89.6992214808169,21.28327656768937],[-89.6993177758099,21.283275023037397],[-89.69931942391219,21.283365275489356],[-89.69922312788991,21.28336682006474],[-89.6992264238889,21.2835473258886],[-89.69932271907581,21.283545781233244],[-89.69932601529587,21.283726286169045],[-89.70009637959177,21.28371392778663],[-89.70009802813928,21.2838041811565],[-89.70029061885886,21.28380109068784],[-89.7002922676208,21.283891343155968],[-89.70058115475909,21.28388670797695],[-89.70058280371715,21.283976960446246],[-89.70087169014774,21.283972323736656],[-89.70087333921897,21.28406257711128],[-89.70116222582355,21.284057939853007],[-89.70116387517383,21.284148192324768],[-89.70135646627888,21.28414510141811],[-89.70135811576066,21.28423535389215],[-89.70174329828556,21.284229170443123],[-89.7017449480281,21.2843194229173],[-89.70193753944802,21.284316330374914],[-89.7019358895762,21.284226077903035],[-89.70203218521816,21.28422453154206],[-89.70203053624854,21.28413427915352],[-89.70174164950987,21.284138918051283],[-89.70173999985468,21.28404866468213],[-89.7016437043353,21.28405021085906],[-89.70164205466403,21.283959958397457],[-89.70135316836955,21.28396459565728],[-89.70135151889438,21.283874343196846],[-89.70106263172629,21.283878980734322],[-89.70106098341192,21.283788728352867],[-89.7006758011531,21.283794910005113],[-89.70067415213485,21.28370465754599],[-89.70048156164518,21.283707747593155],[-89.70047991275841,21.283617495136344],[-89.7003836175335,21.28361904051998],[-89.70038196871359,21.283528788066615],[-89.70018937846916,21.283531877745745],[-89.70018608109451,21.283351372848223],[-89.7000897860568,21.283352918046678],[-89.70008484028834,21.283082159827185],[-89.70018113609672,21.283080614709814],[-89.70017454148355,21.282719604120082],[-89.70027083703116,21.28271805894654],[-89.7002658909213,21.282447300829418],[-89.70036218618993,21.282445756502742],[-89.70036053748174,21.282355503204545],[-89.70084200985876,21.282347777644564],[-89.70084365897304,21.282438030033067],[-89.70142142694502,21.28242875705531],[-89.70142307548471,21.282519009364005],[-89.70151936990972,21.282517463327235],[-89.70151772130538,21.28242721101965],[-89.70161401558053,21.282425665827507],[-89.70161566521413,21.282515918211693],[-89.70200084280013,21.282509734120364],[-89.7020024926945,21.28259998650456],[-89.70229137595105,21.282595348926602],[-89.70229302604153,21.282685601312046],[-89.70248561510792,21.282682508082743],[-89.70249056473293,21.282953266086142],[-89.70258685945672,21.282951719377238],[-89.70260005888791,21.283673739378404],[-89.70269635509123,21.28367219267768],[-89.70270955526424,21.284394212057325],[-89.70280585093488,21.28439266611345],[-89.70281080143373,21.2846634225582],[-89.70309968917982,21.284658782544753],[-89.7030980385235,21.284568530068043],[-89.70319433431455,21.28456698387953],[-89.70319268456046,21.2844767314862],[-89.70309638883404,21.284478277673607],[-89.70308483616377,21.283846511555367],[-89.7029885408876,21.283848057674376],[-89.70298028998035,21.283396795691047],[-89.70288399494223,21.283398342647907],[-89.70287904450838,21.28312758458955],[-89.70278274966195,21.283129131482493],[-89.70277284907604,21.28258761729031],[-89.70267655469819,21.282589163211846],[-89.70266665562733,21.282047648350606],[-89.70257036058754,21.282049195031252],[-89.70255881277626,21.28141742717816],[-89.70246251818662,21.281418973790352],[-89.70245591945715,21.281057963791397],[-89.70235962617139,21.281059509512193],[-89.70235302773587,21.28069849958169],[-89.70225673462349,21.280700046141472],[-89.70225508458175,21.280609793856353],[-89.70215879161469,21.280611339450346],[-89.7021604415918,21.280701591736587],[-89.70196785447433,21.280704683571475],[-89.70196950327686,21.280794936690896],[-89.70158432972136,21.280801119715576],[-89.70158597931508,21.2808913720177],[-89.70148968509118,21.28089291801722],[-89.70149133462243,21.28098317032501],[-89.70139504129627,21.280984716342832],[-89.70139668980056,21.281074968578523],[-89.70130039649041,21.281076513632787],[-89.70130204484936,21.281166766778274],[-89.70120575147236,21.28116831177303],[-89.7012074007335,21.28125856500192],[-89.70111110632511,21.28126010985951],[-89.70110945801031,21.281169857611268],[-89.7009168701977,21.28117294812416],[-89.70091851926493,21.281263201356413],[-89.70082222484993,21.2812647460322],[-89.70082057672893,21.281174493780597],[-89.70043540106846,21.281180673836847],[-89.70043704981252,21.28127092707469],[-89.70034075635098,21.281272471525188],[-89.70033745882847,21.281091966860032],[-89.70014487207435,21.281095056478883],[-89.70014157490225,21.280914550923438],[-89.70004528160966,21.28091609609176],[-89.70004198554021,21.280735590630048],[-89.69994569141008,21.280737135657862],[-89.69994239547874,21.28055663021213],[-89.69984610155865,21.28055817427306],[-89.6998411573484,21.280287416548475],[-89.69974486450161,21.28028896152723],[-89.6997399205881,21.280018202936372],[-89.699643627933,21.280019747851163],[-89.699641979737,21.279929494668288],[-89.69954568617977,21.27993103944367],[-89.69954403901515,21.279840786341943],[-89.69944774552035,21.279842331055608],[-89.69944445027961,21.27966182569],[-89.69982962171646,21.279655647229312],[-89.69982797428173,21.27956539504876],[-89.7004057308585,21.279556126902715],[-89.7004040821565,21.279465873751562],[-89.7005003753707,21.27946432843643],[-89.70049872652338,21.279374076195076],[-89.70059501967071,21.279372530820446],[-89.70059666753517,21.279462783887066],[-89.70069296074487,21.27946123845071],[-89.70069625765721,21.279641743769062],[-89.70059996431823,21.279643289207645],[-89.70060161323686,21.27973354146158],[-89.70021644161223,21.27973972186577],[-89.70021808930991,21.27982997405102],[-89.69992921087736,21.279834608534077],[-89.69993085838337,21.279924860727267],[-89.69983456579733,21.279926405762108],[-89.69983621420553,21.280016658038722],[-89.7001250929496,21.280012024634797],[-89.7001234444305,21.2799217714575],[-89.7003160304687,21.2799186819454],[-89.70031767920007,21.28000893421639],[-89.70041397175675,21.280007389781492],[-89.70041232400821,21.27991713668522],[-89.70050861649807,21.279915592190896],[-89.70050696868718,21.27982533910033],[-89.7006995545784,21.27982224910566],[-89.70070285150851,21.280002754460508],[-89.70060655791094,21.28000429990359],[-89.70060820683841,21.280094552175782],[-89.700511913174,21.280096097559323],[-89.70051356203905,21.280186349837223],[-89.7003209756219,21.280189439598416],[-89.70032427205258,21.28036994499868],[-89.70022797915223,21.280371490281556],[-89.7002312754625,21.280551995702297],[-89.70042386240124,21.28054890605337],[-89.70042221367486,21.280458652852023],[-89.70051850751705,21.280457108428696],[-89.70051685872826,21.280366855233037],[-89.70061315250366,21.28036531075019],[-89.70061150365248,21.280275057560235],[-89.70070779639642,21.280273512940223],[-89.70070614844741,21.280183259833663],[-89.70080244112445,21.280181715154136],[-89.70080079311302,21.280091462053235],[-89.70099337937884,21.280088371688333],[-89.70099502760243,21.280178623882943],[-89.70089873484686,21.28018016958771],[-89.70090203205315,21.28036067497455],[-89.70080573828439,21.2803622196392],[-89.70080738726705,21.28045247283152],[-89.70071109439613,21.280454017514344],[-89.70071274235177,21.280544270634607],[-89.70061644941394,21.280545815257987],[-89.70061809730716,21.28063606838393],[-89.70052180430247,21.28063761294783],[-89.70052345309787,21.28072786615716],[-89.7009086265752,21.280721684899042],[-89.70090697840294,21.28063143267597],[-89.70109956447531,21.280628342098744],[-89.70109626699721,21.280447836688943],[-89.7011925608239,21.280446291841397],[-89.70119091158269,21.280356038653565],[-89.70147979100938,21.280351402691306],[-89.70148308908306,21.280531907178972],[-89.70138679608006,21.280533453191214],[-89.70138844457328,21.2806237054041],[-89.70186991156989,21.28061597759925],[-89.70186826283643,21.28052572448781],[-89.70206084873524,21.280522632700944],[-89.70205754988599,21.280342128226636],[-89.70215384370881,21.280340581870234],[-89.7021357002993,21.279347804022727],[-89.70203940718733,21.279349350366882],[-89.70203445965129,21.279078592070995],[-89.70193816769563,21.27908013842892],[-89.70192827202361,21.27853862278004],[-89.70183198053645,21.27854016816658],[-89.70182208629652,21.277998652753144],[-89.70211096063541,21.27799401560546],[-89.70210931168936,21.277903763533825],[-89.70201302065905,21.277905309033713],[-89.70201137081524,21.27781505688785],[-89.70210766282838,21.277813510562677],[-89.70210436406565,21.27763300546043],[-89.70200807314637,21.2776345518611],[-89.70200312573648,21.277363793825536],[-89.70190683412721,21.27736533918045],[-89.70190023813649,21.277004329154458],[-89.70209281995422,21.277001237411188],[-89.70208292574132,21.276459722561608],[-89.70198663478051,21.27646126796593],[-89.70198498601964,21.276371015066825],[-89.70179240510237,21.276374106673288],[-89.70179075647297,21.27628385377649],[-89.70188704634437,21.276282308417862],[-89.70188539765248,21.276192055526717],[-89.70198168842163,21.276190510186346],[-89.70198003958448,21.276100258205002],[-89.70188374887998,21.27610180354427],[-89.70187880177696,21.275831045738475],[-89.7017825122287,21.275832591091554],[-89.7017792139512,21.275652086183783],[-89.70168292452999,21.27565363147398],[-89.70167632930755,21.275292620882478],[-89.70158003917807,21.275294166029965],[-89.70157509368107,21.275023408415326],[-89.70147880374327,21.275024953498836],[-89.70147715534095,21.27493470066729],[-89.70157344521414,21.27493315558492],[-89.70157179578486,21.274842902681346],[-89.70166808559112,21.27484135753945],[-89.70166643706399,21.274751104719282],[-89.70157014732234,21.27475264986005],[-89.70156520186512,21.274481892327785],[-89.70108375497456,21.274489618087756],[-89.70108540310729,21.274579870900904],[-89.70079653518815,21.274584505121744],[-89.7007981831292,21.27467475794278],[-89.70070189343218,21.27467630253711],[-89.70070354131083,21.274766555363836],[-89.70051096178098,21.274769644372896],[-89.70050272297323,21.27431838117789],[-89.70021385454841,21.27432301512442],[-89.70021714972684,21.274503519852946],[-89.69983199227124,21.274509697385245],[-89.69983034401633,21.274419444484483],[-89.69973405545566,21.274420988547252],[-89.69973240718467,21.27433073655399],[-89.69963611772182,21.27433228047733],[-89.69963117625849,21.27406152204269],[-89.69953488698732,21.27406306590207],[-89.69952829769443,21.273702054637788],[-89.69943200867958,21.27370359843214],[-89.6994237726775,21.27325233446865],[-89.69932748390065,21.273253879100896],[-89.69932254221693,21.272983119839267],[-89.6999002741484,21.272973856659203],[-89.69989862683104,21.27288360391511],[-89.70047635741349,21.27287433757859],[-89.70047470971059,21.272784084845764],[-89.70037842136418,21.272785629234914],[-89.70037677276355,21.272695376427805],[-89.69999161961422,21.272701553373842],[-89.69999326699178,21.272791806107637],[-89.69931924835993,21.272802614342275],[-89.69931430759097,21.27253185613113],[-89.69941059576787,21.272530312411927],[-89.69941224275327,21.27262056514325],[-89.69950853099259,21.272619021362317],[-89.6995068839425,21.27252876863207],[-89.69979574845328,21.272524136929015],[-89.69979410121162,21.27243388420671],[-89.6999866774947,21.272430795199835],[-89.699985030126,21.27234054248437],[-89.7000813181581,21.272338998343205],[-89.70008296559152,21.272429251057595],[-89.70017925368606,21.27242770685475],[-89.70018090118623,21.27251795957259],[-89.70027718934327,21.272516415308033],[-89.70027554177842,21.272426162591277],[-89.70037182986853,21.272424618267213],[-89.70036853461629,21.272244112849766],[-89.70027224665537,21.272245657171524],[-89.7002705990972,21.272155404468606],[-89.70017431119877,21.272156948728686],[-89.70016936873132,21.271886190643897],[-89.6999767933155,21.271889278975653],[-89.69997020398992,21.271528267347126],[-89.69968134057758,21.27153290020324],[-89.69967639920898,21.271262141293885],[-89.69938753740585,21.271266772768318],[-89.69938918436029,21.271357025435517],[-89.69929289702357,21.271358569140297],[-89.69929454383265,21.271448822717225],[-89.6991982554645,21.271450366284725],[-89.69919496189486,21.271269860037286],[-89.69909867461836,21.271271403619746],[-89.69909538110382,21.27109089829242],[-89.69957681778274,21.271083179863137],[-89.69957352371372,21.270902673661233],[-89.69947723670457,21.270904217481615],[-89.69947229568717,21.270633459565932],[-89.69927972108542,21.27063654694044],[-89.69927807421323,21.270546294308854],[-89.69918178745594,21.270547837942956],[-89.6991801407336,21.27045758441076],[-89.69927642742627,21.27045604077772],[-89.69927313369311,21.27027553553743],[-89.6991768471296,21.270277079168224],[-89.69917355361748,21.270096573039947],[-89.6990772671811,21.270098116607908],[-89.69907232708182,21.269827357898603],[-89.69887975362555,21.26983044476834],[-89.69887810703185,21.2697401921735],[-89.69868553466053,21.269743278876398],[-89.69868224182117,21.269562772792],[-89.69848966873496,21.269565859170303],[-89.6984880224064,21.26947560658486],[-89.69839173640682,21.26947714972085],[-89.69839009022803,21.26938689623474],[-89.6982938033264,21.269388439231353],[-89.6982954494406,21.26947869271853],[-89.69810287743049,21.26948177868761],[-89.69810452350058,21.269572031277516],[-89.69791195038788,21.269575116928745],[-89.69791524219322,21.269755623030886],[-89.6978189559866,21.269757165806748],[-89.69782224767157,21.26993767192951],[-89.69772596036894,21.26993921456921],[-89.69773912772774,21.270661238426353],[-89.69783541458283,21.270659695699983],[-89.69784199909746,21.271020707321004],[-89.69774571101935,21.271022249974088],[-89.69774241941059,21.27084174373903],[-89.69745355739674,21.270846372387574],[-89.6974568496652,21.271026877802992],[-89.69716798724377,21.271031505912962],[-89.69716963270518,21.271121758592027],[-89.69707334454696,21.271123300822058],[-89.69707992695484,21.271484313474527],[-89.69727250290454,21.27148122796311],[-89.69727579389797,21.27166173427349],[-89.69717950631876,21.271663276648596],[-89.69718115179565,21.27175352935976],[-89.69708486406657,21.271755072579424],[-89.6970898012812,21.27202583082148],[-89.69689722454713,21.272028916103917],[-89.6968939330885,21.271848409670174],[-89.69679764528817,21.27184995270915],[-89.6967894184087,21.271398687268128],[-89.69688570580288,21.271397145138742],[-89.69688241533973,21.271216638846955],[-89.69697870260244,21.27121509665922],[-89.69697705726807,21.271124843973343],[-89.69688077006998,21.271126386159942],[-89.69687912392084,21.27103613249574],[-89.69678283670217,21.27103767552472],[-89.69678119158439,21.270947421941724],[-89.69687747865552,21.270945879817933],[-89.69687418821438,21.27076537357194],[-89.69668161328102,21.270768458580797],[-89.69668325841275,21.27085871125166],[-89.69658697140181,21.270860253253154],[-89.69658861638813,21.27095050683382],[-89.69649232931044,21.27095204877581],[-89.69649397431726,21.27104230145815],[-89.69639768717268,21.271043843340696],[-89.69639933203413,21.271134096932713],[-89.69630304385825,21.271135638678032],[-89.69630468970477,21.271225891449483],[-89.69611211409865,21.271228975742346],[-89.6961137588536,21.27131922844286],[-89.69601747142343,21.27132077099044],[-89.69601911611595,21.271411023696647],[-89.69592282870181,21.271412565280666],[-89.69592611788137,21.271593071613097],[-89.69582983033578,21.271594613138795],[-89.69583147482274,21.271684866764993],[-89.69573518721039,21.27168640823124],[-89.69573683171787,21.27177666095909],[-89.69564054395566,21.271778203269843],[-89.69564218840073,21.271868456003443],[-89.69554590057177,21.271869998254758],[-89.6955475449544,21.271960250994],[-89.69545125714147,21.271961792281772],[-89.69545290137881,21.27205204593082],[-89.69535661349906,21.2720535871591],[-89.69535825775687,21.272143839909724],[-89.69526196972738,21.272145381982625],[-89.69526525908495,21.27232588757764],[-89.69516896995937,21.2723274295144],[-89.69517225911353,21.272507936034057],[-89.6950759709041,21.27250947708616],[-89.6950792589733,21.272689983548602],[-89.69479039289637,21.272694607174245],[-89.69479697029779,21.273055619418916],[-89.69470068160871,21.273057161139377],[-89.69470232543843,21.273147413948237],[-89.69460603668259,21.273148955609233],[-89.69460768141442,21.273239208501497],[-89.69451139162712,21.27324075002525],[-89.69451303629656,21.273331002923218],[-89.6944167464425,21.273332544387504],[-89.69442003469416,21.273513050121664],[-89.69432374567319,21.273514591605306],[-89.69432703380443,21.27369509736004],[-89.69442332383625,21.273693556855992],[-89.69442496748752,21.273783809700216],[-89.69452125661729,21.273782269056728],[-89.69452290129996,21.273872521982188],[-89.69442661210557,21.27387406262682],[-89.69443154396087,21.27414482218252],[-89.69433525448751,21.274146363673985],[-89.69433689904976,21.274236616619987],[-89.69443318850479,21.274235076031484],[-89.6944381214341,21.27450583481585],[-89.6945344110809,21.27450429416346],[-89.69453605578123,21.274594547125538],[-89.6944397650223,21.274596088605364],[-89.69444140966021,21.274686341573126],[-89.69511543934233,21.274675552179644],[-89.69511379521657,21.274585299297428],[-89.69540266542816,21.274580674152222],[-89.69540102014616,21.274490421200134],[-89.69578617976207,21.274484254072803],[-89.6957828897352,21.27430374736496],[-89.69587917922179,21.274302205866498],[-89.6958824694609,21.274482711668],[-89.69607504876889,21.274479627580707],[-89.69607175827129,21.274299121783706],[-89.69616804783415,21.27429757919931],[-89.69616146757149,21.273936567742414],[-89.6962577568737,21.27393502510193],[-89.69625611102555,21.273844772191936],[-89.6964486903756,21.273841687713208],[-89.69645033538849,21.273931940543243],[-89.69664291389444,21.273928855742167],[-89.69663962361237,21.273748350091203],[-89.69712106915077,21.273740637491397],[-89.6971227155784,21.273830890386773],[-89.6973152938412,21.273827805643705],[-89.69731693943581,21.273918058463696],[-89.69741322871144,21.27391651509613],[-89.69741652091801,21.274097021729386],[-89.69751281032076,21.274095478298996],[-89.69751610274837,21.27427598404429],[-89.69732352376518,21.274279069944924],[-89.69732187719724,21.274188817028904],[-89.69722558780842,21.274190359435156],[-89.69722394227186,21.274100106600304],[-89.69703136353392,21.27410319213293],[-89.69702971716428,21.274012939222718],[-89.6966445599204,21.274019109556352],[-89.69664620506695,21.274109362393304],[-89.6964536263025,21.27411244719879],[-89.69645527132202,21.274202700042554],[-89.69626269241947,21.274205784607933],[-89.69626598317116,21.274386290391337],[-89.69645856233223,21.27438320582152],[-89.6964569173083,21.27429295296863],[-89.69655320677946,21.274291411045947],[-89.69655156177598,21.274201157294712],[-89.6970330089412,21.27419344496999],[-89.69703465531526,21.274283697889377],[-89.69722723422876,21.27428061325641],[-89.69722887976972,21.27437086610041],[-89.69732516937077,21.27436932278781],[-89.69732681594313,21.274459575712996],[-89.69742310552357,21.27445803324277],[-89.69742639783962,21.274638539026938],[-89.69733010716536,21.274640081421598],[-89.6973317536614,21.27473033526462],[-89.69675401383829,21.2747395905639],[-89.69675566003174,21.274829843514073],[-89.69627420952384,21.27483755579518],[-89.69627585539635,21.27492780875553],[-89.69608327545089,21.274930893096347],[-89.69608162970768,21.27484064013379],[-89.69569647004877,21.274846808083804],[-89.69569482456626,21.274756555121357],[-89.69559853475208,21.274758096504264],[-89.6955968893365,21.274667843545295],[-89.69550059950177,21.274669385770487],[-89.69550224485282,21.27475963873057],[-89.69511708443487,21.27476580514419],[-89.6951187295296,21.27485605811332],[-89.6943484079877,21.274868388945],[-89.69435005256763,21.274958641927594],[-89.6941574714863,21.27496172467099],[-89.69415582711862,21.274871470782074],[-89.69405953712153,21.27487301210065],[-89.69405789370227,21.274782759197052],[-89.69415418363474,21.274781217879582],[-89.69415089570903,21.274600712010564],[-89.6937657347199,21.274606874944222],[-89.69376244740302,21.274426368180503],[-89.6940513172366,21.274421746490997],[-89.69404967294679,21.274331492628416],[-89.6941459634377,21.27432995229838],[-89.69414431908548,21.274239698441477],[-89.693759160012,21.274245862339207],[-89.69375587271279,21.274065355612112],[-89.69414103118626,21.274059192627384],[-89.69413938684063,21.273968938784193],[-89.6939468081369,21.27397202133851],[-89.69393694448237,21.273430502134257],[-89.6938406555979,21.27343204240979],[-89.69383901137864,21.2733417894994],[-89.69393530124596,21.27334024839874],[-89.69392872518014,21.272979235981246],[-89.69402501478675,21.27297769482439],[-89.69402337044927,21.27288744193917],[-89.69421594847914,21.27288436027223],[-89.69421430506216,21.272794106567506],[-89.69431059348534,21.27279256605743],[-89.69430894904139,21.272702312280607],[-89.69440523836238,21.272700771788845],[-89.69440195023341,21.27252026523301],[-89.69449823845831,21.272518724605046],[-89.69449659485626,21.272428470921984],[-89.6945928830144,21.27242693023457],[-89.69459123934988,21.27233667655724],[-89.69478381649475,21.272333595080614],[-89.69478217173868,21.272243341332295],[-89.6948784607255,21.272241800543085],[-89.69487681590704,21.27215154680048],[-89.69516568081404,21.272146923013047],[-89.69516239264208,21.271966416607807],[-89.69525868046156,21.271964875501837],[-89.69525539120465,21.271784369039366],[-89.69535167985728,21.271782827952794],[-89.69535003472672,21.271692574238646],[-89.69544632331244,21.27169103309259],[-89.6954446780365,21.27160078028822],[-89.69554096663842,21.271599238178545],[-89.69553767692837,21.271418732663573],[-89.69563396539883,21.271417190495573],[-89.69563232000026,21.271326937707194],[-89.69582489575774,21.271323854017975],[-89.69582325119666,21.271233601314144],[-89.69591953848368,21.271232059792887],[-89.69591789394316,21.271141806190705],[-89.69601418116339,21.271140264609983],[-89.69601253656037,21.2710500110135],[-89.69572367403953,21.271054636396794],[-89.6957220295497,21.27096438370561],[-89.69562574148753,21.270965925024548],[-89.69562409706455,21.270875672336857],[-89.69552780906487,21.270877213594037],[-89.69552452043773,21.270696707326113],[-89.69571709529487,21.270693623773628],[-89.69571380537057,21.270513118354778],[-89.69590637996028,21.270510034564442],[-89.69591131467264,21.27078079355813],[-89.69600760163432,21.27077925198188],[-89.69600924719519,21.270869505642388],[-89.6961055343023,21.270867963100333],[-89.6961038895584,21.27077771042278],[-89.69629646443528,21.27077462704512],[-89.69629481868272,21.27068437339251],[-89.69648739342156,21.270681289774686],[-89.69648245860013,21.270410529988514],[-89.69667503197785,21.270407446057227],[-89.69667338685723,21.27031719340932],[-89.69686596114435,21.27031410841157],[-89.69686431589669,21.27022385577042],[-89.69676802934258,21.270225397885305],[-89.69676473810156,21.270044891632782],[-89.69695731191355,21.27004180742462],[-89.69695566660793,21.26995155479837],[-89.69714824036477,21.269948469446],[-89.69714988571673,21.270038722974093],[-89.6972461721327,21.270037180619106],[-89.69724288121881,21.269856674473754],[-89.69743545475022,21.269853589664155],[-89.6974338092088,21.26976333614857],[-89.69753009542426,21.26976179361513],[-89.69752844973749,21.26967154100934],[-89.69743216358665,21.269673083541637],[-89.69742887243189,21.269492577437514],[-89.69723629941747,21.269495662238203],[-89.6972330085301,21.26931515614794],[-89.69752186717842,21.269310528823837],[-89.69751857591207,21.26913002275863],[-89.69742229014898,21.269131565284244],[-89.69741899902071,21.26895105923519],[-89.69751528465463,21.268949516711775],[-89.69751363898776,21.268859264147267],[-89.6976099255193,21.26885772164213],[-89.69760334278128,21.268496709626326],[-89.69779591435622,21.268493624365437],[-89.69778933113656,21.268132612432005],[-89.69827075826068,21.268124898202846],[-89.69826911209668,21.2680346456886],[-89.69884682468079,21.268025387571505],[-89.69884517821421,21.26793513416447],[-89.69942289033088,21.26792587387278],[-89.69942124339586,21.26783562138109],[-89.70009523984396,21.267824814768925],[-89.7000935924588,21.267734562289647],[-89.70057501794227,21.267726841715998],[-89.70057337023614,21.267636589246862],[-89.7006696558569,21.26763504481731],[-89.70067130354467,21.267725298189408],[-89.70144158299487,21.267712941904527],[-89.70144323120182,21.267803195272307],[-89.7015395159674,21.267801650217496],[-89.7015428117185,21.26798215507866],[-89.70163909749265,21.267980610942807],[-89.70164074495395,21.268070863340288],[-89.7017370308734,21.268069318238684],[-89.70173867831863,21.268159571543748],[-89.70164239338192,21.268161115820117],[-89.70164404172918,21.268251369208603],[-89.70154775576117,21.268252913347837],[-89.70154940404602,21.268343166742],[-89.70145311897564,21.268344710899427],[-89.70145476728106,21.268434963395283],[-89.70116591064954,21.268439598141896],[-89.70116755876326,21.268529850645674],[-89.70107127250739,21.26853139538936],[-89.70107292055869,21.268621647898815],[-89.70097663520046,21.268623192660705],[-89.70097333931223,21.268442686740055],[-89.70078076884768,21.268445776077684],[-89.70078241573836,21.268536028508187],[-89.70068613043819,21.26853757308724],[-89.70068777823099,21.268627825601154],[-89.7005914928639,21.26862937012071],[-89.70059478736245,21.268809875086827],[-89.7004022163632,21.268812963948644],[-89.70040386300425,21.268903216401966],[-89.70030757743673,21.268904760743112],[-89.7003059298958,21.268814508210966],[-89.70020964447352,21.268816051586303],[-89.70021129186692,21.26890630502366],[-89.70001871983914,21.268909392421165],[-89.70002036710551,21.26899964586533],[-89.69992408146452,21.26900118996524],[-89.69992737507597,21.269181694983708],[-89.69983108930352,21.269183239025228],[-89.69983273653018,21.26927349158131],[-89.69973645069082,21.269275035563407],[-89.69974139114288,21.269545794088906],[-89.6996451051075,21.269547338013734],[-89.69965169346298,21.26990834925211],[-89.69974797975694,21.26990680532281],[-89.69974962693665,21.269997057916797],[-89.69994219964707,21.269993969874236],[-89.69994384687536,21.27008422337462],[-89.70013642067072,21.27008113516517],[-89.7001397155583,21.270261640367064],[-89.70023600209964,21.270260096130396],[-89.70023929704237,21.270440602252464],[-89.70033558371078,21.27043905795293],[-89.70033723129156,21.270529310567735],[-89.70043351802231,21.27052776620649],[-89.70043516566999,21.27061801882471],[-89.70053145246314,21.270616474401788],[-89.70053310009466,21.270706727927596],[-89.70062938695033,21.270705183442946],[-89.7006310347316,21.270795436068155],[-89.70091989547907,21.270790802247387],[-89.70092154345643,21.270881054873783],[-89.7010178304324,21.270879510144546],[-89.70102112652313,21.271060015408914],[-89.70111741362614,21.27105847061681],[-89.70111906165647,21.271148724158845],[-89.70102277457174,21.271150268047965],[-89.70102442253966,21.271240521595665],[-89.70121699700205,21.271237431946524],[-89.70122029336888,21.271417937243058],[-89.70131658072603,21.271416392325367],[-89.70131822897741,21.27150664497943],[-89.7012219415557,21.271508189898224],[-89.70122358974463,21.271598442557938],[-89.70103101476522,21.271601532216057],[-89.70103266282713,21.271691784882602],[-89.70093637430492,21.271693329544142],[-89.7009380223045,21.271783582216436],[-89.70113059851134,21.271780492752775],[-89.70112895038254,21.271690240082773],[-89.70132152548675,21.27168715030127],[-89.70131987723099,21.271596897638045],[-89.70141616471516,21.271595352657545],[-89.70141946135819,21.271775857986352],[-89.70151574896943,21.27177431294297],[-89.70151739639434,21.271864565535417],[-89.70142110871855,21.271866110579825],[-89.70142275704559,21.271956363255683],[-89.70123018155807,21.271959453165053],[-89.70123347796029,21.27213995853493],[-89.70161862944353,21.27213377846493],[-89.7016169809828,21.27204352578217],[-89.70171326878348,21.272041980614265],[-89.70171821436618,21.27231273867301],[-89.70181450235853,21.272311193441208],[-89.701817799554,21.272491698834386],[-89.70191408767332,21.27249015353973],[-89.70191903367703,21.272760911660498],[-89.70201532198803,21.272759366301905],[-89.70201697072504,21.272849619016913],[-89.70211325813388,21.272848073518865],[-89.70211655574373,21.273028578960353],[-89.70221284424416,21.273027033477216],[-89.70221119537354,21.27293678075531],[-89.70240377223858,21.272933689609594],[-89.70240707024062,21.273114195053473],[-89.70231078167991,21.273115740658874],[-89.7023124307025,21.27320599248473],[-89.70240871932785,21.273204446878218],[-89.70241036833436,21.27329469961161],[-89.70250665702203,21.273293153943385],[-89.70250830609548,21.27338340668024],[-89.70260459388099,21.273381860872586],[-89.70260624302118,21.27347211361289],[-89.70270253183375,21.273470567821274],[-89.7027041810408,21.27356082056505],[-89.70280046991579,21.273559274711683],[-89.70280211918967,21.273649527458964],[-89.702898408127,21.273647981543878],[-89.70290005755069,21.273738233390535],[-89.70299634558587,21.273736687336033],[-89.70299799499352,21.273826940090217],[-89.7032868621734,21.273822301792972],[-89.70329016138301,21.274002807308353],[-89.70357902796616,21.27399816838138],[-89.70357572828594,21.273817663776803],[-89.70367201733488,21.27381611737471],[-89.70367531617977,21.273996621899407],[-89.70377160535575,21.273995075434563],[-89.70377325528698,21.27408532819352],[-89.70406212203085,21.274080688354324],[-89.70406542237062,21.274261192975228],[-89.70435428939943,21.27425655348804],[-89.70435263907599,21.27416630072662],[-89.70444892740115,21.2741647537577],[-89.70445387865486,21.274435511148273],[-89.70474274612772,21.274430870023192],[-89.70474109545846,21.274340618161165],[-89.70493367331181,21.274337523751154],[-89.70494027635348,21.274698533025976],[-89.705132854715,21.274695438364645],[-89.70513450556878,21.274785691144587],[-89.70532708405072,21.27478259623868],[-89.70532378200397,21.274602091591923],[-89.70542007159467,21.274600544089196],[-89.70542337280611,21.274781048655992],[-89.70571224090504,21.274776406603856],[-89.70571058966351,21.274686153830622],[-89.70580687922708,21.274684606988473],[-89.70580852965155,21.27477485877881],[-89.70600110810248,21.2747717630246],[-89.7060027595401,21.27486201579903],[-89.70619533811136,21.274858919800245],[-89.70620029290825,21.275129677240304],[-89.7064891608479,21.275125032738764],[-89.70649081261753,21.275215285525917],[-89.70677968073109,21.275210640475656],[-89.70678133269682,21.275300893264063],[-89.70687762180671,21.27529934476581],[-89.70687927392217,21.275389596653532],[-89.70707185314615,21.27538650045474],[-89.7070702009843,21.275296247665118],[-89.70726278007024,21.275293151226176],[-89.70726608385583,21.275473654919647],[-89.70736237396557,21.27547210709792],[-89.7073656778893,21.27565261080745],[-89.70755825747894,21.27564951399601],[-89.70755660498722,21.27555926119828],[-89.70774918443874,21.275556164146693],[-89.70775414150926,21.27582692066109],[-89.70785043098473,21.275825371550177],[-89.70785373645417,21.276005876266886],[-89.70775744693242,21.27600742447596],[-89.7077624040362,21.27627818105895],[-89.70785869383481,21.276276631942434],[-89.70786199932644,21.27645713670484],[-89.70795828925209,21.276455587525525],[-89.70795994210731,21.276545839460425],[-89.70767107116534,21.27655048674232],[-89.70767272382888,21.276640738685188],[-89.70709498158011,21.276650030715597],[-89.70709663385813,21.27674028266973],[-89.70623002059381,21.276754218069264],[-89.70622836898036,21.276663965201003],[-89.70613207792094,21.276665513214212],[-89.70613372946977,21.276755766083586],[-89.70603743939097,21.27675731321094],[-89.70603909087738,21.27684756608604],[-89.70594280064893,21.276849114057953],[-89.7059444521558,21.276939366034647],[-89.70584816089585,21.27694091386944],[-89.7058498123403,21.27703116585181],[-89.70546464991368,21.27703735682261],[-89.70546630101897,21.27712760971806],[-89.7048885564423,21.277136894324283],[-89.70488360316608,21.276866137361854],[-89.70469102265366,21.276869231790947],[-89.70469762516798,21.277230241591365],[-89.70421617062635,21.277237976470655],[-89.70421782097877,21.27732822848574],[-89.70392894814333,21.27733286960916],[-89.7039272980677,21.277242616686618],[-89.70373471594637,21.277245710739187],[-89.70373636597563,21.277335962759864],[-89.70364007440625,21.277337509205456],[-89.70364172525478,21.277427762213584],[-89.70354543361847,21.277429308599718],[-89.70354708352292,21.27751956063176],[-89.7034507927015,21.277521107940185],[-89.70345244254354,21.277611359977918],[-89.70335615173812,21.277612906322823],[-89.70335945121666,21.277793411318214],[-89.70326316027977,21.277794957604765],[-89.70326645963799,21.277975462620702],[-89.70307387645153,21.27797855584282],[-89.70307552604618,21.27806880790787],[-89.70297923490875,21.278070354015963],[-89.70298088435803,21.278160606990735],[-89.70288459315374,21.27816215303938],[-89.70289779065428,21.278884172646112],[-89.70299408334014,21.27888262666626],[-89.70299573289229,21.278972878778088],[-89.70289944005883,21.278974425663097],[-89.70290109051312,21.27906467785833],[-89.70299738236372,21.27906313179852],[-89.70299903192023,21.279153383919464],[-89.70290274000502,21.279154929980372],[-89.70290933975815,21.27951594047788],[-89.70300563201481,21.279514393508435],[-89.7030072814995,21.27960464655627],[-89.70310357478317,21.279603099602816],[-89.70310852457487,21.279873857039927],[-89.70320481700271,21.27987231084894],[-89.70320646670845,21.279962563008763],[-89.70330276016331,21.279961016833685],[-89.70330605971068,21.280141521164733],[-89.70340235329253,21.280139974926893],[-89.70340895355416,21.280500984621035],[-89.70350524642778,21.28049943824043],[-89.7035151487628,21.2810409525763],[-89.70380402861659,21.281036312146686],[-89.7037974272677,21.280675302360923],[-89.70389372026173,21.28067375573571],[-89.7038904190304,21.2804932503815],[-89.70379412608281,21.280494797908602],[-89.70378422371162,21.2799532829307],[-89.70368793123247,21.279954829486343],[-89.70368628023901,21.27986457725446],[-89.70387886603044,21.27986148416243],[-89.70387721499277,21.27977123103323],[-89.70397350830281,21.279769684436246],[-89.7039718571199,21.279679432216838],[-89.70416444272239,21.279676337861606],[-89.70416279237698,21.27958608572664],[-89.70464425445002,21.27957835002332],[-89.70464260386657,21.279488096994456],[-89.70541294192267,21.27947571722294],[-89.70541129074151,21.279385465111687],[-89.70627792025526,21.279371532442596],[-89.70627626849462,21.279281280345906],[-89.707046605215,21.27926889235149],[-89.70704495293951,21.279178640268356],[-89.70752641330442,21.27917089640235],[-89.70752145552176,21.278900140197056],[-89.70761774720125,21.278898591229904],[-89.70761939985788,21.27898884329263],[-89.70800456681225,21.278982646813546],[-89.7080029138971,21.278892394755317],[-89.70858066387432,21.278883098225535],[-89.70857901057362,21.27879284617854],[-89.70944563472497,21.27877889820805],[-89.70944398084481,21.27868864617573],[-89.71021431266368,21.278676244872795],[-89.71021265826869,21.278585992854023],[-89.71050153253235,21.278581340690913],[-89.71049987786283,21.278491089584133],[-89.71098133451854,21.2784833356768],[-89.71098298846375,21.278573587604388],[-89.7118496099046,21.27855962684695],[-89.7118413343156,21.278108367975943],[-89.71193762537814,21.27810681629103],[-89.71193596975027,21.278016565223894],[-89.71222484168322,21.278011910635374],[-89.71222318691107,21.277921658749676],[-89.7128009312937,21.27791234802099],[-89.71279927508863,21.277822096973058],[-89.71347330975365,21.27781123232282],[-89.71347165318124,21.27772098038319],[-89.71404939653203,21.277711665845807],[-89.71404774053859,21.27762141399513],[-89.71481806267423,21.277608992002442],[-89.71481640616607,21.277518740165274],[-89.71568301814737,21.27750476116642],[-89.71568136105977,21.277414509343963],[-89.71635539135313,21.277403633653535],[-89.71635373381537,21.277313381843488],[-89.71693147408425,21.27730405815691],[-89.71692981519631,21.277213806280525],[-89.7175075549973,21.27720448041938],[-89.7175058966884,21.277114228631934],[-89.71789105555438,21.277108010734793],[-89.71788773834345,21.276927508086686],[-89.71798402744284,21.276925953424342],[-89.71798568615323,21.27701620429294],[-89.7182745555611,21.277011540094296],[-89.7182762144676,21.27710179096409],[-89.71846879386942,21.277098681167253],[-89.71846713491644,21.277008429395543],[-89.71856342406707,21.277006874368563],[-89.7185601059558,21.276826371745337],[-89.71865639593949,21.276824816737612],[-89.71865473678116,21.27673456588601],[-89.71923247343814,21.276725233436977],[-89.71923081389428,21.276634982596676],[-89.7200011277202,21.27662253707504],[-89.71999946774426,21.276532285344185],[-89.72048091449226,21.276524505920925],[-89.72047925419542,21.27643425420031],[-89.7207681212188,21.276429586122198],[-89.72076646073039,21.276339334409517],[-89.7211516171424,21.276333109211947],[-89.72114995639771,21.2762428575083],[-89.72143882298649,21.276238188164502],[-89.7214371620501,21.27614793646884],[-89.72172602842491,21.276143266583084],[-89.7217243672969,21.276053014895346],[-89.7221095228442,21.276046787287616],[-89.72210786137714,21.275956536513064],[-89.72249301566572,21.27595030786274],[-89.72249135498969,21.27586005627075],[-89.72287650898406,21.275853826655464],[-89.72287484700445,21.275763575899074],[-89.72326000070454,21.275757345318876],[-89.72325833943326,21.275667094649112],[-89.72364349283923,21.275660863103923],[-89.72364183034699,21.27557061236564],[-89.72402698337598,21.275564380759622],[-89.72402532167483,21.275474129203907],[-89.72450676238793,21.275466337867268],[-89.72450509931863,21.275376087148274],[-89.72489025175021,21.275369853369998],[-89.72488858938914,21.27527960273764],[-89.72527374064468,21.27527336701276],[-89.72527207802742,21.275183116389517],[-89.72604238071331,21.275170643926103],[-89.72604071758126,21.275080393316415],[-89.72671473194104,21.275069477199565],[-89.7267130673942,21.274979226524778],[-89.72709821850357,21.27497298809427],[-89.72709655378326,21.274882736524454],[-89.72748170459836,21.274876497129036],[-89.72748004050356,21.27478624654995],[-89.72786519005983,21.27478000611206],[-89.72786352570884,21.27468975554208],[-89.72834496234282,21.27468195295892],[-89.72834329767085,21.274591702399103],[-89.72892102105426,21.274582338572422],[-89.72891935503229,21.274492087946427],[-89.72959336507837,21.274481160883653],[-89.72959169957076,21.27439091034768],[-89.7300731349514,21.27438310323248],[-89.73007146912296,21.274292852706665],[-89.73055290412455,21.27428504408236],[-89.73055123789244,21.27419479447092],[-89.73112895845163,21.274185422232332],[-89.73112729191682,21.274095171728135],[-89.73199387238115,21.274081110685543],[-89.73199220526695,21.273990860196054],[-89.73266621141997,21.273979921331367],[-89.73266454385558,21.27388967085436],[-89.73304968947221,21.273883419100358],[-89.73304802165157,21.273793168632455],[-89.73343316705652,21.273786915009374],[-89.73343149889698,21.27369666545468],[-89.73372035845674,21.27369197466275],[-89.7337186901882,21.273601724211915],[-89.73439269320241,21.27359077857114],[-89.73439102448374,21.273500528132796],[-89.73467988350586,21.273495836434076],[-89.73467821459558,21.27340558600371],[-89.73496707243915,21.27340089368552],[-89.73496540333724,21.27331064326311],[-89.73563940479045,21.273299692132518],[-89.73563773515573,21.27320944262668],[-89.73602287868505,21.27320318339124],[-89.73602120879414,21.27311293389452],[-89.73621378093974,21.27310980350224],[-89.73621211092177,21.273019554012343],[-89.7365972538803,21.273013293331815],[-89.73659558360616,21.272923043851065],[-89.73688444034583,21.272918347914526],[-89.73688276996273,21.272828097537616],[-89.73717162640568,21.272823401963308],[-89.73716995679548,21.272733151671826],[-89.7375550978416,21.27272688940796],[-89.73755342789254,21.272636640029738],[-89.73764971264289,21.27263507382261],[-89.73764804263136,21.272544824450087],[-89.737840612878,21.272541692837944],[-89.73784228301876,21.27263194220822],[-89.73793856864428,21.272630376800947],[-89.73793689755706,21.272540126450227],[-89.73803318311573,21.272538560983477],[-89.73803151196607,21.27244831063845],[-89.73812779745786,21.272446745112266],[-89.7381261272104,21.272356494850474],[-89.73870383699801,21.272347098387012],[-89.73870216636509,21.2722568481366],[-89.73889473609195,21.272253716102412],[-89.7388930643675,21.272163465781365],[-89.73918191931206,21.27215876641369],[-89.73918024827782,21.272068517082204],[-89.73975795675415,21.27205911664033],[-89.73975628445253,21.271968866338607],[-89.74004513894884,21.271964165341895],[-89.74004346637294,21.271873915952238],[-89.74042860474076,21.27186764736262],[-89.74042693287326,21.271777398059545],[-89.74129349298506,21.271763290386],[-89.74129516543421,21.271853539678915],[-89.7418728717915,21.271844132079675],[-89.74187119895463,21.271753882793615],[-89.74196748390429,21.271752314851817],[-89.74196581100503,21.271662065571412],[-89.74206209500589,21.271660496588623],[-89.74206042204433,21.271570247313974],[-89.74215670589568,21.271568679175818],[-89.74215503287168,21.27147842990691],[-89.74234760140298,21.271475293528507],[-89.74234592833463,21.271385043362287],[-89.74244221205008,21.27138347504461],[-89.74244388526563,21.271473724305608],[-89.74254017000794,21.271472156003668],[-89.7425368224852,21.271291657411147],[-89.74263310709604,21.271290089050904],[-89.7426314338383,21.271199838897296],[-89.74301656910707,21.271193564622564],[-89.74301489551046,21.271103315382167],[-89.74320746348435,21.27110017792228],[-89.74320578976076,21.27100992868873],[-89.74330207319751,21.27100835983032],[-89.74330374698573,21.271098609062715],[-89.743688881933,21.271092333096124],[-89.74368720788631,21.271002083868215],[-89.74397605912051,21.270997376279883],[-89.74397438488221,21.270907127059992],[-89.74416695255267,21.270903988392888],[-89.74416527818747,21.27081373917983],[-89.74455041227837,21.270807461045653],[-89.74454873765684,21.270717211841777],[-89.74464502183277,21.270715642215976],[-89.74464669555441,21.270805891341347],[-89.74483926298154,21.270802752732397],[-89.74483758824879,21.270712502627756],[-89.74551157239773,21.27070151412357],[-89.74550989721487,21.270611264031476],[-89.74560618025657,21.27060969462761],[-89.74560785558658,21.270699943814503],[-89.74599298920154,21.27069366295383],[-89.74599131361299,21.270603413771457],[-89.74608759672606,21.270601843160573],[-89.74608592107512,21.27051159398399],[-89.74627848812968,21.270508452660135],[-89.74628016294527,21.270598701757006],[-89.7465690131393,21.270593990178874],[-89.74656733716526,21.270503741007882],[-89.74733760209806,21.270491174314984],[-89.74733592657388,21.270400925235148],[-89.74762477534135,21.270396211587],[-89.74762309866101,21.270305962437725],[-89.74810451384234,21.27029810553021],[-89.74810283684117,21.270207856391195],[-89.74839168516688,21.270203141295763],[-89.74839000893867,21.270112892242146],[-89.74887142241919,21.27010503284513],[-89.74886974490559,21.270014783724367],[-89.74973628929601,21.27000063434614],[-89.74973461120315,21.26991038524021],[-89.75002345874981,21.26990566796923],[-89.75002178142984,21.269815418948664],[-89.75011806393132,21.269813845802254],[-89.75011974131598,21.26990409482166],[-89.75040858883561,21.269899376823624],[-89.75040691029261,21.26980912773023],[-89.75059947519279,21.26980598179621],[-89.75059779748737,21.269715732787063],[-89.75069407982814,21.269714160182343],[-89.75069575759817,21.269804409190353],[-89.75088832248483,21.269801262892845],[-89.75088664458556,21.269711013887107],[-89.7510792092513,21.269707868253544],[-89.75107753026049,21.269617619177325],[-89.75136637713102,21.269612899371943],[-89.75136469891315,21.269522650381077],[-89.751557262416,21.269519503164748],[-89.75155558407116,21.26942925418072],[-89.75184443043753,21.269424534377503],[-89.7518427519011,21.26933428540148],[-89.75261300746271,21.269321694717263],[-89.7526113274471,21.269231445677566],[-89.75290017335138,21.26922672388181],[-89.75289849410865,21.26913647492751],[-89.7530910570224,21.26913332578156],[-89.75309273735893,21.269223574811015],[-89.75434439984016,21.269203104683868],[-89.75434103845389,21.269022606736545],[-89.75443732025441,21.269021031776916],[-89.75443563998235,21.268930782849967],[-89.75453192171598,21.268929207830954],[-89.75453024129897,21.268838959813838],[-89.75472280366577,21.268835809518905],[-89.75472112320433,21.26874556060453],[-89.7551062486169,21.268739259369635],[-89.75510456789927,21.268649010464383],[-89.75568225604493,21.268639556839986],[-89.7556805748593,21.268549308850297],[-89.75654710481463,21.268535125122494],[-89.75654542313227,21.268444876243496],[-89.75770079432657,21.268425957511777],[-89.75769911178854,21.26833570955517],[-89.75808423580473,21.268329401730078],[-89.75808591763675,21.26841964960476],[-89.75827847923694,21.26841649573982],[-89.75827679735829,21.26832624696329],[-89.75846935882029,21.268323092858235],[-89.75846767585011,21.268232844011276],[-89.7586602371738,21.268229689666175],[-89.75865855407663,21.268139440826065],[-89.75933251870974,21.268128398304448],[-89.75933083516253,21.268038149476904],[-89.75971595720262,21.26803183837248],[-89.75971427436377,21.267941589631437],[-89.75990683427652,21.26793843364062],[-89.75990515131062,21.267848184906445],[-89.76009771204963,21.26784502875295],[-89.76009602790977,21.267754780852393],[-89.76048114910222,21.267748467822976],[-89.76047946478867,21.267658219027464],[-89.76067202524203,21.267655062151537],[-89.76067034168358,21.26756481434436],[-89.76076662140122,21.267563235325923],[-89.76076830590634,21.267653484113378],[-89.76105714612174,21.267648747672652],[-89.76105546230475,21.26755849987],[-89.76221082202225,21.267539550476343],[-89.76220913743221,21.267449302692004],[-89.762690536211,21.26744140494269],[-89.76268885130014,21.26735115716865],[-89.7631702496993,21.267343257910483],[-89.76316856446756,21.26725301014669],[-89.76345740365544,21.267248270080007],[-89.76345571823215,21.267158022324246],[-89.76364827693459,21.267154861626203],[-89.7636465913844,21.267064613877356],[-89.76393543015055,21.26705987290871],[-89.76393374440877,21.266969625167867],[-89.76451142052775,21.26696014152437],[-89.76450973440055,21.266869893795],[-89.76479857167094,21.26686515202425],[-89.76479688543458,21.266774903398744],[-89.76566339855339,21.26676067407587],[-89.76566171165535,21.26667042636937],[-89.76623938620175,21.26666093801173],[-89.76623769900078,21.266570689412507],[-89.76643025671406,21.2665675261185],[-89.76643194412672,21.266657773811247],[-89.76672078087354,21.2666530284124],[-89.76671909326696,21.26656278072305],[-89.7671042096037,21.26655645275831],[-89.76710252174102,21.266466205078117],[-89.76758391558216,21.26645829366812],[-89.76758222739868,21.266368045998274],[-89.7678710634823,21.266363298428708],[-89.7678693760718,21.266273050844188],[-89.76854332631959,21.266261971973634],[-89.7685416374945,21.266171724324376],[-89.7692155871789,21.2661606424933],[-89.7692138979038,21.26607039485669],[-89.76940645474795,21.266067228722072],[-89.76940476534583,21.265976981092283],[-89.76998243560114,21.2659674794331],[-89.76998074581365,21.265877231814798],[-89.77026958067559,21.26587248062288],[-89.77026789069657,21.26578223301259],[-89.77055672534422,21.265777481278835],[-89.77055165580369,21.265506738563225],[-89.77064793384874,21.265505154232898],[-89.77064624362026,21.26541490664557],[-89.77083879949181,21.265411738709492],[-89.77083710913645,21.26532149112907],[-89.7710296648697,21.265318322952982],[-89.77102797535191,21.26522807545676],[-89.77112425319172,21.26522649082689],[-89.77112256264705,21.265136243259136],[-89.77141139579419,21.26513149081782],[-89.77140970505798,21.265041243258047],[-89.77179481568558,21.265034905223313],[-89.77179312469312,21.264944657672743],[-89.77198567986409,21.26494148829419],[-89.77198398874472,21.264851240750488],[-89.77227282133151,21.264846485779643],[-89.77227113098513,21.264756238321304],[-89.77255996231075,21.264751483635457],[-89.77255827177275,21.264661236185145],[-89.77265454918863,21.264659650592833],[-89.77265285754132,21.264569403975116],[-89.77342307497517,21.264556720604357],[-89.77342138289572,21.26446647309628],[-89.77361393734338,21.264463301669355],[-89.77361224601904,21.264373055149548],[-89.77399735366414,21.264366711496113],[-89.77399566120161,21.264276464004073],[-89.77428449239996,21.264271706141308],[-89.7742828006279,21.264181459638724],[-89.77447535368248,21.26417828705097],[-89.77447366186595,21.264088039651142],[-89.77466621469979,21.264084867727494],[-89.77466452275625,21.26399462033455],[-89.77504962918529,21.263988274937958],[-89.77504793698557,21.26389802755419],[-89.77524048953373,21.26389485490816],[-89.77523879720714,21.263804607531306],[-89.77562390306468,21.263798260689985],[-89.77562221048186,21.2637080133223],[-89.7758147627443,21.26370483995387],[-89.77581645545635,21.26379508731926],[-89.77620156125934,21.263788739024026],[-89.77619986828886,21.263698491663195],[-89.7765849737147,21.263692143307342],[-89.77658328048807,21.263601895955745],[-89.77677583257582,21.263598721377985],[-89.7767741392223,21.263508474033262],[-89.77687041568039,21.263506886693296],[-89.77686872226454,21.263416639354354],[-89.77706127408022,21.263413464417695],[-89.77705958053734,21.263323217085624],[-89.77744468388305,21.263316866489994],[-89.77744299000162,21.263226620071237],[-89.77773181777546,21.26322185653046],[-89.77773012378486,21.26313160921564],[-89.77869288159397,21.263115726768657],[-89.77869118687717,21.26302548037405],[-89.78003904605492,21.26300323566013],[-89.78003735043596,21.26291298928616],[-89.78080755437672,21.26290027304252],[-89.78080585824318,21.26281002668235],[-89.78099840909698,21.262806846791914],[-89.78099671283648,21.262716600438647],[-89.7812855383416,21.26271183101762],[-89.78128384293647,21.262621583845508],[-89.78195776925374,21.26261045283424],[-89.78195607235163,21.262520206501694],[-89.78214862268084,21.262517026068323],[-89.78214692573418,21.262426778838602],[-89.78243575057591,21.262422007247],[-89.78243405335535,21.262331760929413],[-89.78320425261023,21.262319034356043],[-89.78320255583961,21.26222878812945],[-89.78445412754131,21.262208100143127],[-89.78445242896854,21.262117853858893],[-89.78483752738249,21.262111486390854],[-89.78483582951812,21.262021240192972],[-89.78502837809991,21.262018056059183],[-89.78502668010867,21.26192780986825],[-89.78560432629394,21.26191825700119],[-89.7856060246728,21.262008503185204],[-89.78579857418262,21.262005318159346],[-89.78579687471002,21.261915071900383],[-89.78618197247933,21.261908701049133],[-89.78618027371509,21.261818454876614],[-89.7865653701427,21.261812083887577],[-89.78656367112225,21.261721837724256],[-89.7870450422263,21.26171387293396],[-89.78704334200297,21.261623625799682],[-89.78742843879606,21.26161725271626],[-89.7874267391987,21.261527006572468],[-89.78781183465004,21.261520633351317],[-89.7878101348789,21.26143038631265],[-89.78906169408597,21.261409665760805],[-89.78905999339496,21.261319419645872],[-89.7894450882565,21.26131304141048],[-89.78944338730933,21.26122279530471],[-89.78953966093378,21.26122120082162],[-89.78953795992432,21.26113095472157],[-89.78982678059029,21.261126170912267],[-89.7898250793892,21.2610359248203],[-89.7900176263592,21.26103273531346],[-89.79001592503127,21.260942489228455],[-89.79020847186293,21.260939299481613],[-89.79020677040799,21.260849053403536],[-89.79059186370321,21.26084267409167],[-89.79059016199216,21.260752428022773],[-89.79078270853805,21.26074923755362],[-89.79078100670006,21.260658991491688],[-89.7909735531075,21.2606558007825],[-89.79097014918004,21.260475308676995],[-89.79106642225116,21.260473713233836],[-89.79106472022622,21.260383467189136],[-89.79125726615003,21.260380277027565],[-89.79125556399823,21.260290030989804],[-89.79135183693323,21.260288435367208],[-89.79135013471904,21.2601981893352],[-89.7915426804531,21.26019499791063],[-89.79154097811198,21.260104751885564],[-89.7917335236254,21.260101561125065],[-89.79173182115737,21.260011315106908],[-89.79192436661465,21.260008123202358],[-89.79192266401968,21.25991787719112],[-89.79221148191242,21.259913089787464],[-89.792209779126,21.259822843784256],[-89.7923060517151,21.259821247561696],[-89.79230434886637,21.259731001564248],[-89.79249689382631,21.259727809843806],[-89.79249519181509,21.259637563930468],[-89.79278400812072,21.25963277536969],[-89.79278230591798,21.25954252946434],[-89.79326366667425,21.259534547676793],[-89.79326196318625,21.259444301704733],[-89.79364705231268,21.25943791470811],[-89.79364534856855,21.25934766874528],[-89.79412670857589,21.259339684243262],[-89.79412500547554,21.259249438367934],[-89.79431754873814,21.25924624427994],[-89.79431584551087,21.25915599841152],[-89.79450838863504,21.259152804083527],[-89.79450668528092,21.25906255822208],[-89.79479550019732,21.25905776676982],[-89.79479379665163,21.25896752091646],[-89.79537142611734,21.25895793547922],[-89.7953697221864,21.25886768963736],[-89.79575480843195,21.258861299068794],[-89.79575310328028,21.25877105315904],[-89.7961381893131,21.258764660721717],[-89.7961364848698,21.258674414898337],[-89.79671411289819,21.258664825297533],[-89.79671240806958,21.258574579485682],[-89.79748257775285,21.258561790545333],[-89.79748087240968,21.258471544747337],[-89.7977696859504,21.258466747682295],[-89.79776798033349,21.25837650279651],[-89.79796052225927,21.258373304125445],[-89.79795881651543,21.25828305924659],[-89.7983438999988,21.25827666208636],[-89.7983421940811,21.25818641631264],[-89.79891981977322,21.25817681929111],[-89.79891811347022,21.25808657352889],[-89.79930319626285,21.25808017485904],[-89.79930148970372,21.257989929106007],[-89.799975384615,21.25797872824407],[-89.7999736765592,21.257888483330838],[-89.80055130077244,21.2578788810555],[-89.80054959337808,21.257788635326794],[-89.80083840429553,21.257783833297722],[-89.80083669670964,21.257693587577116],[-89.80102923750209,21.257690385949562],[-89.80102752970707,21.257600141139978],[-89.80189396209585,21.25758573078928],[-89.8018922537217,21.257495485994728],[-89.80198852444691,21.257493884585767],[-89.80198510765854,21.2573133941087],[-89.80265899782601,21.257302183161734],[-89.80265728894196,21.257211938390352],[-89.80371625754326,21.25719431553623],[-89.80371454795086,21.257104070782134],[-89.80409962665414,21.257097660870446],[-89.80409791785239,21.25700741529855],[-89.8044829961784,21.25700100532648],[-89.80448128615603,21.256910759686754],[-89.80486636418686,21.256904348750094],[-89.80486465487289,21.256814103196675],[-89.80505719326311,21.2568108973287],[-89.80505548374,21.256720652686372],[-89.80524802207398,21.256717445674244],[-89.805246312424,21.25662720103883],[-89.80553511963184,21.256622390973995],[-89.80553340979036,21.256532146346697],[-89.8063035635461,21.25651931821062],[-89.80630185230781,21.25642907261601],[-89.80687946665829,21.25641944893823],[-89.806877755917,21.25632920433643],[-89.80735910094253,21.256321183409863],[-89.80735738891605,21.25623093874139],[-89.80754992737614,21.256227729814476],[-89.80754821522277,21.256137485152916],[-89.8083183654787,21.256124647704556],[-89.8083166538575,21.256034402229798],[-89.80879799669509,21.25602637760467],[-89.80879628467095,21.255936133044493],[-89.80937389567836,21.25592650077898],[-89.80937218326898,21.255836256230417],[-89.80985352533408,21.255828228285267],[-89.80985181260402,21.255737983747093],[-89.8103331542887,21.255729954293436],[-89.81033144123793,21.255639709765678],[-89.81081278254207,21.255631678803475],[-89.81081106917063,21.25554143428617],[-89.81129240912982,21.25553340173836],[-89.81129069543769,21.255443157231465],[-89.81196457206693,21.2554319105022],[-89.81196285792491,21.255341666008093],[-89.81302180404639,21.25532398643833],[-89.81302009016059,21.255233742038598],[-89.814367837942,21.255211231053085],[-89.81436612218958,21.255120986597248],[-89.81503999493552,21.255109727074036],[-89.81503827873327,21.255019482630956],[-89.81561588406171,21.255009830343973],[-89.81561759976915,21.255100073798996],[-89.81571386748642,21.255098465486924],[-89.81572073332698,21.25545944138771],[-89.81581700138244,21.255457832106323],[-89.81584103430151,21.25672125024882],[-89.81593730229466,21.256719640813554],[-89.81593901920415,21.256809884429845],[-89.81632409325857,21.25680344713646],[-89.81632237617278,21.25671320262068],[-89.81641864503668,21.256711593863653],[-89.81641692788853,21.256621349353647],[-89.81632065900716,21.256622959013647],[-89.8163189419259,21.25653271450712],[-89.81622267407128,21.256534324182375],[-89.81622095697487,21.256444080583446],[-89.81612468918254,21.25644569019694],[-89.81611953826513,21.256174957616064],[-89.81602327066427,21.25617656716548],[-89.81600953643986,21.255454614188814],[-89.815913268389,21.255456223591416],[-89.81591155256066,21.255365979217316],[-89.81600781958244,21.255364369738885],[-89.8160026699063,21.255093637397867],[-89.81609893761434,21.255092028843507],[-89.81609722070154,21.255001784413178],[-89.81619348842483,21.255000174895237],[-89.81619177144972,21.254909930470745],[-89.81638430571356,21.254906712082654],[-89.816382589576,21.25481646774204],[-89.81696019200675,21.25480681022694],[-89.8169584754018,21.25471656680208],[-89.81753607736192,21.254706907113338],[-89.81753436045388,21.254616662795943],[-89.81849702942014,21.254600559987388],[-89.81849531186843,21.25451031568628],[-89.81945797995809,21.25449420683212],[-89.81945626071612,21.254403963374397],[-89.82003386107158,21.254394295161408],[-89.82003214249096,21.254304050888166],[-89.82051347512866,21.254295993701785],[-89.82051175526288,21.25420574936202],[-89.820993087602,21.25419768976302],[-89.82099136829794,21.25410744641478],[-89.82137643420585,21.254100998223233],[-89.82137471376332,21.254010753903245],[-89.82156724653318,21.254007529898402],[-89.82156552692817,21.25391728566227],[-89.82195059129948,21.253910835949362],[-89.82194887135631,21.253820592626656],[-89.82204513711717,21.253818980254966],[-89.82204685808937,21.25390922365342],[-89.82252818822828,21.253901160053374],[-89.8225264678976,21.253810916737645],[-89.82358539404463,21.253793171742384],[-89.82358367300566,21.253702928444103],[-89.82387247101619,21.253698087234458],[-89.82387074978574,21.253607843944295],[-89.82415954653511,21.253603003020203],[-89.82415610377575,21.253422515556625],[-89.82444490108114,21.253417674171317],[-89.82444317947014,21.253327430902083],[-89.82492450730032,21.25331936066965],[-89.82492278536866,21.25322911741085],[-89.82501905067025,21.253227503168407],[-89.82501732867624,21.253137259915416],[-89.82607624805993,21.253119499417842],[-89.8260745253577,21.253029256182252],[-89.82636332070278,21.253024412003853],[-89.82636504359876,21.253114655235947],[-89.82646130880109,21.25311304008611],[-89.82645958584052,21.253022796855202],[-89.82799982844821,21.252996949028454],[-89.82799810445647,21.252906705820916],[-89.82828689946894,21.25290185801176],[-89.82828517625013,21.25281161488923],[-89.82963288421894,21.252788983908655],[-89.82963115913367,21.252698740730185],[-89.8307863359896,21.25267933472161],[-89.8307846101316,21.252589091561827],[-89.8320360494954,21.25256805991944],[-89.83203432280001,21.252477816779482],[-89.83232311666355,21.252472962256565],[-89.83232138977668,21.25238271912475],[-89.83270644697882,21.25237624580879],[-89.83270472080032,21.252286002763153],[-89.83318604126599,21.2522779090254],[-89.83318431468493,21.25218766689435],[-89.83347310691919,21.252182810124612],[-89.83347138022864,21.252092567097577],[-89.83385643654441,21.25208609088827],[-89.8338547086333,21.251995847793676],[-89.83414350043138,21.25199098975895],[-89.83414177321126,21.251900747653515],[-89.8344305647947,21.251895889077208],[-89.83442883746517,21.251805646075773],[-89.83481389194856,21.25179916738083],[-89.834812164281,21.2517089252928],[-89.83519721943335,21.251702445710272],[-89.83519549062729,21.251612202650662],[-89.83567680836676,21.251604102888116],[-89.83567508020454,21.251513859915768],[-89.83644518814319,21.25150089717077],[-89.83644345946657,21.251410654212478],[-89.83692477544481,21.251402550447683],[-89.83692304644754,21.251312307499877],[-89.83721183658442,21.25130744457922],[-89.83721010731371,21.25121720254364],[-89.83759515989576,21.251210717754912],[-89.83759343036893,21.251120475728673],[-89.83807474523906,21.251112368347354],[-89.83807301643812,21.25102212550432],[-89.8384580673734,21.251015639371758],[-89.83845979747916,21.251105881382813],[-89.83932616423738,21.251091283939115],[-89.83932443363223,21.25100104103445],[-89.8397094844468,21.25099455175231],[-89.83970775446812,21.250904309837978],[-89.84163300757378,21.25087184989513],[-89.84163127542307,21.250781607027914],[-89.8447116705471,21.250729625216003],[-89.84471340484663,21.250819867141505],[-89.84500219155079,21.25081499117126],[-89.84500045705757,21.250724749249326],[-89.84509671919572,21.25072312410733],[-89.84509498560465,21.250632882268018],[-89.84519124775781,21.250631256162457],[-89.84518084394392,21.250089805077025],[-89.84508458217822,21.250091431175537],[-89.84506724372383,21.24918901218022],[-89.84516350484364,21.249187386093485],[-89.84515656942877,21.24882641900689],[-89.84525283020596,21.24882479376847],[-89.84525109653458,21.24873455202879],[-89.84534735732673,21.2487329258268],[-89.8453438888974,21.2485524422869],[-89.84544015044057,21.248550817007683],[-89.84543321439774,21.248189849160866],[-89.8451444323833,21.248194725860536],[-89.84514616597603,21.248284967573586],[-89.84504990558412,21.248286592744382],[-89.84505163911467,21.248376834463258],[-89.8449553785739,21.248378460478826],[-89.84495884647721,21.248558944009556],[-89.84486258588687,21.248560569062803],[-89.84486431929524,21.24865081079792],[-89.84476805855599,21.248652436695863],[-89.84477845954997,21.249193888191872],[-89.84468219850285,21.2491955131322],[-89.84467873191888,21.24901502960627],[-89.84458247003417,21.249016654406862],[-89.84457900358866,21.24883617089713],[-89.84448274279524,21.248837795711616],[-89.84447580834359,21.24847682768535],[-89.84437954780613,21.248478452434583],[-89.84437781472535,21.248388210702867],[-89.84428155425022,21.248389835390327],[-89.84427635425122,21.248119110142742],[-89.84418009396747,21.248120734766044],[-89.84417662720274,21.247940250358766],[-89.84408036696388,21.247941875823386],[-89.84407863417285,21.247851633211827],[-89.84398237303178,21.24785325853788],[-89.84397890750384,21.247672774230498],[-89.84388264753603,21.24767439866632],[-89.84387918110016,21.24749391520249],[-89.8437829212592,21.247495539575358],[-89.8437811877091,21.2474052969067],[-89.84368492784844,21.247406922121968],[-89.84367972917073,21.247136196102197],[-89.84358346958354,21.247137820349234],[-89.84358173713629,21.247047577773593],[-89.84338921703761,21.247050826911014],[-89.84338748463992,21.24696058524177],[-89.84290618528073,21.24696870570166],[-89.84290791735549,21.247058947376754],[-89.84213783685686,21.247071938176745],[-89.84213956938163,21.247162179942723],[-89.8417545287772,21.247168674345907],[-89.84175626008157,21.24725891604436],[-89.84108243804093,21.24727027843581],[-89.84106166468325,21.246187371625947],[-89.841831741184,21.24617438632654],[-89.84183866729002,21.246535355728483],[-89.8419349265489,21.24653373167568],[-89.84194012160825,21.246804458565535],[-89.84232516107875,21.246797964600724],[-89.84232342948043,21.24670772202841],[-89.84270846865539,21.24670122709923],[-89.84270327205296,21.246430500251492],[-89.84260701287725,21.246432124787592],[-89.84260528013002,21.24634188216053],[-89.84250902109852,21.246343505730813],[-89.84250555662278,21.246163021469208],[-89.84269807635403,21.246159774426452],[-89.84268768317192,21.24561832184403],[-89.84259142465942,21.245619945465492],[-89.84258622833444,21.245349218781403],[-89.84268248761762,21.2453475952403],[-89.8426790229347,21.245167111085596],[-89.84277528208638,21.245165487486286],[-89.84277181824797,21.24498500342935],[-89.84296433540361,21.244981755072736],[-89.84296260331774,21.244891513505628],[-89.84305886130426,21.244889889651315],[-89.84305366503082,21.244619163173184],[-89.8431499237857,21.24461753933865],[-89.84314819166191,21.244527296888368],[-89.84324444938544,21.244525672917586],[-89.8432392527524,21.244254946502277],[-89.84333551124429,21.244253322551284],[-89.84333377891869,21.24416308102606],[-89.84343003637923,21.244161456938933],[-89.8434248393866,21.243890730586372],[-89.8435210976155,21.24388910651897],[-89.8435176328908,21.2437086217068],[-89.84361389090624,21.24370699848532],[-89.84361042606166,21.243526513694086],[-89.84370668306322,21.243524889433413],[-89.84370321801683,21.243344405567274],[-89.84379947585126,21.243342781325225],[-89.84379601068498,21.243162297480033],[-89.84389226838798,21.24316067317978],[-89.8438888031838,21.242980188451366],[-89.8439850606733,21.24297856499704],[-89.84398332801011,21.24288832264102],[-89.8441758420525,21.24288507366788],[-89.84417410926247,21.24279483131882],[-89.84436662308437,21.24279158300992],[-89.84436489113193,21.242701340744674],[-89.84532746066648,21.242685092942402],[-89.84532572710611,21.242594850616758],[-89.84542198430239,21.242593226258595],[-89.84542371704487,21.24268346760212],[-89.84561623164153,21.242680217797673],[-89.84561449788742,21.242589975475582],[-89.84571075419429,21.242588349954808],[-89.84570555363466,21.242317624000865],[-89.84589806673631,21.242314373765602],[-89.8459015347023,21.242494857475368],[-89.84599779093762,21.24249323177409],[-89.84599605781226,21.24240299044692],[-89.84609231398068,21.242401364686287],[-89.8460888467254,21.242220881067322],[-89.84618510276223,21.2422192552484],[-89.84617990117988,21.241948530272055],[-89.84627615798516,21.241946904472936],[-89.84628309395805,21.24230787174099],[-89.84637934997298,21.24230624670398],[-89.84637761667592,21.242216004486675],[-89.84666638564103,21.242211127284143],[-89.84666812009623,21.242301369574715],[-89.84676437618376,21.242299743391303],[-89.84676784531219,21.2424802270799],[-89.84657533199413,21.242483478409984],[-89.8465770654273,21.242573720638887],[-89.84638455197076,21.24257697172912],[-89.84638628624147,21.2426672140418],[-89.84629002900387,21.242668839006743],[-89.84629523171833,21.242939565072202],[-89.84619897420274,21.242941190884263],[-89.84620070843557,21.243031432313792],[-89.84591193672736,21.24303630856272],[-89.84591367068685,21.24312655090458],[-89.84562489876394,21.24313142661201],[-89.84562663253202,21.243221668962004],[-89.8455303757708,21.24322329443043],[-89.84553210955856,21.24331353588217],[-89.84524333713829,21.24331841177396],[-89.84524160362622,21.243228169414593],[-89.84485657460125,21.243234669802256],[-89.84485830793693,21.243324911262214],[-89.8447620501281,21.24332653617046],[-89.84476378331958,21.243416778540382],[-89.8446675255257,21.243418402485098],[-89.84466925865492,21.243508644860846],[-89.8445730016767,21.243510269727143],[-89.8445747348256,21.24360051120456],[-89.84447847681604,21.243602135934662],[-89.84448020982067,21.243692378322045],[-89.84428769462983,21.243695627679685],[-89.84428942758963,21.243785869169916],[-89.84409691226026,21.243789118287705],[-89.84409864404685,21.243879360612233],[-89.84400238679633,21.24388098511988],[-89.84400411956705,21.243971226622875],[-89.84390786128517,21.243972850994293],[-89.84390959391169,21.244063093407323],[-89.84381333652729,21.24406471779613],[-89.84381680174006,21.24424520173433],[-89.84372054325979,21.244246825988135],[-89.84372227576411,21.24433706841742],[-89.84362601818133,21.244338692688668],[-89.84363468057875,21.244789903102493],[-89.8437309384844,21.244788278825443],[-89.84373786969972,21.24514924695063],[-89.84364161057127,21.245150871155595],[-89.84365200659431,21.2456923234514],[-89.84374826514586,21.245690699162566],[-89.84374999776934,21.245780940762067],[-89.84384625734754,21.245779316488317],[-89.84384799003793,21.24586955809131],[-89.84394424871394,21.245867933678973],[-89.84394598138931,21.24595817618956],[-89.84404224109203,21.245956551792325],[-89.84404397391623,21.24604679340226],[-89.84414023271677,21.246045168866463],[-89.84414196560789,21.24613541047984],[-89.84423822543512,21.24613378595912],[-89.84423995831122,21.24622402848013],[-89.84433621723635,21.24622240382084],[-89.84433968425293,21.246402887143002],[-89.84443594330482,21.246401262420775],[-89.84443767631706,21.246491504953344],[-89.84453393647762,21.246489879342093],[-89.84453566955678,21.24658012187814],[-89.84463192873326,21.246578497032477],[-89.84463539519152,21.246758980307877],[-89.84473165545933,21.246757355476074],[-89.84473338867461,21.24684759802369],[-89.84482964812209,21.24684597214923],[-89.8448417824386,21.24747766656463],[-89.84493804233583,21.247476040621365],[-89.84493630889314,21.24738579894774],[-89.8451288293521,21.24738254876696],[-89.84512709578256,21.247292307100317],[-89.84522335554365,21.247290680977656],[-89.84522162191183,21.247200439316877],[-89.84541414113404,21.247197188700557],[-89.845410673701,21.247016704493436],[-89.84550693317948,21.247015079096762],[-89.84550519936089,21.24692483745343],[-89.845697719146,21.246921586557566],[-89.84569598520065,21.24683134492117],[-89.84588850388282,21.24682809370862],[-89.84588676989247,21.246737851175116],[-89.84607928940069,21.24673459979942],[-89.84607755423713,21.246644358100223],[-89.84646259200282,21.24663785455001],[-89.8464591230949,21.24645737132854],[-89.84665164218758,21.246454119233128],[-89.84664990768994,21.246363876727578],[-89.84684242567968,21.246360624315418],[-89.84684069097321,21.24627038272104],[-89.847033209789,21.246267130145778],[-89.84703147495567,21.24617688855833],[-89.84722399266853,21.24617363566639],[-89.84722225770837,21.246083394085932],[-89.84731851746112,21.246081767627082],[-89.8473167824387,21.245991526052496],[-89.84750929987923,21.24598827280182],[-89.84750756473,21.245898031234205],[-89.84760382338213,21.24589640451923],[-89.84760208913507,21.245806163034242],[-89.84779460630328,21.24580290942487],[-89.84779287096492,21.24571266787009],[-89.84817790589763,21.245706160910245],[-89.84817617030325,21.24561591936478],[-89.84846494658709,21.24561103785358],[-89.84846321080128,21.24552079631631],[-89.84865572745812,21.24551754252798],[-89.84865399162743,21.245427300093557],[-89.84875025081125,21.24542567363861],[-89.84875198582402,21.2455159150909],[-89.84884824418756,21.245514287593284],[-89.8488465091102,21.245424046142105],[-89.84894276740683,21.24542241858506],[-89.84894450351322,21.245512660111814],[-89.84923327850103,21.245507777977924],[-89.84923154220094,21.24541753645473],[-89.84932780048824,21.245415908655424],[-89.8493260650903,21.24532566721481],[-89.84961483966264,21.245320784361148],[-89.84961310310881,21.245230542851967],[-89.8498056202867,21.24522728769392],[-89.84980388360604,21.245137046191687],[-89.8502851738169,21.245128906598477],[-89.850283437862,21.245038664279438],[-89.8508609856014,21.245028895318505],[-89.85085924821499,21.244938653838517],[-89.85114802286486,21.24493376816864],[-89.85114628528703,21.24484352669685],[-89.8513388009092,21.24484026953336],[-89.85134053861621,21.244930511002792],[-89.85143679644742,21.24492888278111],[-89.85143505867582,21.244838641312832],[-89.8518200898829,21.24483212601678],[-89.85181835281966,21.244741884634603],[-89.85191461059199,21.244740255208306],[-89.85191287250218,21.244650013755177],[-89.85239416076003,21.2446418684334],[-89.85239242331404,21.244551627067597],[-89.85325874051826,21.24453696124501],[-89.85325700241148,21.24444672079861],[-89.85364203144347,21.24444020084169],[-89.85364029316256,21.244349959500518],[-89.85402532278137,21.244343439560183],[-89.85402358328011,21.24425319815163],[-89.85411984059391,21.24425156824236],[-89.85412157919538,21.244341809572994],[-89.85421783657144,21.244340179601995],[-89.8542160979054,21.24424993827252],[-89.85469738362711,21.24424178562976],[-89.85469564455862,21.244151545215008],[-89.85498441633217,21.24414665313298],[-89.85498267618975,21.24405641174551],[-89.85536770490283,21.24404988842767],[-89.85536596442249,21.24395964795371],[-89.85575099283994,21.243953123671595],[-89.85574925218546,21.243862882302796],[-89.8561342802253,21.243856357960517],[-89.85613253931483,21.243766116601137],[-89.85709510675824,21.24374980046009],[-89.85709336616873,21.243659559193866],[-89.85738213575208,21.243654663414635],[-89.8573803948893,21.243564423060743],[-89.85776542103092,21.24355789453753],[-89.85776367999395,21.243467653288853],[-89.85872624301008,21.243451328542157],[-89.85872450132968,21.243361087309957],[-89.85939829463234,21.24334965664786],[-89.85939655338481,21.24325941640945],[-89.85978157759065,21.24325288273629],[-89.8597798351227,21.243162642430544],[-89.86026111540482,21.243154474924786],[-89.86025937269814,21.24306423372546],[-89.86074065251714,21.243056065615722],[-89.8607389094898,21.242965824426896],[-89.8614126995942,21.242954385722452],[-89.86141095699983,21.24286414552745],[-89.8619884912862,21.242854338859953],[-89.86198674742401,21.24276409769582],[-89.86246802509926,21.24275592407639],[-89.86246628083475,21.242665683826967],[-89.86304381410989,21.242655874080693],[-89.86304206954205,21.242565632938867],[-89.86342709142032,21.24255909190143],[-89.8634253465147,21.24246885167315],[-89.86361785731064,21.242465580793436],[-89.86361611324254,21.24237534064884],[-89.86380862293552,21.242372069452546],[-89.86380687882249,21.242281828410825],[-89.86467317451434,21.242267106626578],[-89.864671428858,21.242176865523472],[-89.86505644849751,21.24217032121419],[-89.86505470346783,21.24208008110127],[-89.86534346824065,21.242075172030095],[-89.86534172310138,21.241984931021243],[-89.86572674215864,21.241978385025657],[-89.86572499571717,21.24188814485367],[-89.86620626994785,21.241879960381848],[-89.86620452318576,21.241789720220435],[-89.86649328721128,21.241784809883807],[-89.86649154130407,21.241694568903092],[-89.86678030415037,21.241689657948278],[-89.86677855805168,21.241599416975784],[-89.86706732164754,21.24159450555612],[-89.8670655752757,21.24150426549599],[-89.86735433777407,21.241499352554015],[-89.86735259121092,21.241409112502076],[-89.86764135341267,21.241404199922776],[-89.86763960665806,21.241313959879033],[-89.86812087767072,21.241305770213966],[-89.86811913059563,21.241215530180842],[-89.86831163843661,21.24121225422426],[-89.8683098912347,21.241122014198137],[-89.86850239893718,21.24111873800166],[-89.86850065160844,21.241028497982615],[-89.8686931601368,21.2410252216229],[-89.86869141276297,21.24093498070668],[-89.86878766647688,21.240933342398826],[-89.8687859189591,21.240843102392617],[-89.86897842625064,21.240839825597657],[-89.86897667860599,21.240749585598465],[-89.8690729321837,21.24074794711129],[-89.8690711844769,21.240657707117954],[-89.86926369149604,21.240654429964327],[-89.86926194366242,21.240564189978002],[-89.86945445150745,21.2405609126612],[-89.86945270354697,21.240470672681894],[-89.8697414636566,21.240465756140978],[-89.86973971550479,21.240375516169863],[-89.86993222202186,21.24037223907966],[-89.86993047374325,21.240281999115613],[-89.87021923439455,21.240277081750044],[-89.87021748592456,21.2401868417942],[-89.87040999224162,21.240183563198997],[-89.8704082436448,21.240093323250175],[-89.87060074982334,21.240090044415002],[-89.87059900109972,21.239999804473246],[-89.87079150705794,21.239996526302413],[-89.87078975917186,21.239906286444327],[-89.87088601212379,21.23990464681716],[-89.87088426321112,21.23981440688819],[-89.87107676897872,21.239811127454622],[-89.87107501993918,21.239720887532734],[-89.87126752548656,21.239717608763385],[-89.87126577728463,21.23962736892518],[-89.87203579902688,21.23961424962657],[-89.87203404934634,21.239524009725844],[-89.87222655458838,21.239520729750065],[-89.87222480478098,21.239430489856375],[-89.87241730988453,21.2394272096407],[-89.87241556091473,21.23933696983065],[-89.87280057091705,21.23933040777318],[-89.87279882072689,21.23924016789593],[-89.8729913255439,21.23923688695825],[-89.87298957522698,21.239146647088056],[-89.87318207990545,21.239143365910497],[-89.87318033042615,21.239053126123984],[-89.87337283496606,21.239049844706557],[-89.87337108439556,21.238959604850415],[-89.87365984095318,21.238954682725748],[-89.8736580901913,21.23886444287781],[-89.87368722804871,21.238863946072197],[-89.87380794240835,21.245086435655864],[-89.87332934501798,21.24527321471434]]]}},{"type":"Feature","id":"S13-52f26011f0-111146","properties":{"record_id":"S13-52f26011f0-111146","source_id":"S13","source_row":111146,"source_hash":"52f26011f06ea7cd825e2728b8da25c38b6072684a0544f698c01d8775f9353e","theme":"water","status":"DERIVADO","origin":"OFICIAL","name":"Cuerpos de agua","date":"2020","clipped":true,"simplification_m":2,"fid_1":111147,"Clase":8,"Descrip":"Cuerpos de agua","Fecha":2020},"geometry":{"type":"Polygon","coordinates":[[[-89.59592583677728,21.297812342632273],[-89.59592425071102,21.29772208230974],[-89.59679106527673,21.297708703080154],[-89.59678947863064,21.297618442771846],[-89.59736735385297,21.297609520813406],[-89.59736576778572,21.297519260594427],[-89.59746207962145,21.297517773187362],[-89.59746049252699,21.29742751289558],[-89.59774943063792,21.297423051453123],[-89.59775101696168,21.297513311663245],[-89.59784732975355,21.297511824092144],[-89.59784574240045,21.297421563804694],[-89.59851992941853,21.297411149864377],[-89.59851834153125,21.297320890492973],[-89.59967408806264,21.297303032166155],[-89.59967250036625,21.29721277289057],[-89.59996143601275,21.297208307115515],[-89.59995984820819,21.297118046943638],[-89.60044140851129,21.29711060318422],[-89.60043981942091,21.297020342943863],[-89.60063244318825,21.297017365183105],[-89.60063085388707,21.296927105853467],[-89.60111241346895,21.296919659983402],[-89.60111082489482,21.29682939983795],[-89.60178500659286,21.29681897316847],[-89.60178341748471,21.296728713939164],[-89.60255390974737,21.29671679460038],[-89.602552320124,21.29662653538416],[-89.60322650060905,21.29661610326957],[-89.60322490965419,21.296525843083025],[-89.6034175325675,21.296522862721588],[-89.60341594245014,21.29643260262004],[-89.60418643278685,21.29642067596798],[-89.60418484207077,21.296330416783647],[-89.60543688673488,21.296311029341172],[-89.60543529526394,21.296220769271294],[-89.60601316067385,21.296211818053983],[-89.60601156873346,21.296121558899124],[-89.60649312399899,21.29611409783064],[-89.60649153077287,21.296023838607425],[-89.60697308566161,21.29601637602905],[-89.60697149307897,21.295926116894012],[-89.60706780358305,21.29592462434704],[-89.60707895207551,21.296556439283908],[-89.6071752639947,21.296554946747097],[-89.60719597137386,21.297728318203916],[-89.60738859504124,21.297725331859816],[-89.60736629304334,21.29646170217716],[-89.60746260392683,21.296460209381355],[-89.60745145372248,21.295828393602275],[-89.60764407457786,21.29582540784386],[-89.60764248154686,21.295735148725445],[-89.60773879190668,21.295733655756365],[-89.6077403850023,21.29582391487371],[-89.60822193805717,21.29581644919219],[-89.60822034463828,21.295726190080217],[-89.60879820765267,21.295717229252993],[-89.60879661384791,21.295626970151982],[-89.6094707865704,21.29561651399438],[-89.60946919231516,21.295526254905468],[-89.60995074324293,21.295518783706832],[-89.60994914866657,21.295428524627827],[-89.61004545878106,21.295427030207406],[-89.61004386510685,21.295336771212273],[-89.61042910520113,21.295330793832633],[-89.61042751030584,21.295240534768105],[-89.61100537003674,21.295231566434794],[-89.61100377475563,21.295141307381233],[-89.61148532509998,21.295133832337704],[-89.61148372949773,21.295043573294095],[-89.61206158822789,21.29503460187751],[-89.61205999223978,21.29494434284491],[-89.61254154077156,21.294936865304393],[-89.61253994446231,21.29484660628169],[-89.61311780227514,21.294837630877797],[-89.61311620558017,21.294747371866134],[-89.61359775334742,21.294739891002884],[-89.6135961562478,21.29464963290519],[-89.61417401314323,21.294640653514033],[-89.61417241574125,21.2945503945233],[-89.61475027103991,21.29454141468652],[-89.61474867421681,21.294451155785048],[-89.61542283839812,21.29444067596897],[-89.61542124015992,21.29435041700134],[-89.61609540378348,21.29433993422294],[-89.61609380509489,21.29424967526746],[-89.61686427621541,21.294237692545824],[-89.61686267797631,21.294147433681747],[-89.61753683942115,21.29413694538032],[-89.61753524073163,21.294046686528333],[-89.61820940153515,21.294036196168694],[-89.61820780239526,21.293945937328864],[-89.61897827053795,21.293933944791775],[-89.61897667088289,21.293843685965086],[-89.61965082950753,21.293833190082502],[-89.61964922940213,21.293742931267914],[-89.62041969520433,21.293730932300974],[-89.62041809458374,21.293640673499556],[-89.6211885597312,21.29362867066234],[-89.62118695947672,21.293538412856396],[-89.62176480785898,21.293529408189382],[-89.62176320625414,21.29343915031629],[-89.62224474570799,21.293431644726724],[-89.62224314378196,21.293341386863535],[-89.62272468285877,21.293333879764177],[-89.62272308061169,21.29324362191099],[-89.62368615875505,21.293228605063803],[-89.62368455586359,21.29313834722597],[-89.6243587085697,21.293127831355402],[-89.62435710619248,21.293037573607922],[-89.62493495107749,21.293028558702908],[-89.62493334734984,21.29293830088824],[-89.62502965446477,21.292936797865632],[-89.6250280516392,21.292846540134715],[-89.625509587656,21.292839026004252],[-89.62550798459277,21.29274876737927],[-89.62627844190956,21.292736742382118],[-89.62627683736659,21.29264648369215],[-89.62704729402829,21.292634454824775],[-89.62704568985147,21.292544197130304],[-89.62781614489336,21.292532164314483],[-89.62781454020148,21.292441906633233],[-89.62858499450476,21.29242987085133],[-89.62858338929783,21.29233961318327],[-89.62925753543463,21.29232907829246],[-89.62925592977729,21.292238820636516],[-89.62964115577557,21.292232800015604],[-89.62963954986178,21.292142542368577],[-89.62983216267698,21.292139532148735],[-89.62983055671944,21.292049273604356],[-89.62992686305915,21.29204776840459],[-89.62992525695572,21.29195751076987],[-89.63021417585135,21.291952993906147],[-89.63021256955612,21.291862736279224],[-89.63088671300659,21.291852196022333],[-89.63088510626095,21.291761938407557],[-89.63165555526001,21.29174988890104],[-89.6316539479994,21.29165963129952],[-89.6323280903181,21.291649084694086],[-89.632326482607,21.291558827104733],[-89.63309692926452,21.291546771168758],[-89.63309532103845,21.291456513592625],[-89.63376946117725,21.291445961464646],[-89.63376785250071,21.291355703900713],[-89.63453829778122,21.291343641613423],[-89.6345366885897,21.291253384062674],[-89.6349219113601,21.291247351959964],[-89.63492030191208,21.29115709441814],[-89.6350166075555,21.291155586016],[-89.63501499804495,21.29106532847978],[-89.63511130362156,21.291063820018152],[-89.63510969396518,21.29097356339157],[-89.63559122044445,21.290966021005662],[-89.63558961055035,21.290875763485072],[-89.63636005186837,21.290863692855137],[-89.63635844242388,21.29077343542598],[-89.63712888308622,21.290761360925956],[-89.63712727207869,21.290671104335928],[-89.6378977111208,21.290659025887788],[-89.6378961005629,21.290568769389125],[-89.638666538866,21.290556687975002],[-89.63866492779304,21.290466431489627],[-89.63943536447579,21.290454346127387],[-89.63943375288781,21.290364089655235],[-89.64039679876029,21.290348978717034],[-89.64039518556342,21.29025872218226],[-89.64145453435808,21.290242094471548],[-89.64145292150013,21.29015183712733],[-89.64251226827359,21.290135202921384],[-89.64251065374211,21.290044945515632],[-89.64347369480261,21.29002981777256],[-89.64347208050806,21.289939561364378],[-89.64414620786384,21.289928968645057],[-89.64414459320223,21.28983871134502],[-89.64510763155317,21.28982357414696],[-89.64510601616395,21.289733317766466],[-89.64597275012697,21.28971968995345],[-89.64597113415807,21.289629433587347],[-89.64626004428142,21.289624889817333],[-89.64625842812075,21.28953463345901],[-89.64876231696587,21.289495234324047],[-89.64876070009119,21.289404978076803],[-89.65357585120547,21.2893291064657],[-89.65357423110059,21.289238850277755],[-89.65492246844845,21.289217582193796],[-89.65492084744072,21.289127326025753],[-89.65626908240884,21.289106046904976],[-89.65626746041501,21.28901579166089],[-89.6580972046703,21.288986895072753],[-89.6580955804857,21.28889663977604],[-89.66031052896446,21.288861633742613],[-89.66030890425986,21.288771378553783],[-89.66310165673026,21.288727199225637],[-89.66310003015315,21.288636944073186],[-89.66483345784633,21.288609499784446],[-89.66483508558711,21.288699754917065],[-89.66473878413552,21.288701280430356],[-89.66475342946022,21.28951357652642],[-89.66484973141044,21.28951205190731],[-89.66487414422035,21.290865879742658],[-89.66497044722126,21.290864354142325],[-89.66499323569771,21.292127926021244],[-89.66508953855357,21.292126401171018],[-89.66511070142765,21.29329971773069],[-89.66520700616968,21.29329819197944],[-89.66522817033687,21.294471508386447],[-89.66532447591715,21.29446998256027],[-89.66534727051202,21.295733554373946],[-89.66544357603051,21.295732028393772],[-89.66546311744358,21.29681508924712],[-89.6655594237357,21.296813563193155],[-89.66557733797106,21.297806368192187],[-89.6656736449721,21.297804842065496],[-89.66568993166196,21.29870739287111],[-89.6657862403553,21.2987058658467],[-89.66580415756621,21.29969867103919],[-89.66590046592059,21.299697144768146],[-89.66591838515531,21.30068994966878],[-89.6660146942187,21.30068842332498],[-89.66603098572723,21.301590972986084],[-89.66612729543506,21.301589446570727],[-89.66614521772865,21.30258225075902],[-89.66624152814552,21.302580724270904],[-89.66625130470463,21.303122254072772],[-89.66605868300974,21.303125307905674],[-89.6660668291568,21.303576581932465],[-89.6661631402871,21.303575055492804],[-89.6661794352382,21.304477604933197],[-89.66627574709598,21.304476077517855],[-89.66628389501852,21.304927351949406],[-89.66618758283741,21.304928879370244],[-89.6662055090823,21.305921683817818],[-89.66630182100992,21.30592015630691],[-89.6663262674796,21.30727398027095],[-89.66642258133972,21.30727245276086],[-89.66643562037625,21.307994491840095],[-89.66653193475145,21.30799296426057],[-89.66654986516308,21.30898576771945],[-89.66664618024741,21.30898424006717],[-89.66666574296013,21.310067298591626],[-89.66676205785342,21.31006577078758],[-89.66678162278858,21.311148828215075],[-89.66687793942043,21.31114730041513],[-89.66689750544694,21.312230358475524],[-89.66699382188776,21.312228830523807],[-89.66701176046867,21.31322163295],[-89.66710807761855,21.313220104925563],[-89.66712764798069,21.314303161640417],[-89.66722396590448,21.31430163354214],[-89.66724353832282,21.3153846909667],[-89.66733985710357,21.315383161890423],[-89.66735943166152,21.31646621912021],[-89.66745575025125,21.31646468989221],[-89.66747369595414,21.317457492106467],[-89.66757001516986,21.31745596370978],[-89.66758633085132,21.318358510684902],[-89.66768265079469,21.318356981312558],[-89.66770059955768,21.319349782804935],[-89.66779692012709,21.319348254263886],[-89.6678132386934,21.32025080042497],[-89.6679095599905,21.320249270908175],[-89.66792914412405,21.32133232675903],[-89.66802546611186,21.321330798072477],[-89.66804668390675,21.322504107882793],[-89.6681430068163,21.322502578217186],[-89.66816585945243,21.32376614223605],[-89.66826218318204,21.323764613398534],[-89.66828340560731,21.32493792218823],[-89.66837973025866,21.32493639237167],[-89.66840095389541,21.326109701899558],[-89.66849728035032,21.326108172085913],[-89.66851034204447,21.326830208336442],[-89.66860666804966,21.326828678375467],[-89.6686229973217,21.327731223045177],[-89.66871932397149,21.327729693012557],[-89.6687340220509,21.328541983663452],[-89.6688303492806,21.328540453560258],[-89.66884668131112,21.329442998226313],[-89.66894300822047,21.32944146797354],[-89.66895934208206,21.33034401315064],[-89.66905567068413,21.330342482000056],[-89.66907527214762,21.331425535126748],[-89.66917160144052,21.331424004806443],[-89.66918957158435,21.332416803919944],[-89.66928590166972,21.332415272622697],[-89.66930550730436,21.33349832619895],[-89.66940183719876,21.33349679474992],[-89.66942144505697,21.334579847220773],[-89.6695177766072,21.33457831667997],[-89.6695373856408,21.335661368871246],[-89.66963371804822,21.335659837352438],[-89.66965332922233,21.336742889341718],[-89.66974966135561,21.336741358575242],[-89.66976927467029,21.337824410362074],[-89.6698656086258,21.33782287869553],[-89.6698852240811,21.338905930279584],[-89.66998155776248,21.338904399365312],[-89.6700028094555,21.340077704922788],[-89.67009914405888,21.340076173029516],[-89.67011876382185,21.341159224259762],[-89.67021509919924,21.34115769229261],[-89.67023635538439,21.34233099760359],[-89.67033269160056,21.342329465561413],[-89.67035231575468,21.34341251553209],[-89.6704486517799,21.34341098333813],[-89.67046664151496,21.344403780368026],[-89.6705629792979,21.344402247275145],[-89.67057933554345,21.345304789490445],[-89.67067567292284,21.34530325715206],[-89.67068548756652,21.345844782536336],[-89.6707818263801,21.34584324930451],[-89.67078346203782,21.34593350383791],[-89.67087979986572,21.345931971370508],[-89.67088143567351,21.34602222500311],[-89.67097777452898,21.34602069255193],[-89.67097941032047,21.34611094709194],[-89.67107574923838,21.346109414579015],[-89.67107738518,21.346199668218212],[-89.6711737231954,21.346198135565633],[-89.67117475706506,21.346255184174055],[-89.67045240628606,21.34624161956423],[-89.66842718285262,21.346273820080935],[-89.66779322601633,21.34622458604614],[-89.66572192148313,21.336708834681833],[-89.66474057143787,21.33144595322147],[-89.6636703384513,21.32476106195322],[-89.66359528271374,21.32410985730542],[-89.6634659465894,21.323619250996675],[-89.66146149926037,21.305954379744026],[-89.66146168329767,21.305503548271584],[-89.66130858480577,21.304104481334182],[-89.66130851281217,21.3033132182219],[-89.66137607996632,21.30294866684808],[-89.6603740788973,21.293824598796196],[-89.65737595230001,21.294009156231535],[-89.6534674115369,21.294344309544396],[-89.64729092767347,21.29463817457722],[-89.6469505170592,21.29469373925235],[-89.64641087487227,21.29472293400646],[-89.64589569496145,21.294803062265345],[-89.64564725582069,21.294888837279025],[-89.64515400469868,21.294994646436734],[-89.64432252689372,21.29513228123498],[-89.6423931923755,21.295318802406484],[-89.63837773594825,21.295837329959454],[-89.63759153174476,21.295958102152486],[-89.63673476266239,21.296264425529102],[-89.63622251865372,21.29636525323014],[-89.63429416558802,21.296672436710686],[-89.63214894633592,21.29693356397764],[-89.62888098901958,21.297644476601846],[-89.62490086895936,21.298199680298975],[-89.62425521003956,21.29824525175477],[-89.62255256361398,21.29858083627937],[-89.62159372993041,21.298676146835547],[-89.62081557573146,21.298814566210428],[-89.61910519189742,21.298996923888676],[-89.6175809075284,21.299400431256412],[-89.61591890488087,21.299716470854264],[-89.6131502196937,21.300176098682204],[-89.6125125235612,21.300240484341558],[-89.61109687198139,21.300467164358583],[-89.61048653783249,21.300524654052744],[-89.61028693631029,21.3006336932395],[-89.60949402367949,21.300905206223096],[-89.60597241817653,21.301623524825917],[-89.6031027763621,21.302044040368926],[-89.60015282104341,21.302544509322754],[-89.59660420140658,21.30297579039533],[-89.595742004224,21.303055763841403],[-89.59564993669058,21.297816600367355],[-89.59592583677728,21.297812342632273]]]}}]}